time,value
0.0,0.9089926860185764
0.002,0.8797174778139942
0.004,0.8663436501085022
0.006,1.2489365312091927
0.008,1.4159696005768851
0.01,1.4794232364638888
0.012,1.4980755142351927
0.014,1.4999089408650674
0.016,1.4967223201777544
0.018000000000000002,1.4928094390507778
0.020000000000000004,1.4893494269131298
0.022000000000000006,1.4864608983401277
0.024000000000000007,1.483995781595866
0.02600000000000001,1.481793350703727
0.02800000000000001,1.4797360909995507
0.030000000000000013,1.4777568036273612
0.032000000000000015,1.4758280014244582
0.034000000000000016,1.4739362496636692
0.03600000000000002,1.4720730223951795
0.03800000000000002,1.470236504157629
0.04000000000000002,1.4684270432608642
0.04200000000000002,1.4666476514617464
0.044000000000000025,1.4648973564205745
0.04600000000000003,1.463176863471158
0.04800000000000003,1.4614846971434332
0.05000000000000003,1.459822105221224
0.05200000000000003,1.458192073807886
0.054000000000000034,1.4565919308587418
0.056000000000000036,1.455021953957616
0.05800000000000004,1.4534839659945702
0.06000000000000004,1.4519770313625715
0.06200000000000004,1.4505019805279933
0.06400000000000004,1.4490570722843006
0.06600000000000004,1.4476431941951908
0.06800000000000005,1.4462643449650594
0.07000000000000005,1.4449157069894971
0.07200000000000005,1.4436009109204881
0.07400000000000005,1.4423190748197157
0.07600000000000005,1.4410687424475546
0.07800000000000006,1.4398452734195555
0.08000000000000006,1.438650603471603
0.08200000000000006,1.4374855405911384
0.08400000000000006,1.4363528272814599
0.08600000000000006,1.435250578849855
0.08800000000000006,1.4341767330513
0.09000000000000007,1.4331301835463839
0.09200000000000007,1.432110426477352
0.09400000000000007,1.431117960629096
0.09600000000000007,1.4301515328710477
0.09800000000000007,1.4292107968980665
0.10000000000000007,1.4282982235585975
0.10200000000000008,1.4274160123606674
0.10400000000000008,1.4265628919588191
0.10600000000000008,1.4257396415033468
0.10800000000000008,1.4249447149946946
0.11000000000000008,1.4241784622887799
0.11200000000000009,1.423440441438468
0.11400000000000009,1.4227296934372067
0.11600000000000009,1.4220451621273094
0.11800000000000009,1.4213844651656535
0.12000000000000009,1.420746919362341
0.1220000000000001,1.42013271985505
0.1240000000000001,1.419540712110655
0.12600000000000008,1.418969752197044
0.12800000000000009,1.4184187151213918
0.1300000000000001,1.4178865061737649
0.1320000000000001,1.4173719258998676
0.1340000000000001,1.4168721883756663
0.1360000000000001,1.4163873556169024
0.1380000000000001,1.4159159593975474
0.1400000000000001,1.4154578869161702
0.1420000000000001,1.4150125611667168
0.1440000000000001,1.4145791768272487
0.1460000000000001,1.4141568462024285
0.1480000000000001,1.4137446568638659
0.1500000000000001,1.4133414852095099
0.1520000000000001,1.4129471614561142
0.1540000000000001,1.412566366474309
0.1560000000000001,1.4121983687645925
0.1580000000000001,1.4118418040049594
0.16000000000000011,1.4114964876284397
0.16200000000000012,1.4111620379419618
0.16400000000000012,1.4108380491701962
0.16600000000000012,1.4105273211671314
0.16800000000000012,1.4102326518192039
0.17000000000000012,1.4099531972540753
0.17200000000000013,1.4096891009666241
0.17400000000000013,1.4094395217893512
0.17600000000000013,1.4092032258573586
0.17800000000000013,1.4089788810651807
0.18000000000000013,1.4087651662223466
0.18200000000000013,1.4085605435205375
0.18400000000000014,1.4083636102691488
0.18600000000000014,1.4081735616518825
0.18800000000000014,1.4079894860083269
0.19000000000000014,1.4078105274340302
0.19200000000000014,1.4076347326241616
0.19400000000000014,1.407461751430709
0.19600000000000015,1.4072917715611681
0.19800000000000015,1.407123742688148
0.20000000000000015,1.4069566072566997
0.20200000000000015,1.4067897970147119
0.20400000000000015,1.4066225232905927
0.20600000000000016,1.4064537698256288
0.20800000000000016,1.4062826586896324
0.21000000000000016,1.4061083920518205
0.21200000000000016,1.4059347030479679
0.21400000000000016,1.4057661132226962
0.21600000000000016,1.4056011711117335
0.21800000000000017,1.4054396444879182
0.22000000000000017,1.4052819558518967
0.22200000000000017,1.405128073526157
0.22400000000000017,1.4049777583603906
0.22600000000000017,1.40483070458548
0.22800000000000017,1.4046865866270553
0.23000000000000018,1.4045450820527172
0.23200000000000018,1.4044058687783174
0.23400000000000018,1.4042686388846157
0.23600000000000018,1.4041330932392586
0.23800000000000018,1.4039989435878588
0.24000000000000019,1.4038659111244511
0.2420000000000002,1.4037337247945159
0.2440000000000002,1.4036021167785748
0.2460000000000002,1.4034698980766616
0.2480000000000002,1.4033365348774958
0.25000000000000017,1.403202736466422
0.25200000000000017,1.4030683219207172
0.25400000000000017,1.4029332384904496
0.25600000000000017,1.402797317190026
0.2580000000000002,1.4026603332156427
0.2600000000000002,1.4025225353452082
0.2620000000000002,1.4023837327716306
0.2640000000000002,1.4022483543734923
0.2660000000000002,1.402117379285717
0.2680000000000002,1.4019897027081307
0.2700000000000002,1.4018646292264458
0.2720000000000002,1.4017417401025505
0.2740000000000002,1.401620766151582
0.2760000000000002,1.4015015028261981
0.2780000000000002,1.4013837805976246
0.2800000000000002,1.401266819045773
0.2820000000000002,1.4011496972504993
0.2840000000000002,1.4010331126558742
0.2860000000000002,1.4009175863497214
0.2880000000000002,1.4008042668126994
0.2900000000000002,1.4006931331378463
0.2920000000000002,1.400584225224636
0.2940000000000002,1.4004774134466378
0.2960000000000002,1.4003724100653019
0.2980000000000002,1.4002690831247295
0.3000000000000002,1.4001673514718844
0.3020000000000002,1.4000665981123888
0.3040000000000002,1.399966332747637
0.3060000000000002,1.399866099837456
0.3080000000000002,1.3997656117974342
0.3100000000000002,1.3996645748536884
0.3120000000000002,1.3995626902425395
0.3140000000000002,1.399463472848339
0.3160000000000002,1.399368535703582
0.3180000000000002,1.399276548176616
0.32000000000000023,1.39918574320644
0.32200000000000023,1.3990954964308284
0.32400000000000023,1.399006240865218
0.32600000000000023,1.398918109302238
0.32800000000000024,1.398831069927553
0.33000000000000024,1.3987450141848188
0.33200000000000024,1.3986596193497345
0.33400000000000024,1.398574559465072
0.33600000000000024,1.3984899028188664
0.33800000000000024,1.3984061645544126
0.34000000000000025,1.3983230353763283
0.34200000000000025,1.3982401896225025
0.34400000000000025,1.3981574098303242
0.34600000000000025,1.3980750552188532
0.34800000000000025,1.3979932713868686
0.35000000000000026,1.3979114288281533
0.35200000000000026,1.3978291734331243
0.35400000000000026,1.3977462884975338
0.35600000000000026,1.3976626193789867
0.35800000000000026,1.3975780395769601
0.36000000000000026,1.3974924308513372
0.36200000000000027,1.3974057023072368
0.36400000000000027,1.3973232478332873
0.36600000000000027,1.397242365183444
0.36800000000000027,1.3971616872241333
0.3700000000000003,1.3970814478335054
0.3720000000000003,1.3970017339591811
0.3740000000000003,1.3969225489758808
0.3760000000000003,1.3968438508909378
0.3780000000000003,1.3967653785618408
0.3800000000000003,1.3966869055206046
0.3820000000000003,1.3966085608677339
0.3840000000000003,1.3965303635467454
0.3860000000000003,1.396452277846719
0.3880000000000003,1.3963742501889
0.3900000000000003,1.3962962110745316
0.3920000000000003,1.3962180933240644
0.3940000000000003,1.3961403806180182
0.3960000000000003,1.3960627373689847
0.3980000000000003,1.3959849206805908
0.4000000000000003,1.3959067803227172
0.4020000000000003,1.3958282130381834
0.4040000000000003,1.3957491451636326
0.4060000000000003,1.3956695087225048
0.4080000000000003,1.3955892372573784
0.4100000000000003,1.3955082643632146
0.4120000000000003,1.395427007971759
0.4140000000000003,1.3953494194806122
0.4160000000000003,1.395273756898045
0.4180000000000003,1.3951989946337267
0.4200000000000003,1.3951231318268578
0.4220000000000003,1.3950470683005727
0.4240000000000003,1.3949716192029258
0.4260000000000003,1.3948963487222779
0.4280000000000003,1.394821116148514
0.4300000000000003,1.3947460067236275
0.43200000000000033,1.394671031563972
0.43400000000000033,1.394596166498074
0.43600000000000033,1.394521381665351
0.43800000000000033,1.3944468175952534
0.44000000000000034,1.3943726928361384
0.44200000000000034,1.3942995728933447
0.44400000000000034,1.3942269804543719
0.44600000000000034,1.3941547081663865
0.44800000000000034,1.3940826635590506
0.45000000000000034,1.3940107619204043
0.45200000000000035,1.3939389246580376
0.45400000000000035,1.3938670710208143
0.45600000000000035,1.39379512648103
0.45800000000000035,1.393723013576182
0.46000000000000035,1.3936506571534621
0.46200000000000035,1.393577978778809
0.46400000000000036,1.3935087541301843
0.46600000000000036,1.3934413984872367
0.46800000000000036,1.3933750514544994
0.47000000000000036,1.3933092982525164
0.47200000000000036,1.3932439437815685
0.47400000000000037,1.3931788939071468
0.47600000000000037,1.3931137575166512
0.47800000000000037,1.3930480280721391
0.48000000000000037,1.3929808871846372
0.4820000000000004,1.3929132383264036
0.4840000000000004,1.392845480795911
0.4860000000000004,1.3927777595991024
0.4880000000000004,1.3927102105759503
0.4900000000000004,1.3926432218116198
0.4920000000000004,1.392576453628497
0.4940000000000004,1.3925097171998349
0.4960000000000004,1.3924429019999405
0.4980000000000004,1.3923759436065302
0.5000000000000003,1.3923087923689301
0.5020000000000003,1.3922414046556226
0.5040000000000003,1.3921737421039766
0.5060000000000003,1.3921057667053798
0.5080000000000003,1.3920378151642865
0.5100000000000003,1.3919698512293488
0.5120000000000003,1.3919016175578394
0.5140000000000003,1.391835327572221
0.5160000000000003,1.3917707298177053
0.5180000000000003,1.3917070975928312
0.5200000000000004,1.3916438647581448
0.5220000000000004,1.3915807795863733
0.5240000000000004,1.391517735344948
0.5260000000000004,1.3914546820205167
0.5280000000000004,1.3913911955516092
0.5300000000000004,1.391327466766116
0.5320000000000004,1.3912635889150025
0.5340000000000004,1.3911995980539782
0.5360000000000004,1.3911356243451345
0.5380000000000004,1.3910720362289046
0.5400000000000004,1.3910085172987967
0.5420000000000004,1.3909449069508524
0.5440000000000004,1.390880687005362
0.5460000000000004,1.3908145902745765
0.5480000000000004,1.3907475621644563
0.5500000000000004,1.3906800510879933
0.5520000000000004,1.3906122308744502
0.5540000000000004,1.390544151867421
0.5560000000000004,1.3904758106729045
0.5580000000000004,1.3904071792933785
0.5600000000000004,1.3903382295104532
0.5620000000000004,1.3902689313942265
0.5640000000000004,1.3901994137090883
0.5660000000000004,1.3901318679712689
0.5680000000000004,1.3900652343717594
0.5700000000000004,1.3899989696716097
0.5720000000000004,1.3899328274312435
0.5740000000000004,1.3898667001679192
0.5760000000000004,1.389800545024383
0.5780000000000004,1.3897341607293063
0.5800000000000004,1.389667374497617
0.5820000000000004,1.389600210589225
0.5840000000000004,1.3895328802955518
0.5860000000000004,1.3894659903402056
0.5880000000000004,1.3893992419011472
0.5900000000000004,1.389332476511044
0.5920000000000004,1.3892656105844408
0.5940000000000004,1.389198605934234
0.5960000000000004,1.3891314456745372
0.5980000000000004,1.3890641859996005
0.6000000000000004,1.388996895672133
0.6020000000000004,1.3889295864384295
0.6040000000000004,1.3888622444314245
0.6060000000000004,1.388794845440027
0.6080000000000004,1.3887273618105809
0.6100000000000004,1.3886598429186239
0.6120000000000004,1.3885927263888374
0.6140000000000004,1.3885256842248832
0.6160000000000004,1.3884574849892493
0.6180000000000004,1.3883893949094785
0.6200000000000004,1.388321515057506
0.6220000000000004,1.3882538150501424
0.6240000000000004,1.3881862614065361
0.6260000000000004,1.3881188218041192
0.6280000000000004,1.3880514752266082
0.6300000000000004,1.3879841981334886
0.6320000000000005,1.3879169716229862
0.6340000000000005,1.38784986673005
0.6360000000000005,1.3877828970430188
0.6380000000000005,1.387715978939352
0.6400000000000005,1.3876490577701326
0.6420000000000005,1.3875821020458465
0.6440000000000005,1.3875150906757068
0.6460000000000005,1.387448009848744
0.6480000000000005,1.3873808405181094
0.6500000000000005,1.3873135698583592
0.6520000000000005,1.3872461824925917
0.6540000000000005,1.3871786623969111
0.6560000000000005,1.3871109968571105
0.6580000000000005,1.3870431668612646
0.6600000000000005,1.3869751625503144
0.6620000000000005,1.3869069650065535
0.6640000000000005,1.3868385606776907
0.6660000000000005,1.3867699367359843
0.6680000000000005,1.3867010765781722
0.6700000000000005,1.386632409369147
0.6720000000000005,1.3865642985688853
0.6740000000000005,1.386496412689406
0.6760000000000005,1.3864285887801553
0.6780000000000005,1.3863607464569376
0.6800000000000005,1.3862928888780048
0.6820000000000005,1.3862252785741718
0.6840000000000005,1.3861579985593828
0.6860000000000005,1.38609078678394
0.6880000000000005,1.386023148231178
0.6900000000000005,1.3859551861755397
0.6920000000000005,1.3858870060399762
0.6940000000000005,1.3858180792901487
0.6960000000000005,1.3857473668111504
0.6980000000000005,1.385675825833296
0.7000000000000005,1.385603914040294
0.7020000000000005,1.3855318153623206
0.7040000000000005,1.3854594621449274
0.7060000000000005,1.3853868375358087
0.7080000000000005,1.385314026338465
0.7100000000000005,1.3852410579940821
0.7120000000000005,1.3851679398338221
0.7140000000000005,1.3850946654465457
0.7160000000000005,1.3850216248524494
0.7180000000000005,1.3849487828136213
0.7200000000000005,1.384875906965606
0.7220000000000005,1.384802886348873
0.7240000000000005,1.384729844613641
0.7260000000000005,1.3846569962311825
0.7280000000000005,1.3845842001813302
0.7300000000000005,1.3845113875639306
0.7320000000000005,1.3844390740500883
0.7340000000000005,1.3843669651784984
0.7360000000000005,1.3842948817282852
0.7380000000000005,1.3842227484049603
0.7400000000000005,1.3841505332048247
0.7420000000000005,1.3840778800095301
0.7440000000000005,1.3840048940437701
0.7460000000000006,1.3839317096476114
0.7480000000000006,1.3838583841158867
0.7500000000000006,1.3837849400876356
0.7520000000000006,1.3837113800117349
0.7540000000000006,1.383637704431905
0.7560000000000006,1.3835639580397487
0.7580000000000006,1.3834901711841647
0.7600000000000006,1.383416346949253
0.7620000000000006,1.3833424722810035
0.7640000000000006,1.3832685377926945
0.7660000000000006,1.3831945319459689
0.7680000000000006,1.3831204462487212
0.7700000000000006,1.3830462659449092
0.7720000000000006,1.3829719825757216
0.7740000000000006,1.3828975854571888
0.7760000000000006,1.382822346126601
0.7780000000000006,1.3827452679501875
0.7800000000000006,1.3826675894563816
0.7820000000000006,1.3825900958474289
0.7840000000000006,1.38251274617116
0.7860000000000006,1.382435489162282
0.7880000000000006,1.3823582851560074
0.7900000000000006,1.382281104241972
0.7920000000000006,1.3822039292141464
0.7940000000000006,1.382126752305772
0.7960000000000006,1.3820492387385195
0.7980000000000006,1.3819714543108548
0.8000000000000006,1.3818935419430245
0.8020000000000006,1.381815560112571
0.8040000000000006,1.3817375259720934
0.8060000000000006,1.3816594435804281
0.8080000000000006,1.3815813041700202
0.8100000000000006,1.3815031032525025
0.8120000000000006,1.3814248302879806
0.8140000000000006,1.3813464810301954
0.8160000000000006,1.3812680488651992
0.8180000000000006,1.381189526713549
0.8200000000000006,1.3811112479017011
0.8220000000000006,1.3810332878329967
0.8240000000000006,1.380955228299756
0.8260000000000006,1.3808769515597672
0.8280000000000006,1.3807985093651904
0.8300000000000006,1.3807202141284645
0.8320000000000006,1.3806422092818222
0.8340000000000006,1.3805642202734492
0.8360000000000006,1.3804856623371622
0.8380000000000006,1.3804066847831395
0.8400000000000006,1.380327494887157
0.8420000000000006,1.3802481879633617
0.8440000000000006,1.3801688006977084
0.8460000000000006,1.3800893378745709
0.8480000000000006,1.38000980088426
0.8500000000000006,1.3799298822025272
0.8520000000000006,1.3798496156230273
0.8540000000000006,1.3797691518303024
0.8560000000000006,1.3796885612501364
0.8580000000000007,1.3796078690082456
0.8600000000000007,1.379527083978079
0.8620000000000007,1.3794462009733928
0.8640000000000007,1.3793633510547716
0.8660000000000007,1.379279429480397
0.8680000000000007,1.3791950577831433
0.8700000000000007,1.3791105127992223
0.8720000000000007,1.379025894975507
0.8740000000000007,1.3789412299811183
0.8760000000000007,1.378856516206505
0.8780000000000007,1.378771747937727
0.8800000000000007,1.3786871315770468
0.8820000000000007,1.378602921084965
0.8840000000000007,1.3785188314012224
0.8860000000000007,1.378434725541131
0.8880000000000007,1.3783505434708037
0.8900000000000007,1.378266260831627
0.8920000000000007,1.3781818102109824
0.8940000000000007,1.37809638920667
0.8960000000000007,1.3780105171920214
0.8980000000000007,1.377924446415642
0.9000000000000007,1.3778382828307594
0.9020000000000007,1.3777520669949446
0.9040000000000007,1.3776654366714505
0.9060000000000007,1.377578536895471
0.9080000000000007,1.3774915327113064
0.9100000000000007,1.37740449957503
0.9120000000000007,1.3773174619861355
0.9140000000000007,1.3772304200366787
0.9160000000000007,1.3771433729789833
0.9180000000000007,1.3770563154055466
0.9200000000000007,1.3769692410436096
0.9220000000000007,1.3768822922842059
0.9240000000000007,1.3767958541485665
0.9260000000000007,1.3767096167771526
0.9280000000000007,1.3766234249338067
0.9300000000000007,1.3765373013028268
0.9320000000000007,1.37645167539727
0.9340000000000007,1.376366230845438
0.9360000000000007,1.3762808116386793
0.9380000000000007,1.3761951111274142
0.9400000000000007,1.3761091938434666
0.9420000000000007,1.3760231462686332
0.9440000000000007,1.3759370105217914
0.9460000000000007,1.3758508003704548
0.9480000000000007,1.3757645171496167
0.9500000000000007,1.3756781574490589
0.9520000000000007,1.3755893429609416
0.9540000000000007,1.3754984574258833
0.9560000000000007,1.37540671723938
0.9580000000000007,1.375314278373442
0.9600000000000007,1.3752216106414437
0.9620000000000007,1.3751289032820728
0.9640000000000007,1.3750362109836356
0.9660000000000007,1.374943545495594
0.9680000000000007,1.3748508969651814
0.9700000000000008,1.3747582588942369
0.9720000000000008,1.3746656199683418
0.9740000000000008,1.3745729767791788
0.9760000000000008,1.3744802175579123
0.9780000000000008,1.3743873888994358
0.9800000000000008,1.3742945136798241
0.9820000000000008,1.3742021001480516
0.9840000000000008,1.3741099605503808
0.9860000000000008,1.3740179046770633
0.9880000000000008,1.3739258463354773
0.9900000000000008,1.373833753485054
0.9920000000000008,1.3737416096272188
0.9940000000000008,1.3736494095253549
0.9960000000000008,1.3735571546822574
0.9980000000000008,1.3734648436295642
1.0000000000000007,1.3733724701433174
1.0020000000000007,1.3732800320747078
1.0040000000000007,1.37318752884256
1.0060000000000007,1.3730949533712802
1.0080000000000007,1.3730023016570332
1.0100000000000007,1.3729093096541838
1.0120000000000007,1.3728143802107913
1.0140000000000007,1.3727185823749868
1.0160000000000007,1.3726224356502421
1.0180000000000007,1.3725261592030513
1.0200000000000007,1.3724298348147677
1.0220000000000007,1.372333496798835
1.0240000000000007,1.372237771637273
1.0260000000000007,1.3721422917307853
1.0280000000000007,1.3720468765619709
1.0300000000000007,1.3719514462574072
1.0320000000000007,1.371856205944981
1.0340000000000007,1.371761366161264
1.0360000000000007,1.3716666601920853
1.0380000000000007,1.3715719676899893
1.0400000000000007,1.3714772323453375
1.0420000000000007,1.3713824327591884
1.0440000000000007,1.3712867004895914
1.0460000000000007,1.371189042459183
1.0480000000000007,1.3710904672971402
1.0500000000000007,1.3709915583526042
1.0520000000000007,1.3708925783084762
1.0540000000000007,1.3707936305694428
1.0560000000000007,1.370694739784499
1.0580000000000007,1.3705959026814734
1.0600000000000007,1.3704971088989493
1.0620000000000007,1.3703983261611112
1.0640000000000007,1.3702990985266652
1.0660000000000007,1.3701996828820775
1.0680000000000007,1.370100201241037
1.0700000000000007,1.3700007039549553
1.0720000000000007,1.3699002139293412
1.0740000000000007,1.3697985735304603
1.0760000000000007,1.3696964718079652
1.0780000000000007,1.3695942259002087
1.0800000000000007,1.3694919632837927
1.0820000000000007,1.369389719558761
1.0840000000000007,1.369287993499068
1.0860000000000007,1.3691865936136804
1.0880000000000007,1.369085329605087
1.0900000000000007,1.3689841100245816
1.0920000000000007,1.3688828982090893
1.0940000000000007,1.3687816813293912
1.0960000000000008,1.368680455639987
1.0980000000000008,1.368579220024252
1.1000000000000008,1.368477976965026
1.1020000000000008,1.368376721774602
1.1040000000000008,1.3682754520750393
1.1060000000000008,1.3681741694276668
1.1080000000000008,1.3680728686256798
1.1100000000000008,1.3679715416251574
1.1120000000000008,1.3678700465998876
1.1140000000000008,1.3677684586475642
1.1160000000000008,1.3676664431245298
1.1180000000000008,1.3675641061404242
1.1200000000000008,1.3674616164515296
1.1220000000000008,1.3673596683852056
1.1240000000000008,1.3672580096518783
1.1260000000000008,1.367156439237905
1.1280000000000008,1.367054865266381
1.1300000000000008,1.3669532502218598
1.1320000000000008,1.3668515808230624
1.1340000000000008,1.3667487875198479
1.1360000000000008,1.3666451211803243
1.1380000000000008,1.3665394269319502
1.1400000000000008,1.3664324385320847
1.1420000000000008,1.3663249731730995
1.1440000000000008,1.3662173905874786
1.1460000000000008,1.3661098178192468
1.1480000000000008,1.3660022922044137
1.1500000000000008,1.36589453255568
1.1520000000000008,1.3657866450678724
1.1540000000000008,1.3656787230303526
1.1560000000000008,1.3655708044368713
1.1580000000000008,1.3654629056382552
1.1600000000000008,1.3653550253747375
1.1620000000000008,1.3652471694138297
1.1640000000000008,1.3651394007488111
1.1660000000000008,1.3650316755454888
1.1680000000000008,1.364923638889632
1.1700000000000008,1.364815318867732
1.1720000000000008,1.3647068856660591
1.1740000000000008,1.3645984124227009
1.1760000000000008,1.364489932244462
1.1780000000000008,1.3643814544128328
1.1800000000000008,1.364272979000981
1.1820000000000008,1.3641645032666365
1.1840000000000008,1.3640560240791737
1.1860000000000008,1.3639476642925041
1.1880000000000008,1.3638398174317214
1.1900000000000008,1.3637321957469888
1.1920000000000008,1.363624663469178
1.1940000000000008,1.3635171583355739
1.1960000000000008,1.3634096608795956
1.1980000000000008,1.3633002144188355
1.2000000000000008,1.3631897388126857
1.2020000000000008,1.3630788722086091
1.2040000000000008,1.3629679013728107
1.2060000000000008,1.3628569288539096
1.2080000000000009,1.3627459868376088
1.2100000000000009,1.3626350733375667
1.2120000000000009,1.3625241846789122
1.2140000000000009,1.3624137896985145
1.2160000000000009,1.3623038362792195
1.2180000000000009,1.3621940640955266
1.2200000000000009,1.3620839728912064
1.2220000000000009,1.3619736252870662
1.2240000000000009,1.36186316510018
1.2260000000000009,1.3617526644728186
1.2280000000000009,1.361642147915612
1.2300000000000009,1.3615316253564416
1.2320000000000009,1.3614210358680334
1.2340000000000009,1.361308256343154
1.2360000000000009,1.3611945447853868
1.2380000000000009,1.361080617632268
1.2400000000000009,1.360967166690238
1.2420000000000009,1.360853818832309
1.2440000000000009,1.3607405356977258
1.2460000000000009,1.3606272981161733
1.2480000000000009,1.3605140952044699
1.2500000000000009,1.360400590192481
1.252000000000001,1.3602869528572286
1.254000000000001,1.3601732856404216
1.256000000000001,1.3600596312592634
1.258000000000001,1.3599460040016726
1.260000000000001,1.3598324060829907
1.262000000000001,1.3597172767510526
1.264000000000001,1.359600852423501
1.266000000000001,1.3594839180026133
1.268000000000001,1.3593668328975013
1.270000000000001,1.3592496777719445
1.272000000000001,1.3591321022242264
1.274000000000001,1.359014369837163
1.276000000000001,1.3588965993255318
1.278000000000001,1.3587788370540037
1.280000000000001,1.3586610970269202
1.282000000000001,1.3585433839513281
1.284000000000001,1.358425691755629
1.286000000000001,1.3583080164762458
1.288000000000001,1.3581903554661392
1.290000000000001,1.358072706804766
1.292000000000001,1.3579556250981926
1.294000000000001,1.3578388240089216
1.296000000000001,1.3577221335848562
1.298000000000001,1.357605479700879
1.300000000000001,1.357488833933652
1.302000000000001,1.3573721855578258
1.304000000000001,1.3572555310886671
1.306000000000001,1.357138870097537
1.308000000000001,1.3570222026683019
1.310000000000001,1.3569060771002448
1.312000000000001,1.356790366331801
1.314000000000001,1.3566748191254177
1.316000000000001,1.35655932078633
1.318000000000001,1.3564438216260124
1.320000000000001,1.356328306172535
1.322000000000001,1.3562125169632289
1.324000000000001,1.356096352176663
1.326000000000001,1.3559800334662073
1.328000000000001,1.3558615541778856
1.330000000000001,1.3557398561092828
1.332000000000001,1.3556166983405804
1.334000000000001,1.355493067664453
1.336000000000001,1.3553693798141626
1.338000000000001,1.355245773655176
1.340000000000001,1.3551222765747408
1.342000000000001,1.354998876662638
1.344000000000001,1.3548759996599176
1.346000000000001,1.3547532521075714
1.348000000000001,1.3546304931553907
1.350000000000001,1.3545077562322356
1.352000000000001,1.354385060952772
1.354000000000001,1.3542624168445452
1.356000000000001,1.354139824014398
1.358000000000001,1.354017286270642
1.360000000000001,1.3538947997997655
1.362000000000001,1.353772366186451
1.364000000000001,1.3536499805385476
1.366000000000001,1.3535275947552183
1.368000000000001,1.3534051001344778
1.370000000000001,1.3532825813741025
1.372000000000001,1.3531600087206757
1.374000000000001,1.353036983137341
1.376000000000001,1.3529137781761882
1.378000000000001,1.3527905237019033
1.380000000000001,1.3526672740326602
1.382000000000001,1.3525440478093989
1.384000000000001,1.352420852080259
1.386000000000001,1.3522976817052106
1.388000000000001,1.3521745330285215
1.390000000000001,1.3520514033894133
1.392000000000001,1.3519282908152828
1.394000000000001,1.3518041557392941
1.396000000000001,1.3516785144063361
1.398000000000001,1.3515525479957402
1.400000000000001,1.351426511374164
1.402000000000001,1.3513004914114712
1.404000000000001,1.3511750743928184
1.406000000000001,1.3510501358812035
1.408000000000001,1.3509254047755206
1.410000000000001,1.3508007530548738
1.412000000000001,1.3506761276338646
1.414000000000001,1.3505515067046552
1.416000000000001,1.350426889301175
1.418000000000001,1.35030227294479
1.420000000000001,1.3501776620758221
1.422000000000001,1.3500530578915322
1.424000000000001,1.3499280625408279
1.426000000000001,1.3498027742871457
1.428000000000001,1.349675145565068
1.430000000000001,1.349546481347292
1.432000000000001,1.3494174775615873
1.434000000000001,1.3492884316322065
1.436000000000001,1.3491594444314012
1.438000000000001,1.3490305435877215
1.440000000000001,1.3489013521270385
1.442000000000001,1.3487720695551906
1.444000000000001,1.3486427968888965
1.446000000000001,1.3485135689651386
1.448000000000001,1.3483843971860567
1.450000000000001,1.3482557946856035
1.452000000000001,1.3481275516628068
1.454000000000001,1.3479994819856262
1.456000000000001,1.3478715054146675
1.458000000000001,1.3477435957855268
1.460000000000001,1.3476157403433833
1.462000000000001,1.347486944082435
1.464000000000001,1.3473563299156954
1.466000000000001,1.347224975122913
1.468000000000001,1.347093396349271
1.470000000000001,1.3469618102825665
1.472000000000001,1.3468302893818267
1.474000000000001,1.3466984566017561
1.476000000000001,1.346566381312506
1.478000000000001,1.3464342435149648
1.480000000000001,1.3463021191060915
1.482000000000001,1.3461700354138992
1.484000000000001,1.3460379991370712
1.486000000000001,1.3459060093664228
1.488000000000001,1.3457739788782392
1.490000000000001,1.345641856484759
1.492000000000001,1.3455097129330345
1.494000000000001,1.3453775815016473
1.496000000000001,1.345245879721089
1.498000000000001,1.3451147663469212
1.500000000000001,1.3449839173487248
1.5020000000000011,1.3448532894299967
1.5040000000000011,1.3447232264687092
1.5060000000000011,1.3445934084994184
1.5080000000000011,1.3444636882312926
1.5100000000000011,1.3443340058196336
1.5120000000000011,1.3442043409023174
1.5140000000000011,1.3440746836711364
1.5160000000000011,1.3439450364987715
1.5180000000000011,1.343815397478314
1.5200000000000011,1.3436857708094858
1.5220000000000011,1.343556157295995
1.5240000000000011,1.3434262170876705
1.5260000000000011,1.3432941105235556
1.5280000000000011,1.3431605624888305
1.5300000000000011,1.3430262873043524
1.5320000000000011,1.3428896363397744
1.5340000000000011,1.3427516254427307
1.5360000000000011,1.3426131695366217
1.5380000000000011,1.3424746589420142
1.5400000000000011,1.342336230820044
1.5420000000000011,1.342197913634078
1.5440000000000011,1.3420597063180988
1.5460000000000012,1.3419215932972945
1.5480000000000012,1.3417835613978548
1.5500000000000012,1.3416456010840772
1.5520000000000012,1.3415077066999577
1.5540000000000012,1.3413698713956572
1.5560000000000012,1.3412323657206804
1.5580000000000012,1.341095340406996
1.5600000000000012,1.34095855062597
1.5620000000000012,1.3408218764692919
1.5640000000000012,1.3406852685168076
1.5660000000000012,1.3405487095240252
1.5680000000000012,1.3404121950728005
1.5700000000000012,1.3402757214700418
1.5720000000000012,1.3401392927828382
1.5740000000000012,1.340002471188794
1.5760000000000012,1.339865384395937
1.5780000000000012,1.3397282190398372
1.5800000000000012,1.3395910589029547
1.5820000000000012,1.3394539439117248
1.5840000000000012,1.3393168810745724
1.5860000000000012,1.3391798762136577
1.5880000000000012,1.3390437291339234
1.5900000000000012,1.3389079850035075
1.5920000000000012,1.3387724170795492
1.5940000000000012,1.3386369273016596
1.5960000000000012,1.3385014756607863
1.5980000000000012,1.3383660552819694
1.6000000000000012,1.3382306624477762
1.6020000000000012,1.3380936597326263
1.6040000000000012,1.337955104823455
1.6060000000000012,1.3378158836789096
1.6080000000000012,1.3376763473217674
1.6100000000000012,1.3375372045334406
1.6120000000000012,1.3373984094141027
1.6140000000000012,1.3372597929851888
1.6160000000000012,1.3371212631244342
1.6180000000000012,1.336982699460816
1.6200000000000012,1.33684381017332
1.6220000000000012,1.336704795430677
1.6240000000000012,1.3365652463573445
1.6260000000000012,1.336423209894168
1.6280000000000012,1.3362800424554644
1.6300000000000012,1.336136520474437
1.6320000000000012,1.3359929760931826
1.6340000000000012,1.3358495256957748
1.6360000000000012,1.3357061957115377
1.6380000000000012,1.3355629813425098
1.6400000000000012,1.3354198673880233
1.6420000000000012,1.3352768434510596
1.6440000000000012,1.3351339029211813
1.6460000000000012,1.3349910415765645
1.6480000000000012,1.334848256353048
1.6500000000000012,1.3347055395719287
1.6520000000000012,1.334562891338475
1.6540000000000012,1.334420306769384
1.6560000000000012,1.3342777841347349
1.6580000000000013,1.3341353225742194
1.6600000000000013,1.3339929212607577
1.6620000000000013,1.3338505757345236
1.6640000000000013,1.3337087787354769
1.6660000000000013,1.3335673512952602
1.6680000000000013,1.3334261029521786
1.6700000000000013,1.333284943910009
1.6720000000000013,1.3331436385047417
1.6740000000000013,1.332999774729797
1.6760000000000013,1.3328545697162717
1.6780000000000013,1.3327096259761917
1.6800000000000013,1.3325649057087243
1.6820000000000013,1.3324203497921598
1.6840000000000013,1.3322758990739554
1.6860000000000013,1.3321315231429367
1.6880000000000013,1.3319872008697418
1.6900000000000013,1.3318429265149536
1.6920000000000013,1.3316986926982284
1.6940000000000013,1.331554497066322
1.6960000000000013,1.3314103389510874
1.6980000000000013,1.3312662181028772
1.7000000000000013,1.3311221341845298
1.7020000000000013,1.3309780866944434
1.7040000000000013,1.3308340771379972
1.7060000000000013,1.3306897226564167
1.7080000000000013,1.3305452170996892
1.7100000000000013,1.330400687912705
1.7120000000000013,1.3302561899956709
1.7140000000000013,1.3301117430039011
1.7160000000000013,1.329967350044814
1.7180000000000013,1.3298234701548928
1.7200000000000013,1.3296799620707715
1.7220000000000013,1.3295361350051373
1.7240000000000013,1.3293919050268501
1.7260000000000013,1.3292456673411819
1.7280000000000013,1.3290980508697867
1.7300000000000013,1.3289499554239266
1.7320000000000013,1.3288017836982737
1.7340000000000013,1.3286536912998468
1.7360000000000013,1.3285057170163954
1.7380000000000013,1.3283578613227265
1.7400000000000013,1.3282101142858769
1.7420000000000013,1.32806246222959
1.7440000000000013,1.3279149010626259
1.7460000000000013,1.3277659906802923
1.7480000000000013,1.327615500330423
1.7500000000000013,1.3274644022013378
1.7520000000000013,1.327313149790664
1.7540000000000013,1.3271619290797716
1.7560000000000013,1.3270107985405617
1.7580000000000013,1.3268597629324528
1.7600000000000013,1.3267088149910815
1.7620000000000013,1.3265579496095476
1.7640000000000013,1.326407152927208
1.7660000000000013,1.3262571101216725
1.7680000000000013,1.3261076159696663
1.7700000000000014,1.3259582360415139
1.7720000000000014,1.3258088715569003
1.7740000000000014,1.325659699963366
1.7760000000000014,1.3255106380819437
1.7780000000000014,1.3253616484738562
1.7800000000000014,1.325212715946963
1.7820000000000014,1.3250638334635654
1.7840000000000014,1.3249149945361811
1.7860000000000014,1.3247662019184538
1.7880000000000014,1.324617452564184
1.7900000000000014,1.3244684970194665
1.7920000000000014,1.3243192984344645
1.7940000000000014,1.32417003545552
1.7960000000000014,1.3240209075941278
1.7980000000000014,1.3238719340471434
1.8000000000000014,1.3237230558340698
1.8020000000000014,1.3235742481569073
1.8040000000000014,1.3234254985359168
1.8060000000000014,1.3232767975298194
1.8080000000000014,1.3231281460624722
1.8100000000000014,1.3229795400839768
1.8120000000000014,1.3228309787310268
1.8140000000000014,1.3226824604550342
1.8160000000000014,1.3225339832748357
1.8180000000000014,1.3223855461338454
1.8200000000000014,1.3222347625741904
1.8220000000000014,1.3220822857773777
1.8240000000000014,1.3219291660083696
1.8260000000000014,1.3217758306830094
1.8280000000000014,1.3216206963442672
1.8300000000000014,1.3214648789997354
1.8320000000000014,1.3213089001314322
1.8340000000000014,1.3211529392497696
1.8360000000000014,1.3209969447623962
1.8380000000000014,1.3208410105875872
1.8400000000000014,1.3206851734602785
1.8420000000000014,1.3205294370701908
1.8440000000000014,1.3203737950374062
1.8460000000000014,1.3202182454954534
1.8480000000000014,1.3200627800098104
1.8500000000000014,1.3199073981866838
1.8520000000000014,1.3197520944051608
1.8540000000000014,1.3195968664003805
1.8560000000000014,1.319441709534705
1.8580000000000014,1.3192866264927414
1.8600000000000014,1.3191324427802429
1.8620000000000014,1.3189787498164454
1.8640000000000014,1.3188252830479879
1.8660000000000014,1.3186719273408574
1.8680000000000014,1.3185183496004158
1.8700000000000014,1.3183643974891415
1.8720000000000014,1.3182102644091878
1.8740000000000014,1.318055715362775
1.8760000000000014,1.3179010438605112
1.8780000000000014,1.3177463815609922
1.8800000000000014,1.317592023433715
1.8820000000000014,1.317438178607041
1.8840000000000015,1.3172845932378374
1.8860000000000015,1.317131143712022
1.8880000000000015,1.3169777725784584
1.8900000000000015,1.3168244560711704
1.8920000000000015,1.3166711928371528
1.8940000000000015,1.3165170496014644
1.8960000000000015,1.3163610146295277
1.8980000000000015,1.316204209441909
1.9000000000000015,1.31604717033348
1.9020000000000015,1.315890127725231
1.9040000000000015,1.3157331543647568
1.9060000000000015,1.3155762677697274
1.9080000000000015,1.3154194587216803
1.9100000000000015,1.3152627158343042
1.9120000000000015,1.3151060261455827
1.9140000000000015,1.314949387611831
1.9160000000000015,1.3147926811595017
1.9180000000000015,1.3146354905045516
1.9200000000000015,1.3144781115060535
1.9220000000000015,1.3143206959101021
1.9240000000000015,1.3141633027148834
1.9260000000000015,1.3140059564859703
1.9280000000000015,1.3138483888402288
1.9300000000000015,1.3136885448616367
1.9320000000000015,1.3135277854581002
1.9340000000000015,1.313366817887073
1.9360000000000015,1.3132063831033083
1.9380000000000015,1.3130462834789491
1.9400000000000015,1.3128863921486076
1.9420000000000015,1.3127266366552408
1.9440000000000015,1.3125669853583415
1.9460000000000015,1.3124072736447823
1.9480000000000015,1.312248415001813
1.9500000000000015,1.3120900416308734
1.9520000000000015,1.3119319035469976
1.9540000000000015,1.3117736731562206
1.9560000000000015,1.3116151935594862
1.9580000000000015,1.3114566502951557
1.9600000000000015,1.311298139283409
1.9620000000000015,1.3111396974012481
1.9640000000000015,1.3109812964648504
1.9660000000000015,1.310822395439017
1.9680000000000015,1.3106633225597515
1.9700000000000015,1.3105029676410016
1.9720000000000015,1.310340963822939
1.9740000000000015,1.3101783286740074
1.9760000000000015,1.3100155395059014
1.9780000000000015,1.309852789574263
1.9800000000000015,1.3096901342717329
1.9820000000000015,1.3095275802821658
1.9840000000000015,1.3093651193830969
1.9860000000000015,1.3092027416135201
1.9880000000000015,1.3090404355566398
1.9900000000000015,1.3088786871423943
1.9920000000000015,1.308717297917232
1.9940000000000015,1.3085560831342689
1.9960000000000016,1.3083949614490908
1.9980000000000016,1.3082339018268043
2.0000000000000013,1.3080728951643954
2.002000000000001,1.3079119368159278
2.004000000000001,1.307751030459757
2.0060000000000007,1.3075901724360957
2.0080000000000005,1.3074293659295575
2.0100000000000002,1.307268607631761
2.012,1.3071078968604168
2.014,1.3069466748652068
2.0159999999999996,1.3067851988578059
2.0179999999999993,1.3066236567380378
2.019999999999999,1.3064621303762671
2.021999999999999,1.3063006499102687
2.0239999999999987,1.3061392229986544
2.0259999999999985,1.3059778491075842
2.0279999999999982,1.3058165219797158
2.029999999999998,1.3056552426090218
2.031999999999998,1.3054922354457916
2.0339999999999976,1.3053278114539542
2.0359999999999974,1.3051633008029309
2.037999999999997,1.3049988912498707
2.039999999999997,1.3048346320264068
2.0419999999999967,1.3046705178665587
2.0439999999999965,1.3045069202655635
2.0459999999999963,1.304343275768344
2.047999999999996,1.3041777751095056
2.049999999999996,1.3040115108794472
2.0519999999999956,1.3038450254778415
2.0539999999999954,1.3036784493753055
2.055999999999995,1.3035118718627927
2.057999999999995,1.3033453697526591
2.0599999999999947,1.303178968218421
2.0619999999999945,1.3030121032483286
2.0639999999999943,1.3028450275610575
2.065999999999994,1.3026779246486564
2.067999999999994,1.30251087300522
2.0699999999999936,1.3023439047446748
2.0719999999999934,1.302177022892402
2.073999999999993,1.3020102252473877
2.075999999999993,1.3018435049340793
2.0779999999999927,1.301676862644946
2.0799999999999925,1.3015102933601466
2.0819999999999923,1.3013437987865384
2.083999999999992,1.3011773744265456
2.085999999999992,1.3010110186964676
2.0879999999999916,1.3008447309141564
2.0899999999999914,1.3006785069122215
2.091999999999991,1.3005123497215787
2.093999999999991,1.3003462594385748
2.0959999999999908,1.300180231007091
2.0979999999999905,1.3000143440698166
2.0999999999999903,1.2998490470463375
2.10199999999999,1.2996840380822006
2.10399999999999,1.2995191666270092
2.1059999999999897,1.2993543654441142
2.1079999999999894,1.299189615653446
2.109999999999989,1.2990243503426218
2.111999999999989,1.2988586430123463
2.1139999999999888,1.2986924759969214
2.1159999999999886,1.2985261690817769
2.1179999999999883,1.298359864885879
2.119999999999988,1.2981938605280927
2.121999999999988,1.2980287514831437
2.1239999999999877,1.2978630597915912
2.1259999999999875,1.2976957328833623
2.1279999999999872,1.2975277249973725
2.129999999999987,1.2973595108325209
2.131999999999987,1.2971912865083124
2.1339999999999866,1.297023125024713
2.1359999999999864,1.2968528253718576
2.137999999999986,1.2966813251940432
2.139999999999986,1.2965094424092085
2.1419999999999857,1.2963375329280267
2.1439999999999855,1.296165727297127
2.1459999999999853,1.2959940585542038
2.147999999999985,1.2958225240885493
2.149999999999985,1.2956511122514487
2.1519999999999846,1.2954798083574892
2.1539999999999844,1.2953090426924654
2.155999999999984,1.295138697889753
2.157999999999984,1.2949679462063517
2.1599999999999837,1.2947969526985825
2.1619999999999835,1.2946258207340011
2.1639999999999833,1.2944546833614323
2.165999999999983,1.2942836040196988
2.167999999999983,1.2941126054278118
2.1699999999999826,1.2939416926622214
2.1719999999999824,1.293770862205421
2.173999999999982,1.2936001128912218
2.175999999999982,1.2934294471523713
2.1779999999999817,1.2932588599989936
2.1799999999999815,1.2930883456167341
2.1819999999999813,1.2929179065744487
2.183999999999981,1.292747539254705
2.185999999999981,1.292577246348883
2.1879999999999806,1.292407022300901
2.1899999999999804,1.292236463339821
2.19199999999998,1.2920657070750377
2.19399999999998,1.2918949191083584
2.1959999999999797,1.291724177565317
2.1979999999999795,1.2915535072492255
2.1999999999999793,1.2913829150791731
2.201999999999979,1.291211969428111
2.203999999999979,1.2910389220003182
2.2059999999999786,1.2908649618026118
2.2079999999999784,1.2906914510800933
2.209999999999978,1.2905185437403193
2.211999999999978,1.2903459644049944
2.2139999999999778,1.29017356035611
2.2159999999999775,1.2900012553159694
2.2179999999999773,1.2898290172210356
2.219999999999977,1.2896568345023054
2.221999999999977,1.28948470466262
2.2239999999999767,1.2893126280709732
2.2259999999999764,1.2891406055141725
2.227999999999976,1.288968637439059
2.229999999999976,1.2887967238582343
2.231999999999976,1.2886248608014716
2.2339999999999756,1.2884530515298345
2.2359999999999753,1.2882812927339777
2.237999999999975,1.288109583816951
2.239999999999975,1.2879363225842895
2.2419999999999747,1.2877614261579755
2.2439999999999745,1.2875859326239696
2.2459999999999742,1.2874103225039146
2.247999999999974,1.2872347841380627
2.249999999999974,1.2870593736995293
2.2519999999999736,1.2868839352698955
2.2539999999999734,1.2867080415489702
2.255999999999973,1.2865320102344358
2.257999999999973,1.2863559952431556
2.2599999999999727,1.2861800548296418
2.2619999999999725,1.2860042153227644
2.2639999999999723,1.2858290239900916
2.265999999999972,1.285653576459086
2.267999999999972,1.2854780077720662
2.2699999999999716,1.2853024438337983
2.2719999999999714,1.2851269397913412
2.273999999999971,1.2849515230161979
2.275999999999971,1.2847761976058691
2.2779999999999707,1.2846009616355865
2.2799999999999705,1.2844258125187389
2.2819999999999703,1.2842495300005572
2.28399999999997,1.2840719877018012
2.28599999999997,1.283893978041492
2.2879999999999696,1.2837158724407725
2.2899999999999694,1.2835378232173704
2.291999999999969,1.2833598767510777
2.293999999999969,1.2831824070852165
2.2959999999999687,1.2830055619860194
2.2979999999999685,1.282829023111458
2.2999999999999683,1.282652276223782
2.301999999999968,1.2824751466293465
2.303999999999968,1.2822978897271171
2.3059999999999676,1.2821206296105225
2.3079999999999674,1.2819434180524116
2.309999999999967,1.2817662694911407
2.311999999999967,1.2815891915582112
2.3139999999999668,1.2814121839093595
2.3159999999999665,1.2812352402622744
2.3179999999999663,1.2810586926694252
2.319999999999966,1.280882593967425
2.321999999999966,1.2807067150161453
2.3239999999999656,1.2805309445373627
2.3259999999999654,1.2803553690986618
2.327999999999965,1.2801800484947763
2.329999999999965,1.2800048571425628
2.3319999999999648,1.2798297440328608
2.3339999999999645,1.279654685102135
2.3359999999999643,1.2794796725079112
2.337999999999964,1.2793047079776987
2.339999999999964,1.2791294711161845
2.3419999999999637,1.2789539413369233
2.3439999999999634,1.278778331306208
2.3459999999999632,1.2786000774908284
2.347999999999963,1.2784202585318543
2.349999999999963,1.2782397365734728
2.3519999999999626,1.2780590791140725
2.3539999999999623,1.2778785116252847
2.355999999999962,1.2776980959387336
2.357999999999962,1.2775178358569126
2.3599999999999617,1.2773377145528024
2.3619999999999615,1.277156301731288
2.3639999999999612,1.276973534345752
2.365999999999961,1.2767902770791688
2.367999999999961,1.2766068171575613
2.3699999999999606,1.2764233499557955
2.3719999999999604,1.2762401364376774
2.37399999999996,1.2760575061279635
2.37599999999996,1.2758751851072931
2.3779999999999597,1.2756930361086174
2.3799999999999595,1.2755109937047462
2.3819999999999593,1.2753290337060499
2.383999999999959,1.275147149462336
2.385999999999959,1.2749653405192027
2.3879999999999586,1.274784051760121
2.3899999999999584,1.2746036219025951
2.391999999999958,1.2744235971239977
2.393999999999958,1.2742436597551823
2.3959999999999577,1.274063190054829
2.3979999999999575,1.2738825136470708
2.3999999999999573,1.2737017974381177
2.401999999999957,1.2735211176322492
2.403999999999957,1.2733405077383935
2.4059999999999566,1.2731599725666203
2.4079999999999564,1.272979511357995
2.409999999999956,1.2727991218352102
2.411999999999956,1.2726187980168024
2.4139999999999557,1.2724380655833945
2.4159999999999555,1.2722571394785613
2.4179999999999553,1.2720761925665618
2.419999999999955,1.2718952947779891
2.421999999999955,1.2717144713029773
2.4239999999999546,1.2715337263681838
2.4259999999999544,1.2713530542437943
2.427999999999954,1.271172999835384
2.429999999999954,1.270993285995589
2.4319999999999538,1.2708137410533573
2.4339999999999535,1.2706342853713786
2.4359999999999533,1.2704548902493749
2.437999999999953,1.2702755485969053
2.439999999999953,1.2700962571944165
2.4419999999999527,1.2699159494915393
2.4439999999999524,1.26973335979106
2.445999999999952,1.2695498408533192
2.447999999999952,1.2693660486994298
2.4499999999999518,1.2691822532723405
2.4519999999999516,1.2689958432427166
2.4539999999999513,1.268808382232169
2.455999999999951,1.2686206330045635
2.457999999999951,1.2684329123735234
2.4599999999999507,1.2682453303115635
2.4619999999999505,1.2680579021094482
2.4639999999999502,1.2678706166633045
2.46599999999995,1.2676834548507379
2.46799999999995,1.2674963572260638
2.4699999999999496,1.2673092529052514
2.4719999999999493,1.2671222731700418
2.473999999999949,1.2669363978985042
2.475999999999949,1.2667510584431707
2.4779999999999487,1.2665659669007716
2.4799999999999485,1.2663809988348893
2.4819999999999482,1.2661964422799306
2.483999999999948,1.2660123343678695
2.485999999999948,1.2658280365357415
2.4879999999999476,1.2656435472267857
2.4899999999999474,1.2654583669359079
2.491999999999947,1.2652729003584229
2.493999999999947,1.2650873897610986
2.4959999999999467,1.2649019375630732
2.4979999999999465,1.2647165790193309
2.4999999999999463,1.2645313180618771
2.501999999999946,1.2643461564081566
2.503999999999946,1.26416108647798
2.5059999999999456,1.263976103778495
2.5079999999999454,1.2637912042291695
2.509999999999945,1.2636063841004292
2.511999999999945,1.26342163752229
2.5139999999999447,1.2632369669409529
2.5159999999999445,1.2630523685466755
2.5179999999999443,1.262867841421689
2.519999999999944,1.2626833854160284
2.521999999999944,1.2624990003702443
2.5239999999999436,1.2623130381519725
2.5259999999999434,1.2621258588244249
2.527999999999943,1.2619382442114313
2.529999999999943,1.2617505472876243
2.5319999999999427,1.2615629084038271
2.5339999999999425,1.2613753629989317
2.5359999999999423,1.261187891434538
2.537999999999942,1.261000381088012
2.539999999999942,1.2608128887840055
2.5419999999999416,1.260625440944823
2.5439999999999414,1.2604380518274982
2.545999999999941,1.2602507206775289
2.547999999999941,1.260063446519085
2.5499999999999408,1.2598762284435947
2.5519999999999405,1.2596890656623383
2.5539999999999403,1.259501953748118
2.55599999999994,1.2593148167466452
2.55799999999994,1.259126637550921
2.5599999999999397,1.2589369685795888
2.5619999999999394,1.2587467647338992
2.563999999999939,1.2585564726577279
2.565999999999939,1.2583662691976762
2.5679999999999388,1.2581760962595434
2.5699999999999386,1.2579859974835033
2.5719999999999383,1.257796006803551
2.573999999999938,1.25760613269003
2.575999999999938,1.257416370062343
2.5779999999999377,1.257226714946676
2.5799999999999375,1.2570371643212377
2.5819999999999372,1.2568477158146407
2.583999999999937,1.256657697088467
2.585999999999937,1.2564674323625051
2.5879999999999366,1.2562771339592447
2.5899999999999364,1.2560870485016498
2.591999999999936,1.2558975547945312
2.593999999999936,1.255708372610748
2.5959999999999357,1.255519357980645
2.5979999999999355,1.2553304482382517
2.5999999999999353,1.2551416163941065
2.601999999999935,1.2549528600017652
2.603999999999935,1.2547641761289245
2.6059999999999346,1.2545735040757864
2.6079999999999344,1.2543818896938737
2.609999999999934,1.2541899775896748
2.611999999999934,1.2539980516563907
2.6139999999999337,1.253806213433244
2.6159999999999335,1.2536144860776175
2.6179999999999333,1.2534228608926519
2.619999999999933,1.2532313250311005
2.621999999999933,1.2530398678424446
2.6239999999999326,1.252848482641326
2.6259999999999324,1.2526571305565484
2.627999999999932,1.252465288085384
2.629999999999932,1.252272913684164
2.6319999999999317,1.2520800045082003
2.6339999999999315,1.2518869386749985
2.6359999999999313,1.2516938842044016
2.637999999999931,1.251500904233409
2.639999999999931,1.251308416567146
2.6419999999999306,1.2511169096452892
2.6439999999999304,1.2509259417364287
2.64599999999993,1.2507357097769267
2.64799999999993,1.2505457949262042
2.6499999999999297,1.250356011333146
2.6519999999999295,1.2501662854467241
2.6539999999999293,1.2499766024524883
2.655999999999929,1.2497869597712226
2.657999999999929,1.2495973624972834
2.6599999999999286,1.2494078199875456
2.6619999999999284,1.2492183322615371
2.663999999999928,1.2490288726216519
2.665999999999928,1.2488369369320558
2.6679999999999278,1.248643577768327
2.6699999999999275,1.248449756097927
2.6719999999999273,1.248255899645526
2.673999999999927,1.2480621689117968
2.675999999999927,1.2478685379557866
2.6779999999999267,1.2476743470885798
2.6799999999999264,1.2474799820921045
2.681999999999926,1.247285629775251
2.683999999999926,1.2470913655860612
2.685999999999926,1.2468972081914333
2.6879999999999256,1.2467010289707816
2.6899999999999253,1.246504024327448
2.691999999999925,1.246306786652637
2.693999999999925,1.2461095718325175
2.6959999999999247,1.2459121655825554
2.6979999999999245,1.245714603082656
2.6999999999999242,1.245517491795885
2.701999999999924,1.2453206556942187
2.703999999999924,1.2451239902577576
2.7059999999999236,1.244927444176386
2.7079999999999234,1.2447309911942894
2.709999999999923,1.2445346233132115
2.711999999999923,1.2443383390065832
2.7139999999999227,1.2441421384906928
2.7159999999999225,1.2439461440692936
2.7179999999999223,1.2437505460843519
2.719999999999922,1.2435551609804498
2.721999999999922,1.2433599015127175
2.7239999999999216,1.2431641410562104
2.7259999999999214,1.242968267612289
2.727999999999921,1.242772939770454
2.729999999999921,1.2425779053854735
2.7319999999999207,1.2423830289394122
2.7339999999999205,1.2421882489422802
2.7359999999999203,1.2419935412306258
2.73799999999992,1.2417988945509546
2.73999999999992,1.241604311845406
2.7419999999999196,1.2414097911269004
2.7439999999999194,1.2412153332961584
2.745999999999919,1.2410209434319248
2.747999999999919,1.2408266183924332
2.7499999999999187,1.240632353522182
2.7519999999999185,1.2404383865241497
2.7539999999999183,1.2402449403107902
2.755999999999918,1.2400517459727898
2.757999999999918,1.2398586744782565
2.7599999999999176,1.2396655978586921
2.7619999999999174,1.23947247685799
2.763999999999917,1.2392790855180482
2.765999999999917,1.2390852814002138
2.7679999999999167,1.238891350625795
2.7699999999999165,1.2386953862983645
2.7719999999999163,1.2384981634945722
2.773999999999916,1.2382982788457157
2.775999999999916,1.2380967468216726
2.7779999999999156,1.2378947220417118
2.7799999999999154,1.2376926928075607
2.781999999999915,1.2374908304132257
2.783999999999915,1.2372891614692656
2.7859999999999148,1.2370876699222082
2.7879999999999145,1.2368863322481058
2.7899999999999143,1.2366851251632542
2.791999999999914,1.2364840353508297
2.793999999999914,1.2362830516045653
2.7959999999999137,1.2360821736274394
2.7979999999999134,1.2358813959861277
2.7999999999999132,1.2356807167470012
2.801999999999913,1.2354801350014255
2.803999999999913,1.2352796499195076
2.8059999999999126,1.235079622370492
2.8079999999999123,1.234880062473974
2.809999999999912,1.2346807392998467
2.811999999999912,1.234481547162107
2.8139999999999117,1.234282440247158
2.8159999999999115,1.2340831979941291
2.8179999999999112,1.2338833914200311
2.819999999999911,1.2336833881373186
2.821999999999911,1.2334833668526928
2.8239999999999106,1.2332838791456615
2.8259999999999104,1.2330853847885035
2.82799999999991,1.23288735661713
2.82999999999991,1.2326895366457673
2.8319999999999097,1.2324912515445776
2.8339999999999095,1.232292732334534
2.8359999999999093,1.2320941696523409
2.837999999999909,1.2318956469029858
2.839999999999909,1.2316972026915196
2.8419999999999086,1.2314988444153416
2.8439999999999084,1.2313005724731434
2.845999999999908,1.231102384974524
2.847999999999908,1.2309042796799432
2.8499999999999077,1.2307062546413743
2.8519999999999075,1.2305063431589325
2.8539999999999073,1.230305417700813
2.855999999999907,1.2301041460877433
2.857999999999907,1.2299029697668984
2.8599999999999066,1.2297023769709987
2.8619999999999064,1.22950205925245
2.863999999999906,1.229301174246481
2.865999999999906,1.2291000710695195
2.8679999999999057,1.2288989246213613
2.8699999999999055,1.2286978126146935
2.8719999999999053,1.2284967641081317
2.873999999999905,1.228295786537691
2.875999999999905,1.2280948792099713
2.8779999999999046,1.227894039295814
2.8799999999999044,1.2276932640782352
2.881999999999904,1.2274914656281675
2.883999999999904,1.2272873964648656
2.8859999999999038,1.227082456195
2.8879999999999035,1.2268773142502856
2.8899999999999033,1.2266722419823637
2.891999999999903,1.2264673256011474
2.893999999999903,1.2262625719578044
2.8959999999999027,1.2260579714785393
2.8979999999999024,1.2258529605796786
2.899999999999902,1.2256477436588586
2.901999999999902,1.225442522649264
2.9039999999999018,1.2252373907504315
2.9059999999999016,1.2250324302627935
2.9079999999999013,1.2248287760631844
2.909999999999901,1.2246250112230843
2.911999999999901,1.2244216631408762
2.9139999999999007,1.2242186515988602
2.9159999999999004,1.224015821386103
2.9179999999999002,1.2238131095466243
2.9199999999999,1.2236104852061274
2.9219999999999,1.2234079463309497
2.9239999999998996,1.2232054950217042
2.9259999999998993,1.2230031296014077
2.927999999999899,1.2228008553007723
2.929999999999899,1.2225986695615554
2.9319999999998987,1.2223965719916108
2.9339999999998985,1.222192503411686
2.9359999999998982,1.2219876039850568
2.937999999999898,1.2217824607586274
2.939999999999898,1.221577332358906
2.9419999999998976,1.221372301821993
2.9439999999998974,1.2211673562232626
2.945999999999897,1.220962412658746
2.947999999999897,1.2207575204612904
2.9499999999998967,1.220552698931562
2.9519999999998965,1.2203479495893035
2.9539999999998963,1.220143276314341
2.955999999999896,1.2199379739034732
2.957999999999896,1.2197323504810278
2.9599999999998956,1.2195266533786717
2.9619999999998954,1.2193208107385647
2.963999999999895,1.2191149271102435
2.965999999999895,1.2189092418097058
2.9679999999998947,1.2187037031032544
2.9699999999998945,1.2184982776658402
2.9719999999998943,1.218292942485516
2.973999999999894,1.218087691512083
2.975999999999894,1.2178825170306324
2.9779999999998936,1.2176774167889122
2.9799999999998934,1.2174723905152625
2.981999999999893,1.2172674344791157
2.983999999999893,1.2170625527614243
2.9859999999998927,1.2168577424605012
2.9879999999998925,1.2166530073024306
2.9899999999998923,1.2164495308631884
2.991999999999892,1.216244597610534
2.993999999999892,1.2160381209144762
2.9959999999998916,1.2158310882513537
2.9979999999998914,1.2156239737231838
2.999999999999891,1.2154169680646252
3.001999999999891,1.2152094563546025
3.0039999999998908,1.2150016854585561
3.0059999999998905,1.2147939116709798
3.0079999999998903,1.2145862377035261
3.00999999999989,1.2143787021599906
3.01199999999989,1.2141713065556852
3.0139999999998897,1.2139633930095088
3.0159999999998894,1.2137545117010242
3.017999999999889,1.2135452937788118
3.019999999999889,1.2133360358299217
3.0219999999998888,1.2131268625516602
3.0239999999998886,1.212917811837892
3.0259999999998883,1.2127087511497254
3.027999999999888,1.2124992031756272
3.029999999999888,1.2122895152420852
3.0319999999998877,1.2120798573776204
3.0339999999998875,1.2118702030529849
3.0359999999998872,1.211660606553304
3.037999999999887,1.2114511071176688
3.039999999999887,1.2112417133584923
3.0419999999998866,1.2110324285562186
3.0439999999998864,1.2108232448053662
3.045999999999886,1.2106141579756908
3.047999999999886,1.2104043776711007
3.0499999999998857,1.2101943170061098
3.0519999999998855,1.2099842140057404
3.0539999999998853,1.2097741720671953
3.055999999999885,1.2095642321868565
3.057999999999885,1.209354398532584
3.0599999999998846,1.2091446637840537
3.0619999999998844,1.2089350272975945
3.063999999999884,1.2087254823955957
3.065999999999884,1.2085163402872041
3.0679999999998837,1.208307719867279
3.0699999999998835,1.2080997890693337
3.0719999999998833,1.207893015500058
3.073999999999883,1.2076867550326318
3.075999999999883,1.2074807045911773
3.0779999999998826,1.2072747405143494
3.0799999999998824,1.2070688275082395
3.081999999999882,1.206862964688361
3.083999999999882,1.2066571610103063
3.0859999999998817,1.2064514217405067
3.0879999999998815,1.2062457577799648
3.0899999999998813,1.2060397548185564
3.091999999999881,1.2058333825346896
3.093999999999881,1.2056256103326597
3.0959999999998806,1.205415732396264
3.0979999999998804,1.2052050605848548
3.09999999999988,1.2049942191063137
3.10199999999988,1.20478101037085
3.1039999999998797,1.2045662782123852
3.1059999999998795,1.2043511200555386
3.1079999999998793,1.2041360161885584
3.109999999999879,1.2039211283420543
3.111999999999879,1.2037064876699093
3.1139999999998786,1.2034920794388808
3.1159999999998784,1.2032781851197256
3.117999999999878,1.203064913638754
3.119999999999878,1.2028518842000295
3.1219999999998778,1.2026390013128068
3.1239999999998775,1.2024262431129344
3.1259999999998773,1.2022136082777781
3.127999999999877,1.202001101075254
3.129999999999877,1.2017887257191593
3.1319999999998767,1.2015768745904114
3.1339999999998764,1.2013654433964382
3.135999999999876,1.2011542526985737
3.137999999999876,1.2009429968699121
3.139999999999876,1.2007311688408673
3.1419999999998756,1.2005191612501593
3.1439999999998753,1.200307172255689
3.145999999999875,1.2000952876490705
3.147999999999875,1.1998835343076837
3.1499999999998747,1.1996719235023714
3.1519999999998745,1.199460095066263
3.1539999999998742,1.199247894623321
3.155999999999874,1.199035641034317
3.157999999999874,1.1988234784235128
3.1599999999998736,1.1986114702794255
3.1619999999998734,1.1983996321504964
3.163999999999873,1.1981883991594604
3.165999999999873,1.1979785218987655
3.1679999999998727,1.1977692992746136
3.1699999999998725,1.1975603937755137
3.1719999999998723,1.1973513017161008
3.173999999999872,1.1971404201977933
3.175999999999872,1.1969288429883245
3.1779999999998716,1.19671711686696
3.1799999999998714,1.1965054847214767
3.181999999999871,1.1962940341600041
3.183999999999871,1.1960823124646882
3.1859999999998707,1.1958701986230138
3.1879999999998705,1.195658036413272
3.1899999999998703,1.195446267105436
3.19199999999987,1.195235039504482
3.19399999999987,1.195024155988103
3.1959999999998696,1.194813517722012
3.1979999999998694,1.194603087442625
3.199999999999869,1.1943928581070256
3.201999999999869,1.194182714089588
3.2039999999998687,1.1939727319499929
3.2059999999998685,1.1937629558856224
3.2079999999998683,1.1935534154809555
3.209999999999868,1.1933441322754397
3.211999999999868,1.1931332442663554
3.2139999999998676,1.1929206459467305
3.2159999999998674,1.192707619865637
3.217999999999867,1.1924948358257073
3.219999999999867,1.1922825595990323
3.2219999999998667,1.1920708746096895
3.2239999999998665,1.1918597963704345
3.2259999999998663,1.1916493254811071
3.227999999999866,1.1914394651475881
3.229999999999866,1.1912294452984842
3.2319999999998656,1.1910196732610259
3.2339999999998654,1.19081047447842
3.235999999999865,1.1906020398183983
3.237999999999865,1.1903945048368048
3.2399999999998648,1.1901880015182227
3.2419999999998645,1.1899827107954315
3.2439999999998643,1.189778891337117
3.245999999999864,1.1895743976828737
3.247999999999864,1.1893712034100574
3.2499999999998637,1.189171178267301
3.2519999999998634,1.1889779305380395
3.2539999999998632,0.8884739688486173
3.255999999999863,0.7433497632920323
3.257999999999863,0.6772416976172672
3.2599999999998626,0.6493296989134396
3.2619999999998623,0.6388561324705622
3.263999999999862,0.6357472217252477
3.265999999999862,0.635374516852318
3.2679999999998617,0.6357469061263905
3.2699999999998615,0.6361022448830326
3.2719999999998612,0.6362134908111203
3.273999999999861,0.6360675915592806
3.275999999999861,0.635717286513552
3.2779999999998606,0.6352229179751296
3.2799999999998604,0.6346344279160469
3.28199999999986,0.6339876970895205
3.28399999999986,0.633306522227745
3.2859999999998597,0.6326058586768584
3.2879999999998595,0.6318941101335938
3.2899999999998593,0.6311762058988732
3.291999999999859,0.6304556282340219
3.293999999999859,0.62973506241102
3.2959999999998586,0.6290157728240269
3.2979999999998584,0.6282976926750096
3.299999999999858,0.627580787398169
3.301999999999858,0.626864249348331
3.3039999999998577,0.6261480011270447
3.3059999999998575,0.6254324977868271
3.3079999999998573,0.6247179631110296
3.309999999999857,0.6240045011457209
3.311999999999857,0.6232921570157449
3.3139999999998566,0.6225809461928364
3.3159999999998564,0.6218710754811052
3.317999999999856,0.6211624271028713
3.319999999999856,0.6204549513102757
3.3219999999998557,0.6197486230531593
3.3239999999998555,0.6190434278172727
3.3259999999998553,0.6183393567848543
3.327999999999855,0.617636405847505
3.329999999999855,0.6169336810305597
3.3319999999998546,0.6162312382697435
3.3339999999998544,0.6155295266853571
3.335999999999854,0.6148287665896801
3.337999999999854,0.6141300312133929
3.3399999999998538,0.613433387399525
3.3419999999998535,0.6127383146671324
3.3439999999998533,0.612043757347751
3.345999999999853,0.6113494974135621
3.347999999999853,0.6106559518448871
3.3499999999998527,0.609963332122333
3.3519999999998524,0.6092717369999523
3.353999999999852,0.6085812129587422
3.355999999999852,0.6078917757772492
3.3579999999998518,0.6072028321313846
3.3599999999998515,0.6065142360965297
3.3619999999998513,0.6058276539997028
3.363999999999851,0.6051426151319701
3.365999999999851,0.604458875029009
3.3679999999998507,0.6037763107146649
3.3699999999998504,0.6030948632443311
3.3719999999998502,0.6024141931252462
3.37399999999985,0.6017334570486068
3.37599999999985,0.6010532525269175
3.3779999999998496,0.6003738792505928
3.3799999999998493,0.5996954792489286
3.381999999999849,0.599018116508051
3.383999999999849,0.5983425432235336
3.3859999999998487,0.5976691675754506
3.3879999999998485,0.59699616434442
3.3899999999998482,0.5963237946931983
3.391999999999848,0.5956522774837548
3.393999999999848,0.5949817218962523
3.3959999999998476,0.5943121819416145
3.3979999999998474,0.593643679517721
3.399999999999847,0.5929762233154209
3.401999999999847,0.5923090798793857
3.4039999999998467,0.5916420664210151
3.4059999999998465,0.5909756740427745
3.4079999999998463,0.5903110577182454
3.409999999999846,0.5896484466339127
3.411999999999846,0.5889873343794676
3.4139999999998456,0.5883274663128537
3.4159999999998454,0.5876685762741067
3.417999999999845,0.5870095161054769
3.419999999999845,0.586350907102181
3.4219999999998447,0.5856930638604568
3.4239999999998445,0.5850361392656082
3.4259999999998443,0.5843802025851921
3.427999999999844,0.5837252825278259
3.429999999999844,0.5830713871595468
3.4319999999998436,0.5824185621655784
3.4339999999998434,0.5817669462546717
3.435999999999843,0.5811164395772856
3.437999999999843,0.580466989455916
3.4399999999998427,0.5798185698554015
3.4419999999998425,0.5791711660833099
3.4439999999998423,0.5785247712066571
3.445999999999842,0.5778793816097947
3.447999999999842,0.5772337474028373
3.4499999999998416,0.5765884656137945
3.4519999999998414,0.5759438923244737
3.453999999999841,0.5753001988943329
3.455999999999841,0.5746578173158415
3.4579999999998408,0.5740177545503309
3.4599999999998405,0.5733793177510258
3.4619999999998403,0.57274182296237
3.46399999999984,0.5721043059318885
3.46599999999984,0.5714672847602926
3.4679999999998397,0.5708310220257717
3.4699999999998394,0.5701956451747019
3.471999999999839,0.5695612149714395
3.473999999999839,0.5689277568649845
3.4759999999998388,0.5682952779301985
3.4779999999998386,0.5676631636130695
3.4799999999998383,0.5670310479685077
3.481999999999838,0.5664005500544034
3.483999999999838,0.565771766569604
3.4859999999998377,0.5651443107608682
3.4879999999998375,0.5645179861172355
3.4899999999998372,0.5638926949775376
3.491999999999837,0.5632683915224971
3.493999999999837,0.5626442670554223
3.4959999999998366,0.5620202063980461
3.4979999999998364,0.5613966856773399
3.499999999999836,0.5607739418531514
3.501999999999836,0.5601520841283585
3.5039999999998357,0.5595311609881221
3.5059999999998355,0.5589111889771431
3.5079999999998353,0.5582936756157161
3.509999999999835,0.5576770045371181
3.511999999999835,0.5570607463187367
3.5139999999998346,0.5564451677094615
3.5159999999998344,0.5558304061455535
3.517999999999834,0.5552165286607486
3.519999999999834,0.5546035680193058
3.5219999999998337,0.5539915356716103
3.5239999999998335,0.5533804360433996
3.5259999999998333,0.5527694941750532
3.527999999999833,0.5521585832941105
3.529999999999833,0.5515481850906558
3.5319999999998326,0.5509385749478009
3.5339999999998324,0.5503313193243701
3.535999999999832,0.5497256825914724
3.537999999999832,0.549121285298473
3.5399999999998317,0.5485179422925953
3.5419999999998315,0.5479149714426443
3.5439999999998313,0.5473119300048326
3.545999999999831,0.5467093329840093
3.547999999999831,0.54610743636563
3.5499999999998306,0.5455063616533922
3.5519999999998304,0.5449061650637366
3.55399999999983,0.5443068688162604
3.55599999999983,0.5437084794964173
3.5579999999998297,0.5431107103602436
3.5599999999998295,0.542513926522467
3.5619999999998293,0.5419183621625497
3.563999999999829,0.5413238481206577
3.565999999999829,0.5407302981563855
3.5679999999998286,0.5401376670019201
3.5699999999998284,0.5395459341907329
3.571999999999828,0.538955087085013
3.573999999999828,0.538365119204352
3.5759999999998278,0.5377748640982409
3.5779999999998275,0.5371847841063968
3.5799999999998273,0.5365952604930364
3.581999999999827,0.5360064776525908
3.583999999999827,0.5354185207346518
3.5859999999998267,0.534831959143547
3.5879999999998264,0.5342475018039147
3.589999999999826,0.5336644973078395
3.591999999999826,0.533082009470893
3.593999999999826,0.532499493140745
3.5959999999998256,0.5319174009629544
3.5979999999998253,0.5313359609957252
3.599999999999825,0.5307552848792194
3.601999999999825,0.5301754235772781
3.6039999999998247,0.5295963980005406
3.6059999999998245,0.529018213845784
3.6079999999998242,0.528440870393009
3.609999999999824,0.5278631408931593
3.611999999999824,0.5272855789721587
3.6139999999998236,0.5267094789194345
3.6159999999998234,0.5261351089204637
3.617999999999823,0.525561997942856
3.619999999999823,0.5249899044007925
3.6219999999998227,0.5244187094809735
3.6239999999998225,0.5238483558378024
3.6259999999998223,0.5232784140643247
3.627999999999822,0.5227081743671163
3.629999999999822,0.5221382123396235
3.6319999999998216,0.5215688131386518
3.6339999999998214,0.5210001146099446
3.635999999999821,0.5204321771400661
3.637999999999821,0.5198650243498771
3.6399999999998207,0.519298662667731
3.6419999999998205,0.5187339694890457
3.6439999999998203,0.5181703593393077
3.64599999999982,0.5176071010620548
3.64799999999982,0.5170444002116403
3.6499999999998196,0.5164823634475606
3.6519999999998194,0.5159210411909758
3.653999999999819,0.5153604551353913
3.655999999999819,0.5148006145028703
3.6579999999998187,0.5142415202504671
3.6599999999998185,0.5136831711157721
3.6619999999998183,0.513124599278934
3.663999999999818,0.512565958769649
3.665999999999818,0.5120076793285215
3.6679999999998176,0.5114499711545981
3.6699999999998174,0.5108932564732148
3.671999999999817,0.5103385857392556
3.673999999999817,0.5097852703008003
3.6759999999998167,0.5092329595499214
3.6779999999998165,0.5086814807812682
3.6799999999998163,0.5081297167180592
3.681999999999816,0.5075778918866135
3.683999999999816,0.507026405442276
3.6859999999998156,0.5064754548224345
3.6879999999998154,0.5059251328153705
3.689999999999815,0.5053754801688886
3.691999999999815,0.5048265112653075
3.6939999999998148,0.5042782299652508
3.6959999999998145,0.5037306354811034
3.6979999999998143,0.5031827681873209
3.699999999999814,0.502635470451886
3.701999999999814,0.502089600291396
3.7039999999998137,0.5015447729413116
3.7059999999998134,0.5010007916368233
3.7079999999998132,0.5004575555135707
3.709999999999813,0.4999150152800282
3.711999999999813,0.4993731492022896
3.7139999999998126,0.4988319477774995
3.7159999999998123,0.49829067664530924
3.717999999999812,0.4977491319446471
3.719999999999812,0.49720780991973557
3.7219999999998117,0.49666695758518253
3.7239999999998115,0.4961266926714795
3.7259999999998112,0.49558707072582775
3.727999999999811,0.49504811510687363
3.729999999999811,0.494510274725231
3.7319999999998106,0.49397436750280443
3.7339999999998104,0.49343938776598095
3.73599999999981,0.49290422306310244
3.73799999999981,0.4923693091826661
3.7399999999998097,0.491834870270273
3.7419999999998095,0.4913010209355192
3.7439999999998093,0.4907678182971599
3.745999999999809,0.4902352906485886
3.747999999999809,0.48970345137847293
3.7499999999998086,0.48917230717504545
3.7519999999998084,0.4886418627997835
3.753999999999808,0.4881109974072999
3.755999999999808,0.48758010951436975
3.7579999999998077,0.487049596337496
3.7599999999998075,0.4865196531522363
3.7619999999998073,0.48599137130236986
3.763999999999807,0.485464755474464
3.765999999999807,0.48493931465657625
3.7679999999998066,0.4844148049408727
3.7699999999998064,0.4838911099749658
3.771999999999806,0.4833677525876764
3.773999999999806,0.48284404182999097
3.7759999999998057,0.4823205453460309
3.7779999999998055,0.4817975510254002
3.7799999999998053,0.4812752003760861
3.781999999999805,0.4807535610490249
3.783999999999805,0.4802326635312486
3.7859999999998046,0.4797125215844634
3.7879999999998044,0.47919313965043003
3.789999999999804,0.4786745200818543
3.791999999999804,0.4781557910064523
3.7939999999998038,0.47760529683221165
3.7959999999998035,0.47705147804711034
3.7979999999998033,0.4765036843464873
3.799999999999803,0.4759637586289636
3.801999999999803,0.4754308333583955
3.8039999999998027,0.47490337402883886
3.8059999999998024,0.47437995044144904
3.807999999999802,0.47385945553672887
3.809999999999802,0.4733411074880794
3.8119999999998018,0.4728232362729114
3.8139999999998015,0.4723059313626709
3.8159999999998013,0.4717893714448817
3.817999999999801,0.4712736195581317
3.819999999999801,0.4707586897029628
3.8219999999998007,0.4702445774870952
3.8239999999998004,0.4697312733748169
3.8259999999998002,0.4692187678445299
3.8279999999998,0.4687073456701349
3.8299999999998,0.46819799393310624
3.8319999999997996,0.46768879207251735
3.8339999999997993,0.46717997304885284
3.835999999999799,0.4666717341787104
3.837999999999799,0.4661641746450625
3.8399999999997987,0.46565734287151095
3.8419999999997985,0.46515126105452076
3.8439999999997982,0.46464593861880793
3.845999999999798,0.4641413786813993
3.847999999999798,0.4636375814614748
3.8499999999997976,0.4631345459022722
3.8519999999997974,0.4626311069170398
3.853999999999797,0.46212770693806404
3.855999999999797,0.4616247302477414
3.8579999999997967,0.4611223649947168
3.8599999999997965,0.46062070012801754
3.8619999999997963,0.4601197744098411
3.863999999999796,0.4596209612998278
3.865999999999796,0.4591236433115423
3.8679999999997956,0.45862742518684607
3.8699999999997954,0.45813211166400397
3.871999999999795,0.4576367141219355
3.873999999999795,0.4571412224157842
3.8759999999997947,0.4566460734796123
3.8779999999997945,0.45615148523666
3.8799999999997943,0.4556575628924597
3.881999999999794,0.45516435495267216
3.883999999999794,0.45467188200407416
3.8859999999997936,0.45418015162877057
3.8879999999997934,0.4536891654542913
3.889999999999793,0.45319892262657746
3.891999999999793,0.45270898956484185
3.8939999999997927,0.45221869346055465
3.8959999999997925,0.45172860902867396
3.8979999999997923,0.4512393848922504
3.899999999999792,0.45075204801309166
3.901999999999792,0.4502660099761997
3.9039999999997916,0.4497809717786552
3.9059999999997914,0.44929678485377744
3.907999999999791,0.44881337734360505
3.909999999999791,0.44833071550520276
3.9119999999997908,0.4478487839156724
3.9139999999997905,0.4473664762421419
3.9159999999997903,0.44688413075099154
3.91799999999979,0.44640215119243476
3.91999999999979,0.44592073622720435
3.9219999999997897,0.4454399800568918
3.9239999999997894,0.44495992495230985
3.925999999999789,0.4444805882412028
3.927999999999789,0.44400197559808996
3.9299999999997888,0.44352408774589336
3.9319999999997886,0.44304692337981744
3.9339999999997883,0.4425704007669376
3.935999999999788,0.44209474747029753
3.937999999999788,0.44161988539780406
3.9399999999997877,0.44114577417765083
3.9419999999997875,0.44067239307890094
3.9439999999997872,0.44019973143830043
3.945999999999787,0.4397277834968186
3.947999999999787,0.4392565459828775
3.9499999999997866,0.4387860166762916
3.9519999999997864,0.43831619392595067
3.953999999999786,0.4378470762565295
3.955999999999786,0.4373781667808045
3.9579999999997857,0.43690888395360805
3.9599999999997855,0.43643978987886256
3.9619999999997852,0.43597116443646555
3.963999999999785,0.4355031425359539
3.965999999999785,0.43503578634732387
3.9679999999997846,0.4345691225109801
3.9699999999997844,0.43410316100863067
3.971999999999784,0.4336386180112808
3.973999999999784,0.4331758493452915
3.9759999999997837,0.43271429075594137
3.9779999999997835,0.4322531194614759
3.9799999999997833,0.43179168496949155
3.981999999999783,0.4313304757807564
3.983999999999783,0.4308697385791589
3.9859999999997826,0.43040959424252023
3.9879999999997824,0.4299500997328376
3.989999999999782,0.4294912802139074
3.991999999999782,0.4290331456640245
3.9939999999997817,0.42857569902506765
3.9959999999997815,0.4281189401859453
3.9979999999997813,0.4276628678675877
3.999999999999781,0.4272071148039832
4.001999999999781,0.4267508977551382
4.003999999999781,0.4262948138393687
4.005999999999781,0.42583916153667833
4.007999999999781,0.4253840850008906
4.00999999999978,0.4249302113765233
4.01199999999978,0.4244781591191724
4.01399999999978,0.4240273364351446
4.01599999999978,0.4235774456041086
4.0179999999997795,0.42312834070363703
4.019999999999779,0.4226799524345748
4.021999999999779,0.4222322490240118
4.023999999999779,0.421783915000047
4.025999999999779,0.4213355823739458
4.027999999999778,0.42088760744165205
4.029999999999778,0.4204401642972837
4.031999999999778,0.4199933348320613
4.033999999999778,0.4195471551514366
4.0359999999997775,0.419101639634798
4.037999999999777,0.4186567929428008
4.039999999999777,0.418212615439134
4.041999999999777,0.41776910581563736
4.043999999999777,0.4173262622499288
4.045999999999776,0.4168834161819517
4.047999999999776,0.4164402370705279
4.049999999999776,0.4159983555206699
4.051999999999776,0.41555779029682893
4.053999999999776,0.41511820352849993
4.055999999999775,0.4146794240954495
4.057999999999775,0.41424136737717854
4.059999999999775,0.4138039925942424
4.061999999999775,0.41336728059205635
4.0639999999997745,0.4129312225093129
4.065999999999774,0.41249581418330666
4.067999999999774,0.4120610534659138
4.069999999999774,0.4116258077710242
4.071999999999774,0.4111904507659656
4.073999999999773,0.410755386588036
4.075999999999773,0.41032081326107184
4.077999999999773,0.4098868241596981
4.079999999999773,0.4094534609504175
4.0819999999997725,0.40902074058261995
4.083999999999772,0.4085886686807993
4.085999999999772,0.40815724599306413
4.087999999999772,0.40772647137197543
4.089999999999772,0.40729722273638025
4.091999999999771,0.4068696032625258
4.093999999999771,0.4064417474470332
4.095999999999771,0.40601409345322864
4.097999999999771,0.40558686628065277
4.0999999999997705,0.40516017823891
4.10199999999977,0.4047340833915869
4.10399999999977,0.4043086064327632
4.10599999999977,0.403883757673029
4.10799999999977,0.4034595406242979
4.109999999999769,0.4030359557337489
4.111999999999769,0.4026130023605845
4.113999999999769,0.402190678688918
4.115999999999769,0.40176898361102087
4.1179999999997685,0.40134660353080165
4.119999999999768,0.4009241820765419
4.121999999999768,0.4005020788144025
4.123999999999768,0.4000804684873932
4.125999999999768,0.3996594325861849
4.127999999999767,0.39923900689615854
4.129999999999767,0.3988192055793801
4.131999999999767,0.39840131142971613
4.133999999999767,0.39798482893189635
4.1359999999997665,0.3975693366232956
4.137999999999766,0.3971546269120383
4.139999999999766,0.3967406007094537
4.141999999999766,0.39632620142538677
4.143999999999766,0.39591159435683615
4.145999999999765,0.39549721138759064
4.147999999999765,0.39508326603840865
4.149999999999765,0.3946698601481422
4.151999999999765,0.3942570399040114
4.1539999999997645,0.39384482467141957
4.155999999999764,0.39343322137297765
4.157999999999764,0.393022231495498
4.159999999999764,0.39261185429558754
4.161999999999764,0.3922020883039544
4.1639999999997634,0.3917929318604164
4.165999999999763,0.39138394756092687
4.167999999999763,0.3909744425255905
4.169999999999763,0.39056500580423736
4.171999999999763,0.3901559305423553
4.173999999999762,0.38974817664789424
4.175999999999762,0.3893420134039876
4.177999999999762,0.38893692798691754
4.179999999999762,0.3885326635475359
4.1819999999997615,0.3881290945954235
4.183999999999761,0.3877261618733334
4.185999999999761,0.3873238383765851
4.187999999999761,0.3869221122684837
4.189999999999761,0.3865209784810654
4.19199999999976,0.38611950223732294
4.19399999999976,0.3857177436947884
4.19599999999976,0.38531616484535586
4.19799999999976,0.3849149937918363
4.1999999999997595,0.38451433858264183
4.201999999999759,0.3841142479699131
4.203999999999759,0.3837147422636805
4.205999999999759,0.38331582866824393
4.207999999999759,0.38291750888522325
4.209999999999758,0.3825197819226801
4.211999999999758,0.3821226461741299
4.213999999999758,0.3817263952304275
4.215999999999758,0.38133123993505996
4.2179999999997575,0.3809357987507677
4.219999999999757,0.3805403266185128
4.221999999999757,0.38014588117893455
4.223999999999757,0.3797522411183396
4.225999999999757,0.37935929125727486
4.227999999999756,0.3789669729144669
4.229999999999756,0.3785752568053372
4.231999999999756,0.3781841285034056
4.233999999999756,0.3777935808502926
4.2359999999997555,0.377403610159164
4.237999999999755,0.37701421430368376
4.239999999999755,0.376625391820693
4.241999999999755,0.3762371414557887
4.243999999999755,0.37584841435749683
4.245999999999754,0.37545944052143004
4.247999999999754,0.3750706551397974
4.249999999999754,0.37468227155993783
4.251999999999754,0.3742943903848955
4.2539999999997535,0.3739070566074133
4.255999999999753,0.37352062731755825
4.257999999999753,0.37313528747273916
4.259999999999753,0.37275076567925297
4.261999999999753,0.3723669258905057
4.263999999999752,0.3719837017245521
4.265999999999752,0.37160106166183643
4.267999999999752,0.37121899115835416
4.269999999999752,0.3708375215152977
4.2719999999997516,0.37045598925681766
4.273999999999751,0.37007471680448134
4.275999999999751,0.3696938655795138
4.277999999999751,0.36931351355204756
4.279999999999751,0.36893369663589204
4.2819999999997505,0.368554430238168
4.28399999999975,0.3681757200835735
4.28599999999975,0.36779756758738946
4.28799999999975,0.36741997232679446
4.28999999999975,0.3670429334140965
4.291999999999749,0.3666664492569639
4.293999999999749,0.36629051841766114
4.295999999999749,0.365915139905302
4.297999999999749,0.3655390294838807
4.2999999999997485,0.3651632462640302
4.301999999999748,0.3647881683630907
4.303999999999748,0.3644137246933642
4.305999999999748,0.36403987520234216
4.307999999999748,0.3636665977221471
4.309999999999747,0.36329388006640584
4.311999999999747,0.36292171542359847
4.313999999999747,0.3625500998567266
4.315999999999747,0.36217903086998854
4.3179999999997465,0.3618085067240577
4.319999999999746,0.36143919362540383
4.321999999999746,0.36107080863555235
4.323999999999746,0.3607029209574208
4.325999999999746,0.3603343957934875
4.327999999999745,0.3599658400250386
4.329999999999745,0.3595975586978576
4.331999999999745,0.3592296999612653
4.333999999999745,0.35886233295976333
4.3359999999997445,0.358495487595881
4.337999999999744,0.35812917620017676
4.339999999999744,0.357763402625369
4.341999999999744,0.35739816724895496
4.343999999999744,0.3570335368548992
4.345999999999743,0.3566701340049181
4.347999999999743,0.356307596645147
4.349999999999743,0.3559457430902106
4.351999999999743,0.3555843053559066
4.3539999999997425,0.35522217384008226
4.355999999999742,0.35485998042802724
4.357999999999742,0.3544980417989126
4.359999999999742,0.3541365113651921
4.361999999999742,0.3537754603698192
4.363999999999741,0.35341492001294406
4.365999999999741,0.35305490273632273
4.367999999999741,0.35269541253355985
4.369999999999741,0.3523365264167119
4.3719999999997405,0.35197883177888123
4.37399999999974,0.3516219809281322
4.37599999999974,0.3512657993739413
4.37799999999974,0.3509102021467541
4.37999999999974,0.35055514916575276
4.381999999999739,0.3501994585413044
4.383999999999739,0.34984351566000377
4.385999999999739,0.34948772953241003
4.387999999999739,0.3491323033717939
4.3899999999997386,0.34877733014011914
4.391999999999738,0.3484233462507648
4.393999999999738,0.34807037566419774
4.395999999999738,0.3477181575977223
4.397999999999738,0.3473665618719188
4.3999999999997375,0.3470155254074726
4.401999999999737,0.34666501865438853
4.403999999999737,0.3463150276483493
4.405999999999737,0.34596554651812533
4.407999999999737,0.34561657234251514
4.409999999999736,0.34526771531909767
4.411999999999736,0.3449182180875895
4.413999999999736,0.3445686798810991
4.415999999999736,0.3442193984774589
4.4179999999997355,0.34387051671834296
4.419999999999735,0.343522100067096
4.421999999999735,0.343174175977063
4.423999999999735,0.3428270571290507
4.425999999999735,0.3424809665566514
4.427999999999734,0.34213563033899097
4.429999999999734,0.3417909117210057
4.431999999999734,0.3414467445091927
4.433999999999734,0.34110309754360013
4.4359999999997335,0.34075995666851117
4.437999999999733,0.3404173154850786
4.439999999999733,0.34007473168362495
4.441999999999733,0.33973228271640943
4.443999999999733,0.3393901600828667
4.445999999999732,0.3390484573759769
4.447999999999732,0.3387072183308938
4.449999999999732,0.33836646225942413
4.451999999999732,0.3380261969811581
4.4539999999997315,0.33768642455923276
4.455999999999731,0.3373471453854498
4.457999999999731,0.33700835871453955
4.459999999999731,0.33667006347136785
4.461999999999731,0.3363322585494211
4.46399999999973,0.33599494282127734
4.46599999999973,0.3356581151889609
4.46799999999973,0.3353217746230596
4.46999999999973,0.3349854775263587
4.4719999999997295,0.33464854314430525
4.473999999999729,0.33431155960467873
4.475999999999729,0.3339748191740691
4.477999999999729,0.3336384614473131
4.479999999999729,0.33330311279399183
4.481999999999728,0.33296859378330385
4.483999999999728,0.33263472415091977
4.485999999999728,0.3323014140562054
4.487999999999728,0.3319686200704605
4.4899999999997275,0.33163632348821015
4.491999999999727,0.33130530566350763
4.493999999999727,0.33097514917720805
4.495999999999727,0.33064564527546014
4.497999999999727,0.3303166928320409
4.499999999999726,0.3299882444919117
4.501999999999726,0.32965905501792764
4.503999999999726,0.3293296203167175
4.505999999999726,0.329000324257055
4.507999999999726,0.3286713535964226
4.509999999999725,0.3283427955018552
4.511999999999725,0.32801468858290755
4.513999999999725,0.3276870486165914
4.515999999999725,0.32735988115648357
4.5179999999997245,0.3270331873726585
4.519999999999724,0.3267069667776189
4.521999999999724,0.3263812182894334
4.523999999999724,0.32605594073754707
4.525999999999724,0.32573113290911154
4.527999999999723,0.3254067937555638
4.529999999999723,0.3250829222216931
4.531999999999723,0.32475928932828474
4.533999999999723,0.32443488121351904
4.5359999999997225,0.32411055091911756
4.537999999999722,0.323786928658232
4.539999999999722,0.323463900635107
4.541999999999722,0.3231414044974965
4.543999999999722,0.32281999569737785
4.545999999999721,0.3224995878798589
4.547999999999721,0.32217989449831225
4.549999999999721,0.3218607747038267
4.551999999999721,0.3215421615130676
4.5539999999997205,0.321224024230445
4.55599999999972,0.3209063491864083
4.55799999999972,0.3205891304199609
4.55999999999972,0.3202723653102845
4.56199999999972,0.31995605250724285
4.563999999999719,0.31964004070311663
4.565999999999719,0.31932319496767686
4.567999999999719,0.31900618589801244
4.569999999999719,0.3186893475606235
4.5719999999997185,0.31837284037383917
4.573999999999718,0.3180567381596804
4.575999999999718,0.31774107291869014
4.577999999999718,0.31742585734613554
4.579999999999718,0.3171110956553568
4.581999999999717,0.3167967885320452
4.583999999999717,0.3164829352593311
4.585999999999717,0.31616953477798887
4.587999999999717,0.3158565859764594
4.5899999999997165,0.3155440877421418
4.591999999999716,0.31523203901312113
4.593999999999716,0.3149204388161555
4.595999999999716,0.3146097374560325
4.597999999999716,0.3142991224284571
4.599999999999715,0.3139889850403266
4.601999999999715,0.3136793093023469
4.603999999999715,0.3133700861575854
4.605999999999715,0.31306131009805177
4.6079999999997145,0.3127529785041152
4.609999999999714,0.31244508989947795
4.611999999999714,0.312137642522845
4.613999999999714,0.3118306351270237
4.615999999999714,0.31152406668788457
4.6179999999997134,0.31121793630974026
4.619999999999713,0.31091224309935955
4.621999999999713,0.31060698619887916
4.623999999999713,0.31030216471828465
4.625999999999713,0.3099977777635209
4.627999999999712,0.3096938244776737
4.629999999999712,0.3093903039745673
4.631999999999712,0.3090858747622147
4.633999999999712,0.3087812056905193
4.6359999999997115,0.3084766605851439
4.637999999999711,0.3081724146284813
4.639999999999711,0.3078685487255033
4.641999999999711,0.3075650982877309
4.643999999999711,0.30726207751504975
4.64599999999971,0.30695949130799827
4.64799999999971,0.3066573406361508
4.64999999999971,0.3063556250180032
4.65199999999971,0.3060543434590609
4.6539999999997095,0.3057534948632247
4.655999999999709,0.30545379110215687
4.657999999999709,0.3051556017104957
4.659999999999709,0.3048583530239977
4.661999999999709,0.30456176132234536
4.663999999999708,0.3042656911935828
4.665999999999708,0.3039688758018917
4.667999999999708,0.30367174709896244
4.669999999999708,0.303374695655827
4.6719999999997075,0.3030779120511563
4.673999999999707,0.3027814855808041
4.675999999999707,0.30248545602597227
4.677999999999707,0.3021898398684805
4.679999999999707,0.301894643100631
4.681999999999706,0.3015998672811756
4.683999999999706,0.3013055121717575
4.685999999999706,0.301011576915919
4.687999999999706,0.3007180605413556
4.6899999999997055,0.3004249620426226
4.691999999999705,0.3001322804518769
4.693999999999705,0.29984001484398465
4.695999999999705,0.2995481643610207
4.697999999999705,0.2992567281702033
4.699999999999704,0.29896515583372535
4.701999999999704,0.2986729053749565
4.703999999999704,0.2983805508196361
4.705999999999704,0.2980883761749009
4.7079999999997035,0.2977965164168321
4.709999999999703,0.29750503295427044
4.711999999999703,0.2972139521393662
4.713999999999703,0.29692328419299485
4.715999999999703,0.29663303251154144
4.717999999999702,0.2963445800108263
4.719999999999702,0.2960572824232976
4.721999999999702,0.2957707382024305
4.723999999999702,0.2954847528159919
4.7259999999997016,0.2951992354184145
4.727999999999701,0.2949141452451203
4.729999999999701,0.29462946474464835
4.731999999999701,0.2943451867837257
4.733999999999701,0.29406130817092035
4.7359999999997004,0.2937770983940692
4.7379999999997,0.29349228552419704
4.7399999999997,0.293207399331815
4.7419999999997,0.29292270054695835
4.7439999999997,0.2926383125830174
4.745999999999699,0.29235429117738737
4.747999999999699,0.29207066001416776
4.749999999999699,0.2917874282269224
4.751999999999699,0.2915045986099176
4.7539999999996985,0.29122217140478585
4.755999999999698,0.290940145933526
4.757999999999698,0.29065852128530234
4.759999999999698,0.29037729648640653
4.761999999999698,0.2900964705933849
4.763999999999697,0.28981604274064565
4.765999999999697,0.28953601206644164
4.767999999999697,0.2892563777282057
4.769999999999697,0.2889771389003593
4.7719999999996965,0.2886979510296913
4.773999999999696,0.2884179511459294
4.775999999999696,0.28813777156032133
4.777999999999696,0.2878577258645304
4.779999999999696,0.2875782445585883
4.781999999999695,0.28730043433536273
4.783999999999695,0.2870236335539763
4.785999999999695,0.2867475102280392
4.787999999999695,0.2864719036380831
4.7899999999996945,0.286196738724231
4.791999999999694,0.2859219817929774
4.793999999999694,0.2856476183144728
4.795999999999694,0.2853736421681319
4.797999999999694,0.2851000508315274
4.799999999999693,0.2848268431484504
4.801999999999693,0.284554018344507
4.803999999999693,0.2842815759126913
4.805999999999693,0.2840095149382016
4.8079999999996925,0.28373783492731003
4.809999999999692,0.283465782844478
4.811999999999692,0.2831931137596172
4.813999999999692,0.28292035553777123
4.815999999999692,0.28264776769738253
4.817999999999691,0.28237547283390463
4.819999999999691,0.2821035263370184
4.821999999999691,0.2818319516966626
4.823999999999691,0.2815607579966498
4.8259999999996905,0.2812899480568137
4.82799999999969,0.28101952217405524
4.82999999999969,0.2807494797304899
4.83199999999969,0.2804798198710232
4.83399999999969,0.28021054167622994
4.835999999999689,0.2799416442524195
4.837999999999689,0.279673126882049
4.839999999999689,0.2794049884541879
4.841999999999689,0.27913722838424504
4.8439999999996886,0.27886984590866626
4.845999999999688,0.2786030387987289
4.847999999999688,0.2783374315221456
4.849999999999688,0.2780717397340265
4.851999999999688,0.2778061930047959
4.8539999999996875,0.27754090986947266
4.855999999999687,0.2772759490677963
4.857999999999687,0.277011338469083
4.859999999999687,0.27674709052090035
4.861999999999687,0.2764832098197813
4.863999999999686,0.2762196986694158
4.865999999999686,0.275956557557036
4.867999999999686,0.2756937855997253
4.869999999999686,0.27543138202338696
4.8719999999996855,0.2751693460662394
4.873999999999685,0.27490767700252716
4.875999999999685,0.2746463740631915
4.877999999999685,0.27438543652991726
4.879999999999685,0.274124863669199
4.881999999999684,0.27386465474793537
4.883999999999684,0.27360480905929885
4.885999999999684,0.2733453258487815
4.887999999999684,0.2730851276235643
4.8899999999996835,0.27282445502337366
4.891999999999683,0.2725637554749813
4.893999999999683,0.27230324667798345
4.895999999999683,0.2720430303584205
4.897999999999683,0.2717831518407914
4.899999999999682,0.2715236300366726
4.901999999999682,0.271264472041406
4.903999999999682,0.2710056798879866
4.905999999999682,0.2707472535884614
4.9079999999996815,0.27048919252954723
4.909999999999681,0.27023149584019185
4.911999999999681,0.26997416264908436
4.913999999999681,0.2697171921458939
4.915999999999681,0.2694615800325766
4.91799999999968,0.26920728440880803
4.91999999999968,0.26895379476663994
4.92199999999968,0.268700860908156
4.92399999999968,0.26844836472137856
4.9259999999996795,0.26819625265765923
4.927999999999679,0.2679435697213886
4.929999999999679,0.26769032217149835
4.931999999999679,0.26743699477083394
4.933999999999679,0.2671838251219754
4.935999999999678,0.2669309250900632
4.937999999999678,0.2666783449635635
4.939999999999678,0.2664261060006048
4.941999999999678,0.26617421634476135
4.9439999999996775,0.26592267850980283
4.945999999999677,0.2656714927749124
4.947999999999677,0.2654206585619435
4.949999999999677,0.26517017509351526
4.951999999999677,0.26492004154327814
4.953999999999676,0.26467025713142056
4.955999999999676,0.2644208210694032
4.957999999999676,0.2641717326349158
4.959999999999676,0.2639229910926764
4.961999999999676,0.2636745957556391
4.963999999999675,0.2634265459503067
4.965999999999675,0.2631788409619644
4.967999999999675,0.2629314134585968
4.969999999999675,0.2626829575400786
4.9719999999996745,0.26243418978214506
4.973999999999674,0.2621854668940935
4.975999999999674,0.2619369596906698
4.977999999999674,0.2616887465859596
4.979999999999674,0.2614408617838465
4.981999999999673,0.2611933190944341
4.983999999999673,0.26094612350270935
4.985999999999673,0.26069979668404347
4.987999999999673,0.2604545080898559
4.9899999999996725,0.260209960924723
4.991999999999672,0.2599663876264907
4.993999999999672,0.2597234488766178
4.995999999999672,0.25948097938323567
4.997999999999672,0.25923890124971105
4.999999999999671,0.2589971794880723
5.001999999999671,0.2587557987816227
5.003999999999671,0.2585147526783378
5.005999999999671,0.2582740384953174
5.0079999999996705,0.25803365500797765
5.00999999999967,0.25779360149133035
5.01199999999967,0.25755261406449204
5.01399999999967,0.2573112044188522
5.01599999999967,0.2570697784624847
5.017999999999669,0.25682853213062545
5.019999999999669,0.2565875561676232
5.021999999999669,0.2563468905487711
5.023999999999669,0.25610655174130503
5.0259999999996685,0.2558665457541385
5.027999999999668,0.25562687424426295
5.029999999999668,0.25538753715822526
5.031999999999668,0.25514853386200875
5.033999999999668,0.25490986357053735
5.035999999999667,0.2546715255102975
5.037999999999667,0.25443351891849375
5.039999999999667,0.25419584308817206
5.041999999999667,0.25395849732833464
5.0439999999996665,0.25372148094962704
5.045999999999666,0.2534847933100014
5.047999999999666,0.253248433741625
5.049999999999666,0.253012401587297
5.051999999999666,0.2527766962914818
5.053999999999665,0.25254105992767134
5.055999999999665,0.2523044672320568
5.057999999999665,0.2520679844477678
5.059999999999665,0.2518323422794778
5.0619999999996645,0.25159728205701853
5.063999999999664,0.25136267018631964
5.065999999999664,0.25112844008683594
5.067999999999664,0.2508945596074394
5.069999999999664,0.2506610136458101
5.0719999999996634,0.2504279799788462
5.073999999999663,0.2501956656907949
5.075999999999663,0.2499638609325381
5.077999999999663,0.24973246184405712
5.079999999999663,0.24950141888137395
5.081999999999662,0.24927070888345235
5.083999999999662,0.24904032168544182
5.085999999999662,0.24881025271009533
5.087999999999662,0.24858049985162678
5.0899999999996615,0.24835106202760104
5.091999999999661,0.24812193852370526
5.093999999999661,0.24789312874290959
5.095999999999661,0.24766463211147433
5.097999999999661,0.24743644805077936
5.09999999999966,0.24720732988627983
5.10199999999966,0.24697775331102864
5.10399999999966,0.24674813385019245
5.10599999999966,0.246518672192446
5.1079999999996595,0.24628946138399102
5.109999999999659,0.24606054252219642
5.111999999999659,0.24583193258485198
5.113999999999659,0.2456036378524628
5.115999999999659,0.24537566010814849
5.117999999999658,0.245147999383851
5.119999999999658,0.2449206551000245
5.121999999999658,0.24469362652253368
5.123999999999658,0.24446691299064735
5.1259999999996575,0.24424051358366244
5.127999999999657,0.24401442776874138
5.129999999999657,0.243788654880705
5.131999999999657,0.24356319427424503
5.133999999999657,0.24333851898382236
5.135999999999656,0.24311490833007102
5.137999999999656,0.24289196302567745
5.139999999999656,0.24266948599078159
5.141999999999656,0.2424473833926464
5.1439999999996555,0.24222561214950672
5.145999999999655,0.24200282795289355
5.147999999999655,0.2417796472328792
5.149999999999655,0.24155644690158457
5.151999999999655,0.2413334088066159
5.153999999999654,0.24111061690513713
5.155999999999654,0.24088810845988456
5.157999999999654,0.24066618009404794
5.159999999999654,0.24044487343704063
5.1619999999996535,0.24022402150814418
5.163999999999653,0.24000354164519133
5.165999999999653,0.23978339431334753
5.167999999999653,0.23956356119066072
5.169999999999653,0.2393440339924786
5.171999999999652,0.2391248089897924
5.173999999999652,0.2389058844232003
5.175999999999652,0.23868725933460755
5.177999999999652,0.2384689330623163
5.1799999999996515,0.23825090503565527
5.181999999999651,0.23803317470410923
5.183999999999651,0.23781574151182755
5.185999999999651,0.2375986048965999
5.187999999999651,0.23738176428418353
5.1899999999996504,0.23716521910611746
5.19199999999965,0.23694843565997925
5.19399999999965,0.23673079396035449
5.19599999999965,0.23651290158259072
5.19799999999965,0.23629505849684013
5.199999999999649,0.23607740707959496
5.201999999999649,0.23586001202510978
5.203999999999649,0.23564290118322545
5.205999999999649,0.23542608563081133
5.2079999999996485,0.23520956916227465
5.209999999999648,0.23499335260205048
5.211999999999648,0.2347774356643625
5.213999999999648,0.23456233945520555
5.215999999999648,0.23434830643163201
5.217999999999647,0.23413493074947497
5.219999999999647,0.23392201232121584
5.221999999999647,0.23370945601268134
5.223999999999647,0.23349721821948663
5.2259999999996465,0.233285279704144
5.227999999999646,0.23307363228092054
5.229999999999646,0.23286227261859885
5.231999999999646,0.23265119906137288
5.233999999999646,0.23244041107346072
5.235999999999645,0.23222990793722065
5.237999999999645,0.23201968930694425
5.239999999999645,0.23180961062414882
5.241999999999645,0.23159848751184692
5.2439999999996445,0.23138701450519905
5.245999999999644,0.23117553685050435
5.247999999999644,0.23096450589694384
5.249999999999644,0.23075399827651877
5.251999999999644,0.23054389440948975
5.253999999999643,0.23033413298419303
5.255999999999643,0.23012468359741162
5.257999999999643,0.22991553161218795
5.259999999999643,0.229706670074715
5.2619999999996425,0.2294980956546835
5.263999999999642,0.22928980669611065
5.265999999999642,0.22908180223345215
5.267999999999642,0.22887408158510775
5.269999999999642,0.22866664416911675
5.271999999999641,0.22845948942274757
5.273999999999641,0.2282526168199122
5.275999999999641,0.22804602582178718
5.277999999999641,0.22783971586877907
5.2799999999996405,0.22763368642901524
5.28199999999964,0.227427936943076
5.28399999999964,0.2272224668793975
5.28599999999964,0.22701727567936228
5.28799999999964,0.22681236281458306
5.289999999999639,0.2266075764781798
5.291999999999639,0.2264017044135223
5.293999999999639,0.22619545990250886
5.295999999999639,0.22598919747442428
5.2979999999996386,0.22578308662091834
5.299999999999638,0.22557720500851536
5.301999999999638,0.2253715864871253
5.303999999999638,0.225166244761001
5.305999999999638,0.22496118476105814
5.3079999999996375,0.22475640774241498
5.309999999999637,0.22455191361051222
5.311999999999637,0.22434770177724694
5.313999999999637,0.22414377158640908
5.315999999999637,0.2239401223510052
5.317999999999636,0.22373675345656657
5.319999999999636,0.22353366428030824
5.321999999999636,0.2233308542387385
5.323999999999636,0.22312832276644745
5.3259999999996355,0.22292606932638942
5.327999999999635,0.22272409334846793
5.329999999999635,0.2225223942820052
5.331999999999635,0.22232097158199537
5.333999999999635,0.22211982470782254
5.335999999999634,0.22191895311883486
5.337999999999634,0.22171835627431832
5.339999999999634,0.2215180336353294
5.341999999999634,0.2213175010248959
5.3439999999996335,0.22111616512207383
5.345999999999633,0.22091484786742244
5.347999999999633,0.22071369685571693
5.349999999999633,0.22051277890984225
5.351999999999633,0.22031212267185513
5.353999999999632,0.22011173949909474
5.355999999999632,0.21991163324887553
5.357999999999632,0.21971180435411802
5.359999999999632,0.21951225263038332
5.3619999999996315,0.21931297796862176
5.363999999999631,0.2191139797721943
5.365999999999631,0.21891525728020633
5.367999999999631,0.2187168097773713
5.369999999999631,0.21851863663782983
5.37199999999963,0.21832073722244988
5.37399999999963,0.21812311094292353
5.37599999999963,0.21792575723736315
5.37799999999963,0.21772867558792613
5.3799999999996295,0.2175318654201611
5.381999999999629,0.2173353261873352
5.383999999999629,0.21713905735401323
5.385999999999629,0.2169430583853299
5.387999999999629,0.21674732874941927
5.389999999999628,0.2165518679163254
5.391999999999628,0.21635667534532474
5.393999999999628,0.2161617505097698
5.395999999999628,0.21596599329716637
5.3979999999996275,0.21576958894537251
5.399999999999627,0.2155730263136957
5.401999999999627,0.21537654356079222
5.403999999999627,0.21518025209983643
5.405999999999627,0.21498420176619015
5.407999999999626,0.2147884135402131
5.409999999999626,0.21459289547188543
5.411999999999626,0.2143976501078773
5.413999999999626,0.2142026778089438
5.415999999999626,0.21400797815663442
5.417999999999625,0.21381355051125578
5.419999999999625,0.21361939420520118
5.421999999999625,0.21342550859880663
5.423999999999625,0.2132318930497039
5.4259999999996245,0.21303854701873517
5.427999999999624,0.21284546995447606
5.429999999999624,0.2126526613071193
5.431999999999624,0.21246012049526336
5.433999999999624,0.2122678470181809
5.435999999999623,0.21207584030903714
5.437999999999623,0.2118840998737968
5.439999999999623,0.2116926251487312
5.441999999999623,0.21150141564088612
5.4439999999996225,0.2113104707875127
5.445999999999622,0.2111197900988275
5.447999999999622,0.21092943782198414
5.449999999999622,0.21073925773138155
5.451999999999622,0.21054817087945704
5.453999999999621,0.21035678873661984
5.455999999999621,0.21016541560949892
5.457999999999621,0.20997419710884263
5.459999999999621,0.20978319992836875
5.4619999999996205,0.20959245310857072
5.46399999999962,0.20940196830792962
5.46599999999962,0.20921174968901268
5.46799999999962,0.2090217982122472
5.46999999999962,0.2088321137391922
5.471999999999619,0.2086426956643048
5.473999999999619,0.2084535433799767
5.475999999999619,0.2082646562050278
5.477999999999619,0.20807603352917314
5.4799999999996185,0.20788767482673945
5.481999999999618,0.20769957949991597
5.483999999999618,0.20751174699777697
5.485999999999618,0.2073241767889221
5.487999999999618,0.20713686834690268
5.489999999999617,0.20694982118242594
5.491999999999617,0.20676303471394253
5.493999999999617,0.20657650842127495
5.495999999999617,0.20639024179093915
5.4979999999996165,0.20620423430744436
5.499999999999616,0.20601848545750034
5.501999999999616,0.20583299472666639
5.503999999999616,0.2056477616011071
5.505999999999616,0.20546278556756775
5.507999999999615,0.20527676246578444
5.509999999999615,0.20509013908105206
5.511999999999615,0.204903376321306
5.513999999999615,0.2047166975528893
5.5159999999996145,0.20453020664203467
5.517999999999614,0.20434394973430878
5.519999999999614,0.20415794599567622
5.521999999999614,0.20397220266698596
5.523999999999614,0.2037867219619761
5.525999999999613,0.20360150410254074
5.527999999999613,0.20341654862146585
5.529999999999613,0.20323185486458137
5.531999999999613,0.203047422167376
5.533999999999613,0.2028632498986661
5.535999999999612,0.20267933737314334
5.537999999999612,0.20249568365884332
5.539999999999612,0.2023269989531937
5.541999999999612,0.20231886902077323
5.5439999999996115,0.20239393576958198
5.545999999999611,0.20250511748677175
5.547999999999611,0.2026340072527978
5.549999999999611,0.20277053680388496
5.551999999999611,0.2029095336445551
5.55399999999961,0.20304700471583448
5.55599999999961,0.20318420911910437
5.55799999999961,0.20332144003528843
5.55999999999961,0.2034585963299258
5.5619999999996095,0.20347115618823147
5.563999999999609,0.20342367516368573
5.565999999999609,0.20373182160769043
5.567999999999609,0.20382781790620755
5.569999999999609,0.20407410968428066
5.571999999999608,0.20413752018465242
5.573999999999608,0.20445140269208184
5.575999999999608,0.20471010429321074
5.577999999999608,0.20477636660606924
5.5799999999996075,0.20474963625613826
5.581999999999607,0.20519234549600518
5.583999999999607,0.2055249174521916
5.585999999999607,0.20562394237562137
5.587999999999607,0.20560986074256185
5.589999999999606,0.20554310750606203
5.591999999999606,0.2061348442468237
5.593999999999606,0.20636061703512742
5.595999999999606,0.20674986476125737
5.5979999999996055,0.20687239487017683
5.599999999999605,0.207201526238748
5.601999999999605,0.20729464542537845
5.603999999999605,0.2074356278695019
5.605999999999605,0.20810075235725634
5.607999999999604,0.20835319140261496
5.609999999999604,0.20840253563839561
5.611999999999604,0.20835576766926048
5.613999999999604,0.2094646861945994
5.6159999999996035,0.2100451985920666
5.617999999999603,0.2102425984693363
5.619999999999603,0.21190550698923954
5.621999999999603,0.21261577224710498
5.623999999999603,0.21285676569907885
5.625999999999602,0.2128757822700402
5.627999999999602,0.21279435536190383
5.629999999999602,0.21266980455786755
5.631999999999602,0.21252796322234874
5.6339999999996015,0.212379854254207
5.635999999999601,0.21222984669085093
5.637999999999601,0.2120794818552984
5.639999999999601,0.21192918674916744
5.641999999999601,0.21177896503299032
5.6439999999996004,0.21162707020330693
5.6459999999996,0.21147431954868176
5.6479999999996,0.21132110187148906
5.6499999999996,0.21116759405854893
5.6519999999996,0.2110138722891729
5.653999999999599,0.21086001635605153
5.655999999999599,0.21070625694566314
5.657999999999599,0.21055245670026215
5.659999999999599,0.21039854592444468
5.6619999999995985,0.21024449050141103
5.663999999999598,0.21009027436574151
5.665999999999598,0.20993589009591634
5.667999999999598,0.20978133427665085
5.669999999999598,0.20904268490542421
5.671999999999597,0.20779346277426433
5.673999999999597,0.20712873499776396
5.675999999999597,0.20675238004721969
5.677999999999597,0.20651241525076247
5.6799999999995965,0.20633404891517845
5.681999999999596,0.20618198439389349
5.683999999999596,0.2060403077628164
5.685999999999596,0.20590222759344548
5.687999999999596,0.2057703963573249
5.689999999999595,0.2056357106292057
5.691999999999595,0.20549932000998827
5.693999999999595,0.20536193528379842
5.695999999999595,0.20522396346418859
5.6979999999995945,0.2050856248204047
5.699999999999594,0.2049470331807131
5.701999999999594,0.20480824476658074
5.703999999999594,0.2046681508174022
5.705999999999594,0.20452678280681585
5.707999999999593,0.20438473729764564
5.709999999999593,0.20424230518567554
5.711999999999593,0.20409962231844797
5.713999999999593,0.2039567491122034
5.7159999999995925,0.20381371078533544
5.717999999999592,0.20367051671764416
5.719999999999592,0.20352716973839063
5.721999999999592,0.20338367015908598
5.723999999999592,0.20324001745737663
5.725999999999591,0.2030962109801968
5.727999999999591,0.2029522499704014
5.729999999999591,0.20280813383993473
5.731999999999591,0.20266386195259323
5.7339999999995905,0.2025194338210793
5.73599999999959,0.20237484899790847
5.73799999999959,0.202230106912287
5.73999999999959,0.2020852070447142
5.74199999999959,0.201940148961335
5.743999999999589,0.20179493217082678
5.745999999999589,0.2016495561663496
5.747999999999589,0.201504020443602
5.749999999999589,0.20135832456292124
5.7519999999995886,0.201212468022891
5.753999999999588,0.20106645030842418
5.755999999999588,0.20092027090491435
5.757999999999588,0.20077392960644902
5.759999999999588,0.200627427442929
5.7619999999995875,0.20048076466475429
5.763999999999587,0.20033289751669575
5.765999999999587,0.20018357329169545
5.767999999999587,0.20003347616865264
5.769999999999587,0.19988294173997828
5.771999999999586,0.1997321278777384
5.773999999999586,0.1995811156551428
5.775999999999586,0.1994301579307417
5.777999999999586,0.19927914497521448
5.7799999999995855,0.19912802001083563
5.781999999999585,0.1989767546491345
5.783999999999585,0.19882533527361013
5.785999999999585,0.19867375542465898
5.787999999999585,0.19852201203665543
5.789999999999584,0.1983701035805416
5.791999999999584,0.19821802925763893
5.793999999999584,0.1980657884589915
5.795999999999584,0.19791338064676725
5.7979999999995835,0.19776080531007173
5.799999999999583,0.1976080620168053
5.801999999999583,0.19745515025882207
5.803999999999583,0.1973020695839636
5.805999999999583,0.1971488193846287
5.807999999999582,0.19699539919212022
5.809999999999582,0.19684180855686148
5.811999999999582,0.1966880468641718
5.813999999999582,0.19653411363567214
5.8159999999995815,0.19638000841586767
5.817999999999581,0.19622573058207537
5.819999999999581,0.19607127965143895
5.821999999999581,0.195916301070246
5.823999999999581,0.1957593013933981
5.82599999999958,0.19560124554017638
5.82799999999958,0.19544261376864813
5.82999999999958,0.19528363553806782
5.83199999999958,0.1951244149910686
5.8339999999995795,0.19496499673738169
5.835999999999579,0.19480539836595562
5.837999999999579,0.1946456257693565
5.839999999999579,0.19448568028162178
5.841999999999579,0.19425495090664446
5.843999999999578,0.19406186840152617
5.845999999999578,0.19383163849403762
5.847999999999578,0.1933750594476782
5.849999999999578,0.1928042419577654
5.8519999999995775,0.19245811740883156
5.853999999999577,0.19222209784807975
5.855999999999577,0.1920377480064619
5.857999999999577,0.1918764722243646
5.859999999999577,0.19172485848187515
5.861999999999576,0.19157690963092944
5.863999999999576,0.1914300988925138
5.865999999999576,0.1912834473269242
5.867999999999576,0.19113662589494892
5.869999999999576,0.19098955606195986
5.871999999999575,0.19084224267128524
5.873999999999575,0.19069470978121528
5.875999999999575,0.19054697954885774
5.877999999999575,0.1903990674201561
5.8799999999995745,0.1902509828529849
5.881999999999574,0.1901027312122087
5.883999999999574,0.18995431517203282
5.885999999999574,0.18980573597459358
5.887999999999574,0.18965699386122176
5.889999999999573,0.18950808880778464
5.891999999999573,0.18935708815018804
5.893999999999573,0.1892049040733356
5.895999999999573,0.18885118201505355
5.8979999999995725,0.1886370722025434
5.899999999999572,0.18755658549205428
5.901999999999572,0.1865213537096007
5.903999999999572,0.18596711854996958
5.905999999999572,0.18564774827742797
5.907999999999571,0.18543835552291849
5.909999999999571,0.18527805157556243
5.911999999999571,0.18513835690201463
5.913999999999571,0.18500656628148404
5.9159999999995705,0.184877340059106
5.91799999999957,0.18474861800468068
5.91999999999957,0.1846197144877526
5.92199999999957,0.18449051841352676
5.92399999999957,0.18436114097725126
5.925999999999569,0.18423156387362638
5.927999999999569,0.1841018014103863
5.929999999999569,0.1839718718910333
5.931999999999569,0.18384178990825215
5.9339999999995685,0.18371156478308648
5.935999999999568,0.18358120201582934
5.937999999999568,0.18345070467676117
5.939999999999568,0.1833200740870464
5.941999999999568,0.18318931088979856
5.943999999999567,0.18305841506772047
5.945999999999567,0.18292738655905766
5.947999999999567,0.1827962250977148
5.949999999999567,0.18266493033591177
5.9519999999995665,0.18253350189758744
5.953999999999566,0.18240193939794513
5.955999999999566,0.1822702424520624
5.957999999999566,0.18213841067476083
5.959999999999566,0.18200644368120017
5.961999999999565,0.18187434108896317
5.963999999999565,0.1817421026262521
5.965999999999565,0.18160972779479498
5.967999999999565,0.18147543745729222
5.9699999999995645,0.18134000378062076
5.971999999999564,0.18120396750836568
5.973999999999564,0.18106758927362054
5.975999999999564,0.1795520229703317
5.977999999999564,0.17876183883976562
5.979999999999563,0.1783340925969003
5.981999999999563,0.17808026064958896
5.983999999999563,0.17790627361166067
5.985999999999563,0.1777670352017444
5.987999999999563,0.17764185234335755
5.989999999999562,0.17752171659993668
5.991999999999562,0.17740297466202892
5.993999999999562,0.17728430068571327
5.995999999999562,0.17708599282298348
5.9979999999995615,0.17692899171932966
5.999999999999561,0.17679249270154676
