time,value
0.0,0.745157170338522
0.002,0.7188050225467422
0.004,0.7067825508751692
0.006,1.0540775646608802
0.008,1.207418262693918
0.01,1.2658824674150417
0.012,1.2830884140975714
0.014,1.2847801578642444
0.016,1.2818398469541128
0.018000000000000002,1.2782297686725461
0.020000000000000004,1.2750378423795505
0.022000000000000006,1.272373357586178
0.024000000000000007,1.2700996145878958
0.02600000000000001,1.2680682980986493
0.02800000000000001,1.2661709881623573
0.030000000000000013,1.2643456926369407
0.032000000000000015,1.2625670530961508
0.034000000000000016,1.2608226742848543
0.03600000000000002,1.2591046897382578
0.03800000000000002,1.257411421625532
0.04000000000000002,1.2557431873510505
0.04200000000000002,1.2541027596747698
0.044000000000000025,1.2524892381677053
0.04600000000000003,1.2509032690949156
0.04800000000000003,1.2493434885073595
0.05000000000000003,1.2478110427940883
0.05200000000000003,1.2463086803093764
0.054000000000000034,1.2448339343339034
0.056000000000000036,1.243387056958961
0.05800000000000004,1.2419697243345171
0.06000000000000004,1.2405810704526359
0.06200000000000004,1.2392218568710087
0.06400000000000004,1.2378904755189089
0.06600000000000004,1.2365877407376562
0.06800000000000005,1.2353173332015686
0.07000000000000005,1.234074810618718
0.07200000000000005,1.232863514535941
0.07400000000000005,1.2316826289352665
0.07600000000000005,1.2305308089590472
0.07800000000000006,1.2294037769127582
0.08000000000000006,1.2283033132280008
0.08200000000000006,1.2272301593773007
0.08400000000000006,1.226186838610023
0.08600000000000006,1.225171612098499
0.08800000000000006,1.2241825777880537
0.09000000000000007,1.2232187142974742
0.09200000000000007,1.2222795552851489
0.09400000000000007,1.2213655578766023
0.09600000000000007,1.2204755658674378
0.09800000000000007,1.2196092583078668
0.10000000000000007,1.2187689084957742
0.10200000000000008,1.217956539682807
0.10400000000000008,1.217170979024021
0.10600000000000008,1.21641294190583
0.10800000000000008,1.2156810028258649
0.11000000000000008,1.2149754820561527
0.11200000000000009,1.2142959708821937
0.11400000000000009,1.2136415846376996
0.11600000000000009,1.2130113493482628
0.11800000000000009,1.2124030702185284
0.12000000000000009,1.2118161169778507
0.1220000000000001,1.2112506680526736
0.1240000000000001,1.2107056593893684
0.12600000000000008,1.2101800368104683
0.12800000000000009,1.209672763683137
0.1300000000000001,1.2091828313538935
0.1320000000000001,1.2087091348422991
0.1340000000000001,1.2082491088727783
0.1360000000000001,1.2078028099154332
0.1380000000000001,1.2073688858649474
0.1400000000000001,1.2069472323620105
0.1420000000000001,1.2065373177781389
0.1440000000000001,1.2061384003704942
0.1460000000000001,1.2057496626265176
0.1480000000000001,1.2053702643206812
0.1500000000000001,1.2049991709078554
0.1520000000000001,1.204636225813294
0.1540000000000001,1.2042857370561983
0.1560000000000001,1.2039470309352076
0.1580000000000001,1.2036188513510544
0.16000000000000011,1.2033010280911434
0.16200000000000012,1.202993209531852
0.16400000000000012,1.2026950219094756
0.16600000000000012,1.2024090417876754
0.16800000000000012,1.2021378438343913
0.17000000000000012,1.20188065100706
0.17200000000000013,1.2016375950105656
0.17400000000000013,1.2014079013603183
0.17600000000000013,1.2011904342088244
0.17800000000000013,1.2009839673455223
0.18000000000000013,1.2007872846513856
0.18200000000000013,1.2005989706969526
0.18400000000000014,1.2004177344433762
0.18600000000000014,1.2002428351030296
0.18800000000000014,1.2000734335833239
0.19000000000000014,1.199908742124637
0.19200000000000014,1.1997469630828819
0.19400000000000014,1.1995877741824277
0.19600000000000015,1.199431348122013
0.19800000000000015,1.1992767182895012
0.20000000000000015,1.1991229114419237
0.20200000000000015,1.1989694046352146
0.20400000000000015,1.1988154720969633
0.20600000000000016,1.1986601786357123
0.20800000000000016,1.1985027163737274
0.21000000000000016,1.1983423511601896
0.21200000000000016,1.1981825183539039
0.21400000000000016,1.198027378747998
0.21600000000000016,1.1978755966146815
0.21800000000000017,1.19772695820597
0.22000000000000017,1.1975818522617705
0.22200000000000017,1.1974402495813732
0.22400000000000017,1.1973019300504748
0.22600000000000017,1.1971666122579463
0.22800000000000017,1.197033996574156
0.23000000000000018,1.1969037862667313
0.23200000000000018,1.1967756849295237
0.23400000000000018,1.1966494091961184
0.23600000000000018,1.196524683790674
0.23800000000000018,1.1964012434517408
0.24000000000000019,1.1962788316165143
0.2420000000000002,1.1961571988590696
0.2440000000000002,1.1960360987343464
0.2460000000000002,1.195914437175161
0.2480000000000002,1.195791723002884
0.25000000000000017,1.195668608875543
0.25200000000000017,1.195544928323785
0.25400000000000017,1.1954206328175487
0.25600000000000017,1.1952955668753442
0.2580000000000002,1.1951695236583704
0.2600000000000002,1.1950427320858994
0.2620000000000002,1.1949150166018492
0.2640000000000002,1.1947904523066355
0.2660000000000002,1.194669940076531
0.2680000000000002,1.1945524633247087
0.2700000000000002,1.1944373821601437
0.2720000000000002,1.1943243112729727
0.2740000000000002,1.1942130029635227
0.2760000000000002,1.1941032690088953
0.2780000000000002,1.1939949534095613
0.2800000000000002,1.1938873380936394
0.2820000000000002,1.1937795757274978
0.2840000000000002,1.1936723080192781
0.2860000000000002,1.1935660144060967
0.2880000000000002,1.1934617515677854
0.2900000000000002,1.193359500247184
0.2920000000000002,1.1932592971339995
0.2940000000000002,1.1931610229426068
0.2960000000000002,1.1930644129160088
0.2980000000000002,1.1929693456305517
0.3000000000000002,1.1928757464059854
0.3020000000000002,1.1927830475593328
0.3040000000000002,1.1926907979816022
0.3060000000000002,1.1925985785489144
0.3080000000000002,1.1925061246698014
0.3100000000000002,1.19241316606149
0.3120000000000002,1.1923194278537779
0.3140000000000002,1.1922281438831002
0.3160000000000002,1.1921407981747023
0.3180000000000002,1.1920561664685771
0.32000000000000023,1.1919726229912249
0.32200000000000023,1.1918895933027003
0.32400000000000023,1.19180747578402
0.32600000000000023,1.1917263925999544
0.32800000000000024,1.191646314472239
0.33000000000000024,1.1915671415189826
0.33200000000000024,1.1914885768215473
0.33400000000000024,1.1914103204901425
0.33600000000000024,1.1913324353480972
0.33800000000000024,1.1912553953287544
0.34000000000000025,1.1911789158719077
0.34200000000000025,1.1911026973628638
0.34400000000000025,1.1910265397337123
0.34600000000000025,1.1909507734652305
0.34800000000000025,1.1908755325048623
0.35000000000000026,1.1908002377063849
0.35200000000000026,1.1907245632921855
0.35400000000000026,1.1906483098994798
0.35600000000000026,1.1905713352636789
0.35800000000000026,1.1904935230118128
0.36000000000000026,1.1904147643716247
0.36200000000000027,1.1903349757291677
0.36400000000000027,1.190259119349932
0.36600000000000027,1.1901847092036986
0.36800000000000027,1.1901104875534032
0.3700000000000003,1.1900366695587394
0.3720000000000003,1.189963335205801
0.3740000000000003,1.1898904875956557
0.3760000000000003,1.1898180880929963
0.3780000000000003,1.189745896453407
0.3800000000000003,1.1896737043339798
0.3820000000000003,1.1896016305017012
0.3840000000000003,1.1895296923829135
0.3860000000000003,1.18945785712428
0.3880000000000003,1.1893860754352552
0.3900000000000003,1.1893142833801869
0.3920000000000003,1.1892424191575885
0.3940000000000003,1.1891709277270306
0.3960000000000003,1.189099500364926
0.3980000000000003,1.1890279136208204
0.4000000000000003,1.1889560292935708
0.4020000000000003,1.188883752395439
0.4040000000000003,1.1888110151639588
0.4060000000000003,1.1887377550688063
0.4080000000000003,1.1886639109777997
0.4100000000000003,1.1885894218075868
0.4120000000000003,1.1885146720283801
0.4140000000000003,1.188443296617739
0.4160000000000003,1.1883736930593245
0.4180000000000003,1.188304917882426
0.4200000000000003,1.188235130459189
0.4220000000000003,1.1881651585556896
0.4240000000000003,1.1880957520367157
0.4260000000000003,1.1880265099914247
0.4280000000000003,1.1879573029785317
0.4300000000000003,1.1878882094122856
0.43200000000000033,1.1878192395178655
0.43400000000000033,1.1877503710590824
0.43600000000000033,1.187681576566556
0.43800000000000033,1.1876129853122364
0.44000000000000034,1.18754479833598
0.44200000000000034,1.1874775358386165
0.44400000000000034,1.1874107587390936
0.44600000000000034,1.1873442762928716
0.44800000000000034,1.1872780034358656
0.45000000000000034,1.1872118622415604
0.45200000000000035,1.1871457804133982
0.45400000000000035,1.1870796836696997
0.45600000000000035,1.1870135034542408
0.45800000000000035,1.1869471685117632
0.46000000000000035,1.186880609712274
0.46200000000000035,1.186813754908076
0.46400000000000036,1.1867500772301574
0.46600000000000036,1.1866881189259013
0.46800000000000036,1.1866270885366719
0.47000000000000036,1.186566604516333
0.47200000000000036,1.1865064873968354
0.47400000000000037,1.1864466505854223
0.47600000000000037,1.186386734312453
0.47800000000000037,1.1863262726365245
0.48000000000000037,1.186264512762662
0.4820000000000004,1.186202285759752
0.4840000000000004,1.186139958925474
0.4860000000000004,1.186077665643913
0.4880000000000004,1.1860155308667493
0.4900000000000004,1.185953911570912
0.4920000000000004,1.1858924953033272
0.4940000000000004,1.1858311083722586
0.4960000000000004,1.1857696491117395
0.4980000000000004,1.1857080582642543
0.5000000000000003,1.1856462901602207
0.5020000000000003,1.185584304667059
0.5040000000000003,1.1855220664990145
0.5060000000000003,1.1854595406962722
0.5080000000000003,1.185397036970501
0.5100000000000003,1.1853345219766744
0.5120000000000003,1.185271759005097
0.5140000000000003,1.1852107840101267
0.5160000000000003,1.1851513656877368
0.5180000000000003,1.1850928355958223
0.5200000000000004,1.1850346729851589
0.5220000000000004,1.1849766463113438
0.5240000000000004,1.1849186573996795
0.5260000000000004,1.1848606602471565
0.5280000000000004,1.184802264798503
0.5300000000000004,1.1847436465808472
0.5320000000000004,1.184684891368209
0.5340000000000004,1.1846260323255637
0.5360000000000004,1.1845671891767795
0.5380000000000004,1.1845087008130275
0.5400000000000004,1.1844502762023073
0.5420000000000004,1.184391767621423
0.5440000000000004,1.1843326984523759
0.5460000000000004,1.1842719031494346
0.5480000000000004,1.1842102512982258
0.5500000000000004,1.1841481553490492
0.5520000000000004,1.184085775190464
0.5540000000000004,1.1840231571295243
0.5560000000000004,1.183960298046012
0.5580000000000004,1.183897172189909
0.5600000000000004,1.1838337536082755
0.5620000000000004,1.1837700147741945
0.5640000000000004,1.18370607412393
0.5660000000000004,1.1836439473548244
0.5680000000000004,1.1835826596743906
0.5700000000000004,1.183521711423296
0.5720000000000004,1.1834608759325382
0.5740000000000004,1.18340005434259
0.5760000000000004,1.1833392072348636
0.5780000000000004,1.183278149488014
0.5800000000000004,1.183216722182724
0.5820000000000004,1.1831549476345375
0.5840000000000004,1.1830930201820293
0.5860000000000004,1.1830314978621947
0.5880000000000004,1.1829701058305289
0.5900000000000004,1.1829086983359862
0.5920000000000004,1.1828471985011573
0.5940000000000004,1.1827855712042092
0.5960000000000004,1.1827238009152645
0.5980000000000004,1.1826619393194298
0.6000000000000004,1.1826000496610916
0.6020000000000004,1.1825381427439492
0.6040000000000004,1.182476205814083
0.6060000000000004,1.1824142166039286
0.6080000000000004,1.1823521496798715
0.6100000000000004,1.1822900504545832
0.6120000000000004,1.182228321424041
0.6140000000000004,1.1821666609190724
0.6160000000000004,1.1821039363561983
0.6180000000000004,1.182041312320003
0.6200000000000004,1.1819788817677783
0.6220000000000004,1.1819166167543236
0.6240000000000004,1.181854486485706
0.6260000000000004,1.1817924612335453
0.6280000000000004,1.181730521668246
0.6300000000000004,1.1816686461388142
0.6320000000000005,1.1816068172607277
0.6340000000000005,1.1815451003650335
0.6360000000000005,1.1814835079482995
0.6380000000000005,1.181421963101851
0.6400000000000005,1.1813604155647304
0.6420000000000005,1.1812988363760848
0.6440000000000005,1.1812372061389844
0.6460000000000005,1.181175512151876
0.6480000000000005,1.1811137368979103
0.6500000000000005,1.1810518685821583
0.6520000000000005,1.180989893063242
0.6540000000000005,1.1809277956048718
0.6560000000000005,1.180865564514757
0.6580000000000005,1.1808031823087992
0.6600000000000005,1.1807406399207743
0.6620000000000005,1.1806779199534834
0.6640000000000005,1.1806150099443322
0.6660000000000005,1.180551898097188
0.6680000000000005,1.180488569143776
0.6700000000000005,1.180425417776381
0.6720000000000005,1.180362778257066
0.6740000000000005,1.1803003457236976
0.6760000000000005,1.1802379703148849
0.6780000000000005,1.1801755781038203
0.6800000000000005,1.1801131719951463
0.6820000000000005,1.1800509934280856
0.6840000000000005,1.1799891187456586
0.6860000000000005,1.1799273069503078
0.6880000000000005,1.17986510279743
0.6900000000000005,1.1798026012661136
0.6920000000000005,1.1797398993105261
0.6940000000000005,1.1796765108661935
0.6960000000000005,1.1796114803193014
0.6980000000000005,1.179545687992174
0.7000000000000005,1.1794795547952135
0.7020000000000005,1.1794132498803127
0.7040000000000005,1.179346711031041
0.7060000000000005,1.1792799227510151
0.7080000000000005,1.1792129630301234
0.7100000000000005,1.1791458589446033
0.7120000000000005,1.179078617237412
0.7140000000000005,1.179011232013648
0.7160000000000005,1.1789440619468148
0.7180000000000005,1.17887707462984
0.7200000000000005,1.1788100563741912
0.7220000000000005,1.1787429051395837
0.7240000000000005,1.1786757346377927
0.7260000000000005,1.1786087420999514
0.7280000000000005,1.1785417978408947
0.7300000000000005,1.1784748384989836
0.7320000000000005,1.1784083382899446
0.7340000000000005,1.178342026422111
0.7360000000000005,1.1782757380818931
0.7380000000000005,1.17820940402815
0.7400000000000005,1.1781429948305928
0.7420000000000005,1.1780761830039366
0.7440000000000005,1.1780090653151691
0.7460000000000006,1.1779417653047273
0.7480000000000006,1.1778743356617452
0.7500000000000006,1.1778067972057602
0.7520000000000006,1.1777391521894955
0.7540000000000006,1.1776714011137002
0.7560000000000006,1.1776035850767799
0.7580000000000006,1.1775357319874784
0.7600000000000006,1.1774678446821407
0.7620000000000006,1.1773999111568507
0.7640000000000006,1.1773319227801509
0.7660000000000006,1.1772638689420778
0.7680000000000006,1.1771957418340115
0.7700000000000006,1.1771275278872864
0.7720000000000006,1.1770592193240854
0.7740000000000006,1.1769908063204892
0.7760000000000006,1.1769216190106222
0.7780000000000006,1.1768507409356694
0.7800000000000006,1.176779311006034
0.7820000000000006,1.176708051262629
0.7840000000000006,1.1766369240465342
0.7860000000000006,1.1765658822157583
0.7880000000000006,1.1764948892959954
0.7900000000000006,1.1764239177829394
0.7920000000000006,1.1763529518547469
0.7940000000000006,1.1762819843695334
0.7960000000000006,1.1762107074853811
0.7980000000000006,1.1761391817087183
0.8000000000000006,1.176067538461575
0.8020000000000006,1.1759958315168535
0.8040000000000006,1.1759240766473786
0.8060000000000006,1.1758522775857347
0.8080000000000006,1.175780426270268
0.8100000000000006,1.1757085185742195
0.8120000000000006,1.1756365448063617
0.8140000000000006,1.1755645010626816
0.8160000000000006,1.1754923812620757
0.8180000000000006,1.1754201788954717
0.8200000000000006,1.1753482004613371
0.8220000000000006,1.175276515292177
0.8240000000000006,1.1752047388405478
0.8260000000000006,1.175132762842503
0.8280000000000006,1.1750606348858237
0.8300000000000006,1.1749886422352536
0.8320000000000006,1.1749169167755902
0.8340000000000006,1.1748452060554047
0.8360000000000006,1.1747729723853826
0.8380000000000006,1.1747003530589506
0.8400000000000006,1.174627538666964
0.8420000000000006,1.1745546168510663
0.8440000000000006,1.1744816213442726
0.8460000000000006,1.174408556546302
0.8480000000000006,1.174335423736057
0.8500000000000006,1.1742619401521996
0.8520000000000006,1.174188136869852
0.8540000000000006,1.1741141524419176
0.8560000000000006,1.1740400516242788
0.8580000000000007,1.1739658575201561
0.8600000000000007,1.1738915782891197
0.8620000000000007,1.1738172091632717
0.8640000000000007,1.1737410317247874
0.8660000000000007,1.1736638691414103
0.8680000000000007,1.1735862928937086
0.8700000000000007,1.173508557523308
0.8720000000000007,1.173430755387586
0.8740000000000007,1.173352910088561
0.8760000000000007,1.1732750201467024
0.8780000000000007,1.1731970803087375
0.8800000000000007,1.1731192803500416
0.8820000000000007,1.1730418537709006
0.8840000000000007,1.1729645384733094
0.8860000000000007,1.1728872085078996
0.8880000000000007,1.1728098086777046
0.8900000000000007,1.1727323165872612
0.8920000000000007,1.172654670256308
0.8940000000000007,1.172576131937391
0.8960000000000007,1.172497179161315
0.8980000000000007,1.1724180438539054
0.9000000000000007,1.1723388234319327
0.9020000000000007,1.1722595551853556
0.9040000000000007,1.1721799060695732
0.9060000000000007,1.1721000094345473
0.9080000000000007,1.1720200170253063
0.9100000000000007,1.1719399982173515
0.9120000000000007,1.1718599755358174
0.9140000000000007,1.171779949065395
0.9160000000000007,1.1716999181187264
0.9180000000000007,1.171619877724241
0.9200000000000007,1.171539822114913
0.9220000000000007,1.171459882203752
0.9240000000000007,1.171380411973443
0.9260000000000007,1.171301126540015
0.9280000000000007,1.1712218831806087
0.9300000000000007,1.1711427027503858
0.9320000000000007,1.1710639801333882
0.9340000000000007,1.1709854244617561
0.9360000000000007,1.1709068923041257
0.9380000000000007,1.1708281017359652
0.9400000000000007,1.1707491120878477
0.9420000000000007,1.170670002869738
0.9440000000000007,1.1705908128051423
0.9460000000000007,1.1705115545520421
0.9480000000000007,1.1704322293383536
0.9500000000000007,1.1703528340294476
0.9520000000000007,1.170271182123397
0.9540000000000007,1.1701876264310194
0.9560000000000007,1.170103285258115
0.9580000000000007,1.1700183020035138
0.9600000000000007,1.169933108591788
0.9620000000000007,1.1698478789992732
0.9640000000000007,1.169762663503247
0.9660000000000007,1.1696774729052848
0.9680000000000007,1.1695922981472435
0.9700000000000008,1.1695071332550706
0.9720000000000008,1.1694219678270756
0.9740000000000008,1.1693367987299477
0.9760000000000008,1.1692515232124387
0.9780000000000008,1.169166184110999
0.9800000000000008,1.1690808024565233
0.9820000000000008,1.1689958454886527
0.9840000000000008,1.1689111405999713
0.9860000000000008,1.168826512927264
0.9880000000000008,1.1687418832326881
0.9900000000000008,1.1686572220613616
0.9920000000000008,1.1685725142464762
0.9940000000000008,1.1684877549744694
0.9960000000000008,1.1684029456273286
0.9980000000000008,1.1683180848556702
1.0000000000000007,1.1682331669383665
1.0020000000000007,1.16814818990058
1.0040000000000007,1.1680631532085939
1.0060000000000007,1.1679780503585144
1.0080000000000007,1.1678928776703197
1.0100000000000007,1.1678073924143675
1.0120000000000007,1.1677201263776076
1.0140000000000007,1.1676320623183538
1.0160000000000007,1.1675436778055976
1.0180000000000007,1.1674551743139108
1.0200000000000007,1.1673666270227423
1.0220000000000007,1.167278067475404
1.0240000000000007,1.1671900715683685
1.0260000000000007,1.1671023013802841
1.0280000000000007,1.1670145909687215
1.0300000000000007,1.1669268669098427
1.0320000000000007,1.166839317766219
1.0340000000000007,1.1667521370700218
1.0360000000000007,1.1666650796442304
1.0380000000000007,1.1665780348601786
1.0400000000000007,1.1664909509561523
1.0420000000000007,1.1664038082619994
1.0440000000000007,1.1663158084833665
1.0460000000000007,1.1662260387678562
1.0480000000000007,1.1661354262849262
1.0500000000000007,1.166044507267523
1.0520000000000007,1.165953523180644
1.0540000000000007,1.1658625690757796
1.0560000000000007,1.1657716676102639
1.0580000000000007,1.1656808157758318
1.0600000000000007,1.1655900040477987
1.0620000000000007,1.1654992027578717
1.0640000000000007,1.1654079928058187
1.0660000000000007,1.1653166103242363
1.0680000000000007,1.165225167468782
1.0700000000000007,1.165133710522523
1.0720000000000007,1.1650413413540777
1.0740000000000007,1.1649479150780016
1.0760000000000007,1.1648540650652515
1.0780000000000007,1.1647600828262785
1.0800000000000007,1.1646660855355893
1.0820000000000007,1.1645721059158962
1.0840000000000007,1.1644786024241243
1.0860000000000007,1.1643853990438107
1.0880000000000007,1.1642923208578249
1.0900000000000007,1.1641992838090784
1.0920000000000007,1.164106254198119
1.0940000000000007,1.1640132202328934
1.0960000000000008,1.1639201784708026
1.0980000000000008,1.1638271278856154
1.1000000000000008,1.1637340707595416
1.1020000000000008,1.1636410027840158
1.1040000000000008,1.1635479217735227
1.1060000000000008,1.1634548291632978
1.1080000000000008,1.1633617201677466
1.1100000000000008,1.1632685873936608
1.1120000000000008,1.1631753004850913
1.1140000000000008,1.1630819284676226
1.1160000000000008,1.1629881637642994
1.1180000000000008,1.1628941039062168
1.1200000000000008,1.162799904002638
1.1220000000000008,1.1627062022191663
1.1240000000000008,1.1626127666694959
1.1260000000000008,1.1625194125983351
1.1280000000000008,1.1624260555606383
1.1300000000000008,1.1623326610760438
1.1320000000000008,1.1622392169381772
1.1340000000000008,1.1621447401310123
1.1360000000000008,1.1620494612352439
1.1380000000000008,1.1619523188301928
1.1400000000000008,1.1618539873195566
1.1420000000000008,1.1617552177815533
1.1440000000000008,1.161656340842892
1.1460000000000008,1.1615574732676688
1.1480000000000008,1.1614586493702923
1.1500000000000008,1.1613596107200148
1.1520000000000008,1.1612604549190668
1.1540000000000008,1.1611612677074108
1.1560000000000008,1.1610620840039068
1.1580000000000008,1.1609629188358817
1.1600000000000008,1.160863771045395
1.1620000000000008,1.1607646459329382
1.1640000000000008,1.1606656013920464
1.1660000000000008,1.160566597136424
1.1680000000000008,1.1604673069854172
1.1700000000000008,1.160367756754552
1.1720000000000008,1.160268102853439
1.1740000000000008,1.1601684124993112
1.1760000000000008,1.1600687161186396
1.1780000000000008,1.1599690222414418
1.1800000000000008,1.1598693309349795
1.1820000000000008,1.159769639679076
1.1840000000000008,1.1596699455966868
1.1860000000000008,1.1595703615919768
1.1880000000000008,1.1594712493164623
1.1900000000000008,1.1593723443218629
1.1920000000000008,1.1592735218340502
1.1940000000000008,1.1591747246328867
1.1960000000000008,1.1590759348284623
1.1980000000000008,1.1589753542454877
1.2000000000000008,1.1588738282431712
1.2020000000000008,1.1587719432797705
1.2040000000000008,1.158669962892161
1.2060000000000008,1.1585679813214158
1.2080000000000009,1.1584660281454673
1.2100000000000009,1.158364101538667
1.2120000000000009,1.1582621981236865
1.2140000000000009,1.1581607487453154
1.2160000000000009,1.1580597055050603
1.2180000000000009,1.1579588291701486
1.2200000000000009,1.157857660025425
1.2220000000000009,1.1577562556196044
1.2240000000000009,1.1576547481158537
1.2260000000000009,1.157553203810181
1.2280000000000009,1.1574516452268946
1.2300000000000009,1.157350081489318
1.2320000000000009,1.157248456609268
1.2340000000000009,1.1571448195940799
1.2360000000000009,1.1570403264824678
1.2380000000000009,1.1569356356371467
1.2400000000000009,1.1568313827771237
1.2420000000000009,1.1567272250239624
1.2440000000000009,1.156623127126354
1.2460000000000009,1.1565190714678455
1.2480000000000009,1.156415048047367
1.2500000000000009,1.1563107474044712
1.252000000000001,1.1562063255508277
1.254000000000001,1.1561018766214448
1.256000000000001,1.1559974398693411
1.258000000000001,1.155893028423498
1.260000000000001,1.1557886443193435
1.262000000000001,1.155682853403438
1.264000000000001,1.1555758729315246
1.266000000000001,1.1554684241472544
1.268000000000001,1.155360837308212
1.270000000000001,1.1552531865357105
1.272000000000001,1.155145149857411
1.274000000000001,1.155036969474803
1.276000000000001,1.1549287544720284
1.278000000000001,1.154820547452092
1.280000000000001,1.1547123612829142
1.282000000000001,1.15460420028939
1.284000000000001,1.1544960588924165
1.286000000000001,1.1543879334499185
1.288000000000001,1.1542798215295647
1.290000000000001,1.154171721366592
1.292000000000001,1.1540641425516347
1.294000000000001,1.1539568219832979
1.296000000000001,1.1538496035021863
1.298000000000001,1.1537424189993208
1.300000000000001,1.1536352423584475
1.302000000000001,1.1535280637249081
1.304000000000001,1.1534208798969634
1.306000000000001,1.1533136904808914
1.308000000000001,1.1532064955538681
1.310000000000001,1.1530997988947438
1.312000000000001,1.152993483753916
1.314000000000001,1.1528873192911977
1.316000000000001,1.1527812001243025
1.318000000000001,1.1526750805995203
1.320000000000001,1.1525689465015283
1.322000000000001,1.1524625612785167
1.324000000000001,1.1523558313820346
1.326000000000001,1.1522489604655854
1.328000000000001,1.1521401048744642
1.330000000000001,1.1520282923892713
1.332000000000001,1.151915139224743
1.334000000000001,1.151801552023049
1.336000000000001,1.151687912747212
1.338000000000001,1.1515743489810002
1.340000000000001,1.1514608858855908
1.342000000000001,1.151347512517379
1.344000000000001,1.151234620021563
1.346000000000001,1.1511218469065576
1.348000000000001,1.1510090637670218
1.350000000000001,1.1508963013152744
1.352000000000001,1.1507835775716657
1.354000000000001,1.1506709012889822
1.356000000000001,1.150558272564882
1.358000000000001,1.1504456948976214
1.360000000000001,1.150333164783135
1.362000000000001,1.1502206836767839
1.364000000000001,1.1501082470836033
1.366000000000001,1.1499958108127992
1.368000000000001,1.1498832750001138
1.370000000000001,1.1497707174581866
1.372000000000001,1.14965811085315
1.374000000000001,1.1495450885955911
1.376000000000001,1.1494319019983639
1.378000000000001,1.149318670367581
1.380000000000001,1.1492054436046635
1.382000000000001,1.1490922388345388
1.384000000000001,1.1489790625319158
1.386000000000001,1.1488659099745533
1.388000000000001,1.1487527778038524
1.390000000000001,1.1486396635752905
1.392000000000001,1.1485265654765786
1.394000000000001,1.1484125285090845
1.396000000000001,1.1482971082842388
1.398000000000001,1.148181389901038
1.400000000000001,1.1480656074936992
1.402000000000001,1.1479498408648092
1.404000000000001,1.147834628594306
1.406000000000001,1.1477198563641733
1.408000000000001,1.1476052751290942
1.410000000000001,1.147490767284205
1.412000000000001,1.14737628406355
1.414000000000001,1.1472618054339367
1.416000000000001,1.1471473305079378
1.418000000000001,1.147032857008691
1.420000000000001,1.1469183890151355
1.422000000000001,1.1468039276270754
1.424000000000001,1.146689107380766
1.426000000000001,1.1465740185445248
1.428000000000001,1.1464567802553147
1.430000000000001,1.1463385912655442
1.432000000000001,1.1462200908518643
1.434000000000001,1.1461015522247955
1.436000000000001,1.1459830680432463
1.438000000000001,1.1458646636852912
1.440000000000001,1.1457459928753244
1.442000000000001,1.1456272388748003
1.444000000000001,1.1455084944743374
1.446000000000001,1.1453897916734672
1.448000000000001,1.1452711409451535
1.450000000000001,1.1451530136249914
1.452000000000001,1.145035216995817
1.454000000000001,1.144917580084487
1.456000000000001,1.1448000291865739
1.458000000000001,1.144682540268316
1.460000000000001,1.1445651016133913
1.462000000000001,1.144446799287456
1.464000000000001,1.1443268276820673
1.466000000000001,1.1442061763143259
1.468000000000001,1.1440853197364385
1.470000000000001,1.1439644569800205
1.472000000000001,1.143843654598947
1.474000000000001,1.14372256627741
1.476000000000001,1.1436012557352186
1.478000000000001,1.1434798883042487
1.480000000000001,1.1433585336955736
1.482000000000001,1.1432372170093843
1.484000000000001,1.1431159443978618
1.486000000000001,1.1429947150254562
1.488000000000001,1.1428734487793633
1.490000000000001,1.1427520986459476
1.492000000000001,1.1426307296048335
1.494000000000001,1.1425093722213175
1.496000000000001,1.1423884099777377
1.498000000000001,1.142267988678059
1.500000000000001,1.1421478107110175
1.5020000000000011,1.1420278363082434
1.5040000000000011,1.1419083812977693
1.5060000000000011,1.1417891518058814
1.5080000000000011,1.1416700125534442
1.5100000000000011,1.141550908576447
1.5120000000000011,1.1414318211734904
1.5140000000000011,1.1413127413364035
1.5160000000000011,1.141193671244274
1.5180000000000011,1.1410746091457316
1.5200000000000011,1.1409555588978058
1.5220000000000011,1.1408365212385525
1.5240000000000011,1.1407171840498924
1.5260000000000011,1.1405958578005704
1.5280000000000011,1.1404732082444426
1.5300000000000011,1.1403498914218198
1.5320000000000011,1.1402243932681126
1.5340000000000011,1.1400976467453758
1.5360000000000011,1.139970492112802
1.5380000000000011,1.1398432878347962
1.5400000000000011,1.1397161598762455
1.5420000000000011,1.139589134375872
1.5440000000000011,1.139462210353388
1.5460000000000012,1.139335373504325
1.5480000000000012,1.139208611729432
1.5500000000000012,1.1390819162707173
1.5520000000000012,1.1389552819332338
1.5540000000000012,1.1388287024257862
1.5560000000000012,1.1387024262021401
1.5580000000000012,1.1385765916797206
1.5600000000000012,1.138450974020563
1.5620000000000012,1.1383254631076138
1.5640000000000012,1.1382000135562058
1.5660000000000012,1.1380746095297822
1.5680000000000012,1.1379492469706056
1.5700000000000012,1.13782392248683
1.5720000000000012,1.1376986398128406
1.5740000000000012,1.1375729968978998
1.5760000000000012,1.1374471110201334
1.5780000000000012,1.1373211535679535
1.5800000000000012,1.1371952014784241
1.5820000000000012,1.137069291415163
1.5840000000000012,1.136943429813353
1.5860000000000012,1.136817622018748
1.5880000000000012,1.1366926024646171
1.5900000000000012,1.136567953485529
1.5920000000000012,1.1364434668681334
1.5940000000000012,1.1363190525660012
1.5960000000000012,1.1361946738399475
1.5980000000000012,1.1360703243766834
1.6000000000000012,1.135946000762406
1.6020000000000012,1.1358201994512993
1.6040000000000012,1.135692973433592
1.6060000000000012,1.1355651362418995
1.6080000000000012,1.135437010202577
1.6100000000000012,1.1353092461373917
1.6120000000000012,1.1351818018954742
1.6140000000000012,1.1350545223143471
1.6160000000000012,1.134927322804448
1.6180000000000012,1.1348000928396516
1.6200000000000012,1.1346725644705602
1.6220000000000012,1.1345449214953727
1.6240000000000012,1.1344167884899057
1.6260000000000012,1.1342863721880003
1.6280000000000012,1.134154918057666
1.6300000000000012,1.1340231390176558
1.6320000000000012,1.1338913400368298
1.6340000000000012,1.1337596279758624
1.6360000000000012,1.1336280271001016
1.6380000000000012,1.133496533002773
1.6400000000000012,1.1333651317258773
1.6420000000000012,1.1332338137221596
1.6440000000000012,1.1331025729211874
1.6460000000000012,1.1329714054457323
1.6480000000000012,1.1328403084815344
1.6500000000000012,1.132709274977618
1.6520000000000012,1.1325783050298392
1.6540000000000012,1.132447394153917
1.6560000000000012,1.1323165407608429
1.6580000000000013,1.1321857440600447
1.6600000000000013,1.1320550032914727
1.6620000000000013,1.1319243143598368
1.6640000000000013,1.1317941296510683
1.6660000000000013,1.1316642848473428
1.6680000000000013,1.131534605081959
1.6700000000000013,1.1314050079115803
1.6720000000000013,1.1312752769751242
1.6740000000000013,1.1311431978536024
1.6760000000000013,1.1310098880020851
1.6780000000000013,1.1308768186624307
1.6800000000000013,1.130743955127496
1.6820000000000013,1.130611243116864
1.6840000000000013,1.130478628322858
1.6860000000000013,1.1303460828250294
1.6880000000000013,1.1302135872246488
1.6900000000000013,1.1300811362520538
1.6920000000000013,1.1299487231312426
1.6940000000000013,1.1298163457014136
1.6960000000000013,1.1296840033487825
1.6980000000000013,1.1295516958437724
1.7000000000000013,1.12941942287647
1.7020000000000013,1.1292871839860088
1.7040000000000013,1.129154980553972
1.7060000000000013,1.1290224611110684
1.7080000000000013,1.128889803617698
1.7100000000000013,1.1287571250707602
1.7120000000000013,1.1286244758689832
1.7140000000000013,1.1284918740555192
1.7160000000000013,1.1283593224823742
1.7180000000000013,1.1282272425376874
1.7200000000000013,1.1280955045377015
1.7220000000000013,1.1279634743510716
1.7240000000000013,1.127831074935671
1.7260000000000013,1.1276968331473038
1.7280000000000013,1.127561326339935
1.7300000000000013,1.127425380521827
1.7320000000000013,1.1272893653548037
1.7340000000000013,1.1271534236793972
1.7360000000000013,1.1270175910996567
1.7380000000000013,1.1268818680499295
1.7400000000000013,1.12674624541089
1.7420000000000013,1.1266107106273076
1.7440000000000013,1.1264752599425425
1.7460000000000013,1.1263385714513223
1.7480000000000013,1.1262004333607845
1.7500000000000013,1.1260617380772042
1.7520000000000013,1.1259229018784067
1.7540000000000013,1.1257840954796448
1.7560000000000013,1.1256453725518984
1.7580000000000013,1.1255067374626737
1.7600000000000013,1.1253681835428833
1.7620000000000013,1.125229706103878
1.7640000000000013,1.1250912924222136
1.7660000000000013,1.1249535714050427
1.7680000000000013,1.1248163546734977
1.7700000000000014,1.1246792434715993
1.7720000000000014,1.1245421471311827
1.7740000000000014,1.1244052285237047
1.7760000000000014,1.1242684113005663
1.7780000000000014,1.1241316610972538
1.7800000000000014,1.1239949639688764
1.7820000000000014,1.1238583134552875
1.7840000000000014,1.1237217036014777
1.7860000000000014,1.1235851369343393
1.7880000000000014,1.1234486106574701
1.7900000000000014,1.1233118958164021
1.7920000000000014,1.1231749585927115
1.7940000000000014,1.1230379629535525
1.7960000000000014,1.1229010920129792
1.7980000000000014,1.122764363388163
1.8000000000000014,1.1226277229449204
1.8020000000000014,1.1224911479226158
1.8040000000000014,1.1223546268666298
1.8060000000000014,1.122218151111222
1.8080000000000014,1.1220817215037346
1.8100000000000014,1.121945334326705
1.8120000000000014,1.1218089887873042
1.8140000000000014,1.1216726834637913
1.8160000000000014,1.1215364165374533
1.8180000000000014,1.1214001870381496
1.8200000000000014,1.1212618047891163
1.8220000000000014,1.121121869278742
1.8240000000000014,1.1209813444038061
1.8260000000000014,1.1208406224291971
1.8280000000000014,1.1206982501674214
1.8300000000000014,1.1205552518360014
1.8320000000000014,1.1204121060211232
1.8340000000000014,1.1202689774652748
1.8360000000000014,1.1201258188213234
1.8380000000000014,1.1199827162795168
1.8400000000000014,1.1198397035509107
1.8420000000000014,1.1196967840202876
1.8440000000000014,1.1195539518315076
1.8460000000000014,1.1194112052704979
1.8480000000000014,1.1192685365958215
1.8500000000000014,1.1191259454450198
1.8520000000000014,1.1189834266588443
1.8540000000000014,1.118840978157904
1.8560000000000014,1.1186985956854365
1.8580000000000014,1.1185562817041044
1.8600000000000014,1.1184147937431832
1.8620000000000014,1.1182737568553047
1.8640000000000014,1.1181329282671488
1.8660000000000014,1.1179922023238509
1.8680000000000014,1.1178512733640367
1.8700000000000014,1.1177100016012096
1.8720000000000014,1.1175685645119557
1.8740000000000014,1.11742674645975
1.8760000000000014,1.1172848167812335
1.8780000000000014,1.1171428962899241
1.8800000000000014,1.1170012556522178
1.8820000000000014,1.1168600867607479
1.8840000000000015,1.116719156682193
1.8860000000000015,1.1165783519854535
1.8880000000000015,1.116437619952182
1.8900000000000015,1.1162969387740986
1.8920000000000015,1.1161563072090595
1.8940000000000015,1.116014868906945
1.8960000000000015,1.1158716955433798
1.8980000000000015,1.1157278162139965
1.9000000000000015,1.1155837230129613
1.9020000000000015,1.1154396273678153
1.9040000000000015,1.1152955960283246
1.9060000000000015,1.1151516450668688
1.9080000000000015,1.1150077660239999
1.9100000000000015,1.1148639484513714
1.9120000000000015,1.1147201804551015
1.9140000000000015,1.1145764601594133
1.9160000000000015,1.1144326783112097
1.9180000000000015,1.1142884529642925
1.9200000000000015,1.114144055579933
1.9220000000000015,1.113999625389041
1.9240000000000015,1.1138552165232118
1.9260000000000015,1.1137108515210814
1.9280000000000015,1.1135662841428244
1.9300000000000015,1.1134196290338356
1.9320000000000015,1.1132721348362362
1.9340000000000015,1.1131244504560842
1.9360000000000015,1.112977255701576
1.9380000000000015,1.1128303692479018
1.9400000000000015,1.112683674696063
1.9420000000000015,1.1125371055668942
1.9440000000000015,1.1123906328298725
1.9460000000000015,1.1122441054598258
1.9480000000000015,1.1120983615290458
1.9500000000000015,1.1119530635930717
1.9520000000000015,1.1118079823006903
1.9540000000000015,1.1116628171050627
1.9560000000000015,1.111517424065073
1.9580000000000015,1.1113719734005965
1.9600000000000015,1.1112265531110408
1.9620000000000015,1.1110811970272871
1.9640000000000015,1.110935879292553
1.9660000000000015,1.1107901035622607
1.9680000000000015,1.1106441709651242
1.9700000000000015,1.1104970630335038
1.9720000000000015,1.1103484432362465
1.9740000000000015,1.110199245092367
1.9760000000000015,1.1100499064839529
1.9780000000000015,1.109900604699805
1.9800000000000015,1.109751390554559
1.9820000000000015,1.1096022701783994
1.9840000000000015,1.1094532360270413
1.9860000000000015,1.109304278961523
1.9880000000000015,1.1091553885076302
1.9900000000000015,1.1090070104255285
1.9920000000000015,1.1088589626592653
1.9940000000000015,1.1087110757304048
1.9960000000000016,1.10856327501751
1.9980000000000016,1.108415532050516
2.0000000000000013,1.108267838478337
2.002000000000001,1.1081201900385749
2.004000000000001,1.1079725901048048
2.0060000000000007,1.10782503531928
2.0080000000000005,1.1076775286026337
2.0100000000000002,1.107530066919503
2.012,1.1073826496434558
2.014,1.1072347642459284
2.0159999999999996,1.1070866466675073
2.0179999999999993,1.1069384692662116
2.019999999999999,1.1067903071396326
2.021999999999999,1.1066421879317123
2.0239999999999987,1.1064941186667654
2.0259999999999985,1.1063460988544647
2.0279999999999982,1.1061981227546687
2.029999999999998,1.1060501912785226
2.031999999999998,1.1059006758383574
2.0339999999999976,1.1057498616846875
2.0359999999999974,1.105598968896857
2.037999999999997,1.1054481696899008
2.039999999999997,1.1052975092181077
2.0419999999999967,1.1051469826493254
2.0439999999999965,1.1049969307164182
2.0459999999999963,1.1048468366141768
2.047999999999996,1.104695040906292
2.049999999999996,1.10454254572742
2.0519999999999956,1.1043898485667007
2.0539999999999954,1.104237069091859
2.055999999999995,1.1040842891992382
2.057999999999995,1.1039315793384077
2.0599999999999947,1.1037789625964085
2.0619999999999945,1.1036259216875548
2.0639999999999943,1.1034726883993344
2.065999999999994,1.103319431023334
2.067999999999994,1.1031662215498932
2.0699999999999936,1.1030130894310286
2.0719999999999934,1.1028600374402422
2.073999999999993,1.1027070635577418
2.075999999999993,1.1025541614766927
2.0779999999999927,1.1024013318311106
2.0799999999999925,1.102248570016212
2.0819999999999923,1.1020958775963674
2.083999999999992,1.101943250445866
2.085999999999992,1.101790687111372
2.0879999999999916,1.1016381869663825
2.0899999999999914,1.1014857461881695
2.091999999999991,1.1013333675554628
2.093999999999991,1.101181051155731
2.0959999999999908,1.1010287923513093
2.0979999999999905,1.1008766641782557
2.0999999999999903,1.1007250778583648
2.10199999999999,1.1005737565680236
2.10399999999999,1.1004225622419797
2.1059999999999897,1.1002714332198225
2.1079999999999894,1.1001203521870115
2.109999999999989,1.099968799269857
2.111999999999989,1.0998168418782543
2.1139999999999888,1.0996644638196313
2.1159999999999886,1.0995119583477238
2.1179999999999883,1.099359456247118
2.119999999999988,1.0992072299756463
2.121999999999988,1.0990558255753502
2.1239999999999877,1.0989038877604385
2.1259999999999875,1.0987504513511772
2.1279999999999872,1.0985963913897616
2.129999999999987,1.098442143173112
2.131999999999987,1.0982878865398575
2.1339999999999866,1.098133688428517
2.1359999999999864,1.0979775306080617
2.137999999999986,1.0978202728872286
2.139999999999986,1.0976626652720038
2.1419999999999857,1.097505034117588
2.1439999999999855,1.0973474991273204
2.1459999999999853,1.097190090592907
2.147999999999985,1.0970328061184693
2.149999999999985,1.0968756350210742
2.1519999999999846,1.0967185638336565
2.1539999999999844,1.0965619870868109
2.155999999999984,1.0964057971582615
2.157999999999984,1.0962492350867343
2.1599999999999837,1.0960924522177025
2.1619999999999835,1.095935543331517
2.1639999999999833,1.0957786304204415
2.165999999999983,1.0956217716501935
2.167999999999983,1.095464987850368
2.1699999999999826,1.0953082836742394
2.1719999999999824,1.095151655895533
2.173999999999982,1.0949951034438623
2.175999999999982,1.0948386285485419
2.1779999999999817,1.0946822266334615
2.1799999999999815,1.0945258923667072
2.1819999999999813,1.0943696281024795
2.183999999999981,1.0942134305231759
2.185999999999981,1.0940573020953184
2.1879999999999806,1.0939012377239774
2.1899999999999804,1.0937448672272803
2.19199999999998,1.0935883167717009
2.19399999999998,1.093431738184112
2.1959999999999797,1.093275203090149
2.1979999999999795,1.0931187342285982
2.1999999999999793,1.0929623379417728
2.201999999999979,1.09280561852305
2.203999999999979,1.0926469731916635
2.2059999999999786,1.092487492022975
2.2079999999999784,1.09232842388396
2.209999999999978,1.0921699098627289
2.211999999999978,1.0920116974967418
2.2139999999999778,1.0918536467775495
2.2159999999999775,1.0916956877757964
2.2179999999999773,1.0915377910963557
2.219999999999977,1.0913799461326945
2.221999999999977,1.091222150594886
2.2239999999999767,1.0910644048205063
2.2259999999999764,1.0909067095301366
2.227999999999976,1.0907490651326928
2.229999999999976,1.090591471639013
2.231999999999976,1.0904339254089033
2.2339999999999756,1.0902764294310932
2.2359999999999753,1.0901189806712621
2.237999999999975,1.0899615785815524
2.239999999999975,1.0898027544753752
2.2419999999999747,1.0896424324073952
2.2439999999999745,1.0894815639774262
2.2459999999999742,1.0893205896681126
2.247999999999974,1.0891596821235137
2.249999999999974,1.088998892833323
2.2519999999999736,1.0888380788748893
2.2539999999999734,1.0886768485718745
2.255999999999973,1.0885154931422565
2.257999999999973,1.0883541536719474
2.2599999999999727,1.0881928835578312
2.2619999999999725,1.0880317069321306
2.2639999999999723,1.0878711254207873
2.265999999999972,1.0877103100669498
2.267999999999972,1.087549384653919
2.2699999999999716,1.0873884645865863
2.2719999999999714,1.0872276004118222
2.273999999999971,1.0870668172168578
2.275999999999971,1.0869061187560605
2.2779999999999707,1.086745503263908
2.2799999999999705,1.0865849683683055
2.2819999999999703,1.0864233956400926
2.28399999999997,1.0862606692662937
2.28599999999997,1.0860975155535004
2.2879999999999696,1.0859342749306498
2.2899999999999694,1.0857710870033408
2.291999999999969,1.0856079942790071
2.293999999999969,1.0854453395736363
2.2959999999999687,1.0852832583088508
2.2979999999999685,1.085121458711491
2.2999999999999683,1.0849594694770182
2.301999999999968,1.0847971305032733
2.303999999999968,1.0846346758675638
2.3059999999999676,1.0844722193019265
2.3079999999999674,1.084309808255316
2.309999999999967,1.0841474559594633
2.311999999999967,1.0839851694075118
2.3139999999999668,1.083822948282952
2.3159999999999665,1.083660786827327
2.3179999999999663,1.0834989893491014
2.319999999999966,1.083337604263483
2.321999999999966,1.0831764215702255
2.3239999999999656,1.0830153392867956
2.3259999999999654,1.0828544367444017
2.327999999999965,1.082693768737077
2.329999999999965,1.0825332201743452
2.3319999999999648,1.0823727443089124
2.3339999999999645,1.0822123190877262
2.3359999999999643,1.0820519373232345
2.337999999999964,1.081891600597928
2.339999999999964,1.0817310153050659
2.3419999999999637,1.081570162584462
2.3439999999999634,1.0814092373235447
2.3459999999999632,1.0812458903791486
2.347999999999963,1.081081110225272
2.349999999999963,1.080915686922425
2.3519999999999626,1.080750140511653
2.3539999999999623,1.0805846776056922
2.355999999999962,1.0804193548620078
2.357999999999962,1.0802541757625082
2.3599999999999617,1.0800891248855962
2.3619999999999615,1.0799228916167678
2.3639999999999612,1.0797554182084244
2.365999999999961,1.0795874970035124
2.367999999999961,1.0794193911976921
2.3699999999999606,1.079251279816643
2.3719999999999604,1.079083401980074
2.37399999999996,1.0789160596229912
2.37599999999996,1.0787490017480434
2.3779999999999597,1.0785821025755409
2.3799999999999595,1.078415302153719
2.3819999999999593,1.078248578316837
2.383999999999959,1.0780819249703688
2.385999999999959,1.0779153416968494
2.3879999999999586,1.0777492361177254
2.3899999999999584,1.0775839185704528
2.391999999999958,1.0774189732323975
2.393999999999958,1.0772541090392596
2.3959999999999577,1.0770887581689839
2.3979999999999575,1.0769232189733269
2.3999999999999573,1.07675764437737
2.401999999999957,1.076592104200744
2.403999999999957,1.0764266291438611
2.4059999999999566,1.0762612236126594
2.4079999999999564,1.0760958869107156
2.409999999999956,1.07593061695052
2.411999999999956,1.075765408250962
2.4139999999999557,1.0755998262543651
2.4159999999999555,1.07543406789158
2.4179999999999553,1.0752682915371097
2.419999999999955,1.075102561258554
2.421999999999955,1.0749369001330922
2.4239999999999546,1.0747713120318392
2.4259999999999544,1.0746057917043514
2.427999999999954,1.0744408383526185
2.429999999999954,1.0742761980652047
2.4319999999999538,1.074111713565741
2.4339999999999535,1.0739473118949334
2.4359999999999533,1.073782966758986
2.437999999999953,1.073618671661512
2.439999999999953,1.0734544236523815
2.4419999999999527,1.073289245678587
2.4439999999999524,1.073121978277896
2.445999999999952,1.072953860720671
2.447999999999952,1.072785493984135
2.4499999999999518,1.072617125358044
2.4519999999999516,1.0724463627180727
2.4539999999999513,1.0722746384681394
2.455999999999951,1.072102651353094
2.457999999999951,1.0719306915917581
2.4599999999999507,1.0717588599221535
2.4619999999999505,1.0715871703487005
2.4639999999999502,1.071415612697448
2.46599999999995,1.0712441694496484
2.46799999999995,1.0710727861506122
2.4699999999999496,1.0709013978695792
2.4719999999999493,1.070730124860296
2.473999999999949,1.0705598646777574
2.475999999999949,1.0703900964308537
2.4779999999999487,1.070220556397444
2.4799999999999485,1.0700511305931872
2.4819999999999482,1.0698820828452587
2.483999999999948,1.069713447157727
2.485999999999948,1.069544638629636
2.4879999999999476,1.0693756558387804
2.4899999999999474,1.0692060412722908
2.491999999999947,1.069036165617145
2.493999999999947,1.0688662507776563
2.4959999999999467,1.0686963905627676
2.4979999999999465,1.068526617262235
2.4999999999999463,1.0683569344759476
2.501999999999946,1.0681873437753748
2.503999999999946,1.0680178382162697
2.5059999999999456,1.0678484136822344
2.5079999999999454,1.0676790664346192
2.509999999999945,1.0675097930563087
2.511999999999945,1.067340588169936
2.5139999999999447,1.067171454014793
2.5159999999999445,1.067002387100541
2.5179999999999443,1.0668333865855608
2.519999999999944,1.0666644523314475
2.521999999999944,1.0664955841911135
2.5239999999999436,1.066325272744685
2.5259999999999434,1.0661538477781152
2.527999999999943,1.0659820253268986
2.529999999999943,1.0658101286596668
2.5319999999999427,1.0656382863130487
2.5339999999999425,1.0654665307413285
2.5359999999999423,1.0652948439582017
2.537999999999942,1.0651231228235967
2.539999999999942,1.064951419377726
2.5419999999999416,1.0647797578175289
2.5439999999999414,1.0646081511986512
2.545999999999941,1.0644365988293072
2.547999999999941,1.0642650998150462
2.5499999999999408,1.0640936533230345
2.5519999999999405,1.0639222586302144
2.5539999999999403,1.0637509116816384
2.55599999999994,1.0635795429225035
2.55799999999994,1.063407220957901
2.5599999999999397,1.0632335359466834
2.5619999999999394,1.0630593623371491
2.563999999999939,1.0628851091365403
2.565999999999939,1.0627109382861097
2.5679999999999388,1.0625367965876666
2.5699999999999386,1.0623627240018738
2.5719999999999383,1.0621887516004782
2.573999999999938,1.0620148871378212
2.575999999999938,1.061841125959795
2.5779999999999377,1.0616674644258657
2.5799999999999375,1.0614938997673302
2.5819999999999372,1.061320429811107
2.583999999999937,1.0611464389301504
2.585999999999937,1.0609722240047272
2.5879999999999366,1.0607979794497724
2.5899999999999364,1.0606239310813472
2.591999999999936,1.0604504257379657
2.593999999999936,1.0602772068281063
2.5959999999999357,1.060104142526067
2.5979999999999355,1.0599311754517449
2.5999999999999353,1.0597582808919388
2.601999999999935,1.0595854566054996
2.603999999999935,1.059412699906495
2.6059999999999346,1.0592381240612583
2.6079999999999344,1.0590626866605373
2.609999999999934,1.058886977902302
2.611999999999934,1.05871125771362
2.6139999999999337,1.0585356190595658
2.6159999999999335,1.0583600831403928
2.6179999999999333,1.0581846419919247
2.619999999999933,1.0580092838503905
2.621999999999933,1.057833998963512
2.6239999999999326,1.0576587812094713
2.6259999999999324,1.0574835950000228
2.627999999999932,1.0573079610638607
2.629999999999932,1.0571318413774229
2.6319999999999317,1.0569552333469772
2.6339999999999315,1.056778483145456
2.6359999999999313,1.0566017445953566
2.637999999999931,1.0564250754971338
2.639999999999931,1.0562488583373681
2.6419999999999306,1.0560735402551726
2.6439999999999304,1.0558987168460727
2.64599999999993,1.055724568385386
2.64799999999993,1.0555507114343392
2.6499999999999297,1.055376975852101
2.6519999999999295,1.0552032943055512
2.6539999999999293,1.0550296532323484
2.655999999999929,1.0548560502708848
2.657999999999929,1.054682490084097
2.6599999999999286,1.0545089812367243
2.6619999999999284,1.0543355237458685
2.663999999999928,1.054162093171962
2.665999999999928,1.053986397263148
2.6679999999999278,1.053809399573995
2.6699999999999275,1.0536319797764282
2.6719999999999273,1.0534545294047009
2.673999999999927,1.053277195375709
2.675999999999927,1.0530999539421395
2.6779999999999267,1.0529222012579824
2.6799999999999264,1.0527442904563622
2.681999999999926,1.0525663925335251
2.683999999999926,1.0523885765491823
2.685999999999926,1.0522108595881008
2.6879999999999256,1.0520312932915217
2.6899999999999253,1.051850972776994
2.691999999999925,1.0516704402775408
2.693999999999925,1.051489930009288
2.6959999999999247,1.05130924584009
2.6979999999999245,1.0511284199735835
2.6999999999999242,1.0509480084085747
2.701999999999924,1.050767850023595
2.703999999999924,1.050587849150468
2.7059999999999236,1.0504079588242883
2.7079999999999234,1.0502281550124088
2.709999999999923,1.0500484303929478
2.711999999999923,1.0498687835673484
2.7139999999999227,1.0496892147322057
2.7159999999999225,1.0495098358211525
2.7179999999999223,1.049330821034148
2.719999999999922,1.0491520023722318
2.721999999999922,1.048973299984854
2.7239999999999216,1.0487941403859335
2.7259999999999214,1.0486148786799843
2.727999999999921,1.0484361175985062
2.729999999999921,1.0482576263739747
2.7319999999999207,1.048079280979151
2.7339999999999205,1.047901025137921
2.7359999999999203,1.047722836735368
2.73799999999992,1.047544705471741
2.73999999999992,1.0473666340386072
2.7419999999999196,1.0471886206165522
2.7439999999999194,1.0470106660289236
2.745999999999919,1.0468327749224473
2.747999999999919,1.046654944420998
2.7499999999999187,1.0464771702633004
2.7519999999999185,1.0462996699710128
2.7539999999999183,1.0461226475247858
2.755999999999918,1.045945856838636
2.757999999999918,1.0457691798330524
2.7599999999999176,1.0455924994049997
2.7619999999999174,1.045415779632806
2.763999999999917,1.045238813751759
2.765999999999917,1.0450614714280975
2.7679999999999167,1.0448840144855098
2.7699999999999165,1.0447046980344017
2.7719999999999163,1.0445242313390708
2.773999999999916,1.0443413303013398
2.775999999999916,1.044156923238816
2.7779999999999156,1.0439720666805994
2.7799999999999154,1.0437872074376269
2.781999999999915,1.0436025022446898
2.783999999999915,1.043417975447213
2.7859999999999148,1.0432336123528034
2.7879999999999145,1.0430493914341652
2.7899999999999143,1.042865291384466
2.791999999999914,1.0426813000168875
2.793999999999914,1.0424974070760542
2.7959999999999137,1.0423136122883556
2.7979999999999134,1.042129910680744
2.7999999999999132,1.0419463004823335
2.801999999999913,1.0417627808600924
2.803999999999913,1.0415793510530578
2.8059999999999126,1.041396341225949
2.8079999999999123,1.0412137606282568
2.809999999999912,1.041031397971382
2.811999999999912,1.0408491565587665
2.8139999999999117,1.0406669944735447
2.8159999999999115,1.0404847099263357
2.8179999999999112,1.0403019104528082
2.819999999999911,1.0401189323831785
2.821999999999911,1.0399359392143355
2.8239999999999106,1.039753435564021
2.8259999999999104,1.0395718420449394
2.82799999999991,1.0393906763639018
2.82999999999991,1.0392097024965852
2.8319999999999097,1.0390283044560267
2.8339999999999095,1.0388466935956227
2.8359999999999093,1.038665044318258
2.837999999999909,1.038483432924913
2.839999999999909,1.0383018947311438
2.8419999999999086,1.0381204365027872
2.8439999999999084,1.037939058603131
2.845999999999908,1.0377577593014276
2.847999999999908,1.0375765365475966
2.8499999999999077,1.037395388558287
2.8519999999999075,1.037212516268067
2.8539999999999073,1.037028717811642
2.855999999999907,1.036844604098733
2.857999999999907,1.0366605789471923
2.8599999999999066,1.036477088959043
2.8619999999999064,1.036293851976783
2.863999999999906,1.0361100974659536
2.865999999999906,1.0359261447805146
2.8679999999999057,1.035742153907503
2.8699999999999055,1.0355581959320008
2.8719999999999053,1.0353742974333646
2.873999999999905,1.0351904652122386
2.875999999999905,1.0350066986332487
2.8779999999999046,1.034822995107519
2.8799999999999044,1.0346393521488548
2.881999999999904,1.0344547746720871
2.883999999999904,1.0342681216881675
2.8859999999999038,1.034080673388514
2.8879999999999035,1.0338930420795367
2.8899999999999033,1.0337054759524356
2.891999999999903,1.033518053855718
2.893999999999903,1.0333307820526256
2.8959999999999027,1.0331436517837798
2.8979999999999024,1.032956147591289
2.899999999999902,1.032768456425365
2.901999999999902,1.0325807629764712
2.9039999999999018,1.0323931524835959
2.9059999999999016,1.0322057002150438
2.9079999999999013,1.0320194440883994
2.909999999999901,1.0318330882102993
2.911999999999901,1.0316471149171536
2.9139999999999007,1.031461450837746
2.9159999999999004,1.031275954018902
2.9179999999999002,1.0310905668819037
2.9199999999999,1.030905261189298
2.9219999999999,1.0307200350797712
2.9239999999998996,1.0305348904729061
2.9259999999998993,1.0303498258336012
2.927999999999899,1.0301648459438666
2.929999999999899,1.0299799484626464
2.9319999999998987,1.0297951330298147
2.9339999999998985,1.0296085165746596
2.9359999999998982,1.029421141782775
2.937999999999898,1.0292335455039527
2.939999999999898,1.0290459642458676
2.9419999999998976,1.0288584739406863
2.9439999999998974,1.0286710627678877
2.945999999999897,1.028483654915911
2.947999999999897,1.0282962954963009
2.9499999999998967,1.028109002157211
2.9519999999998965,1.027921776287165
2.9539999999998963,1.0277346214327143
2.955999999999896,1.0275468927567817
2.957999999999896,1.0273588720190308
2.9599999999998956,1.027170785382559
2.9619999999998954,1.0269825671442596
2.963999999999895,1.0267943129044377
2.965999999999895,1.0266062414856354
2.9679999999998947,1.026418305581036
2.9699999999998945,1.0262304747171993
2.9719999999998943,1.0260427278513198
2.973999999999894,1.0258550594499325
2.975999999999894,1.025667462457659
2.9779999999998936,1.0254799348139483
2.9799999999998934,1.0252924762691928
2.981999999999893,1.0251050834112982
2.983999999999893,1.0249177599703256
2.9859999999998927,1.024730503292064
2.9879999999998925,1.0245433167820404
2.9899999999998923,1.0243572825533929
2.991999999999892,1.0241699178546
2.993999999999892,1.0239811435149369
2.9959999999998916,1.023791862372181
2.9979999999998914,1.0236025078849127
2.999999999999891,1.0234132544324086
3.001999999999891,1.023223539832149
3.0039999999998908,1.0230335897860392
3.0059999999998905,1.0228436386090198
3.0079999999998903,1.0226537802015754
3.00999999999989,1.0224640498536122
3.01199999999989,1.0222744489477842
3.0139999999998897,1.0220843760541962
3.0159999999998894,1.0218934199672707
3.017999999999889,1.0217021576880718
3.019999999999889,1.021510860354294
3.0219999999998888,1.021319641960373
3.0239999999998886,1.0211285371455752
3.0259999999998883,1.020937424747926
3.027999999999888,1.0207458684399477
3.029999999999888,1.0205541857342009
3.0319999999998877,1.020362532061017
3.0339999999998875,1.0201708831693512
3.0359999999998872,1.019979288681959
3.037999999999887,1.019787784466414
3.039999999999887,1.0195963783935111
3.0419999999998866,1.0194050734599167
3.0439999999998864,1.0192138624373928
3.045999999999886,1.0190227415487678
3.047999999999886,1.0188309883203173
3.0499999999998857,1.0186389803775244
3.0519999999998855,1.0184469352934014
3.0539999999998853,1.0182549475785703
3.055999999999885,1.0180630547041456
3.057999999999885,1.0178712604777953
3.0599999999998846,1.0176795582066478
3.0619999999998844,1.0174879473005853
3.063999999999884,1.0172964216544647
3.065999999999884,1.0171052657107462
3.0679999999998837,1.0169145881295218
3.0699999999998835,1.0167245423878377
3.0719999999998833,1.0165355558514981
3.073999999999883,1.0163470397846837
3.075999999999883,1.0161587171773294
3.0779999999998826,1.0159704750046066
3.0799999999998824,1.015782281008303
3.081999999999882,1.0155941343793176
3.083999999999882,1.0154060433017262
3.0859999999998817,1.015218012587733
3.0879999999998815,1.0150300521989146
3.0899999999998813,1.0148417834922623
3.091999999999881,1.0146531787646262
3.093999999999881,1.0144632961689357
3.0959999999998806,1.0142714907003483
3.0979999999998804,1.0140789612874606
3.09999999999988,1.0138862783945146
3.10199999999988,1.0136914337266871
3.1039999999998797,1.0134951984814127
3.1059999999998795,1.013298575574418
3.1079999999998793,1.0131020039232055
3.109999999999879,1.0129056313218685
3.111999999999879,1.0127094862351311
3.1139999999998786,1.0125135551942632
3.1159999999998784,1.0123180954054494
3.117999999999878,1.0121232063946302
3.119999999999878,1.0119285401783296
3.1219999999998778,1.0117340094931515
3.1239999999998775,1.0115395943571523
3.1259999999998773,1.0113452935593372
3.127999999999877,1.0111511109972038
3.129999999999877,1.010957050518669
3.1319999999998767,1.0107634706593935
3.1339999999998764,1.0105702761113327
3.135999999999876,1.0103773029059568
3.137999999999876,1.0101842717784384
3.139999999999876,1.0099907194108924
3.1419999999998756,1.009797004575697
3.1439999999998753,1.0096033083352434
3.145999999999875,1.009409709077123
3.147999999999875,1.0092162313569837
3.1499999999998747,1.009022885470241
3.1519999999998745,1.0088293423386439
3.1539999999998742,1.0086354609192076
3.155999999999874,1.0084415325510703
3.157999999999874,1.00824768891531
3.1599999999998736,1.0080539880162223
3.1619999999998734,1.0078604440563492
3.163999999999873,1.0076674545731985
3.165999999999873,1.0074757053112053
3.1679999999998727,1.007284555710792
3.1699999999998725,1.0070936974048004
3.1719999999998723,1.0069026702198165
3.173999999999872,1.006710009765145
3.175999999999872,1.006516715330838
3.1779999999998716,1.0063232864579763
3.1799999999998714,1.0061299450451633
3.181999999999871,1.005936771126108
3.183999999999871,1.0057433511148797
3.1859999999998707,1.005549574467528
3.1879999999998705,1.005355755248238
3.1899999999998703,1.0051622965724274
3.19199999999987,1.004969334368423
3.19399999999987,1.0047766880931723
3.1959999999998696,1.0045842674533183
3.1979999999998694,1.004392038403394
3.199999999999869,1.0041999945054418
3.201999999999869,1.0040080301329546
3.2039999999998687,1.0038162152200183
3.2059999999998685,1.003624590136396
3.2079999999998683,1.0034331819021693
3.209999999999868,1.003242010187752
3.211999999999868,1.0030493741449131
3.2139999999998676,1.002855177436288
3.2159999999998674,1.0026605916238553
3.217999999999867,1.002466228532401
3.219999999999867,1.002272330917649
3.2219999999998667,1.0020789749687449
3.2239999999998665,1.0018861748419683
3.2259999999998663,1.0016939310717812
3.227999999999866,1.0015022465729846
3.229999999999866,1.0013104179647399
3.2319999999998656,1.0011188172923224
3.2339999999998654,1.0009277417987317
3.235999999999865,1.0007373658017318
3.237999999999865,1.0005478130943133
3.2399999999998648,1.00035920420369
3.2419999999998645,1.0001717043593046
3.2439999999998643,0.9999855497836678
3.245999999999864,0.999798780953399
3.247999999999864,0.9996132003762614
3.2499999999998637,0.9994305156748391
3.2519999999998634,0.9992540222188064
3.2539999999998632,0.7266822174098266
3.255999999999863,0.5967358532661609
3.257999999999863,0.5380267000199632
3.2599999999998626,0.513345349996414
3.2619999999998623,0.504101663949676
3.263999999999862,0.5013597338751772
3.265999999999862,0.5010310830041298
3.2679999999998617,0.5013594555749599
3.2699999999998615,0.5016728048629489
3.2719999999998612,0.5017709075223762
3.273999999999861,0.5016422459245228
3.275999999999861,0.5013333365581134
3.2779999999998606,0.5008974068754154
3.2799999999998604,0.5003785109314669
3.28199999999986,0.49980829840640717
3.28399999999986,0.4992077587323605
3.2859999999998597,0.4985900819965857
3.2879999999998595,0.4979626795848871
3.2899999999998593,0.49732989842304465
3.291999999999859,0.4966948088333448
3.293999999999859,0.496059777859172
3.2959999999998586,0.4954259197568067
3.2979999999998584,0.49479317549381424
3.299999999999858,0.49416151445400947
3.301999999999858,0.49353022495220633
3.3039999999998577,0.4928992388133395
3.3059999999998575,0.49226895689761946
3.3079999999998573,0.4916395762429032
3.309999999999857,0.49101118837115154
3.311999999999857,0.49038383288675186
3.3139999999998566,0.48975752326953315
3.3159999999998564,0.4891324414676685
3.317999999999856,0.4885084835934449
3.319999999999856,0.48788560568333894
3.3219999999998557,0.4872637855289448
3.3239999999998555,0.4866430102026944
3.3259999999998553,0.4860232717947205
3.327999999999855,0.48540456654215414
3.329999999999855,0.4847861075532075
3.3319999999998546,0.48416794408446706
3.3339999999998544,0.4835504713479295
3.335999999999854,0.4829338831174302
3.337999999999854,0.4823191234910267
3.3399999999998538,0.48170625094168584
3.3419999999998535,0.48109480728527043
3.3439999999998533,0.48048386373614915
3.345999999999853,0.4798732285099595
3.347999999999853,0.47926326833728494
3.3499999999998527,0.478654169123899
3.3519999999998524,0.4780460175965267
3.353999999999852,0.4774388544942636
3.355999999999852,0.476832693550588
3.3579999999998518,0.47622701302630377
3.3599999999998515,0.47562168462547816
3.3619999999998513,0.47501817301516336
3.363999999999851,0.47441606415545284
3.365999999999851,0.4738151429662245
3.3679999999998507,0.47321530119363275
3.3699999999998504,0.4726164868816905
3.3719999999998502,0.47201840159000363
3.37399999999985,0.4714203043320631
3.37599999999985,0.47082272011421766
3.3779999999998496,0.47022591216389675
3.3799999999998493,0.469630005142954
3.381999999999849,0.4690350551293668
3.383999999999849,0.46844172259073724
3.3859999999998487,0.46785036568901023
3.3879999999998485,0.467259381336081
3.3899999999998482,0.46666899884051605
3.391999999999848,0.46607941030167843
3.393999999999848,0.46549071147062304
3.3959999999998476,0.4649029496397146
3.3979999999998474,0.46431614389905185
3.399999999999847,0.46373030174095764
3.401999999999847,0.4631447793313714
3.4039999999998467,0.46255941627502895
3.4059999999998465,0.4619746435564597
3.4079999999998463,0.4613914745192113
3.409999999999846,0.46081010995332244
3.411999999999846,0.4602301052604053
3.4139999999998456,0.45965123683416553
3.4159999999998454,0.45907327103428863
3.417999999999845,0.45849520071053895
3.419999999999845,0.45791757085460344
3.4219999999998447,0.4573406573317481
3.4239999999998445,0.4567645941212595
3.4259999999998443,0.456189441844042
3.427999999999844,0.4556152255423831
3.429999999999844,0.4550419521538437
3.4319999999998436,0.4544696615907191
3.4339999999998434,0.45389847529108085
3.435999999999843,0.4533283055666374
3.437999999999843,0.45275910609763037
3.4399999999998427,0.45219085392598307
3.4419999999998425,0.45162353603975547
3.4439999999998423,0.45105714622963516
3.445999999999842,0.4504916811944444
3.447999999999842,0.44992604582458173
3.4499999999998416,0.4493607632334813
3.4519999999998414,0.4487961453216036
3.453999999999841,0.4482323421022987
3.455999999999841,0.4476697318005067
3.4579999999998408,0.44710919603308674
3.4599999999998405,0.4465501277070135
3.4619999999998403,0.4459919277030683
3.46399999999984,0.4454337516847448
3.46599999999984,0.4448760532964994
3.4679999999998397,0.44431906236298546
3.4699999999998394,0.44376289035506644
3.471999999999839,0.4432075903458938
3.473999999999839,0.4426531844848772
3.4759999999998388,0.44209967883505563
3.4779999999998386,0.4415465355107916
3.4799999999998383,0.4409934343188984
3.481999999999838,0.44044179184006527
3.483999999999838,0.43989169240779596
3.4859999999998377,0.4393427974243374
3.4879999999998375,0.4387949348010488
3.4899999999998372,0.4382480189592593
3.491999999999837,0.4377020096854558
3.493999999999837,0.43715619965217517
3.4959999999998366,0.43661048817860626
3.4979999999998364,0.43606529162319413
3.499999999999836,0.43552081711440793
3.501999999999836,0.43497716002880904
3.5039999999998357,0.4344343626368132
3.5059999999998355,0.4338924392770097
3.5079999999998353,0.4333527074055747
3.509999999999835,0.43281375398173805
3.511999999999835,0.43227520364198346
3.5139999999998346,0.43173728945571993
3.5159999999998344,0.4312001314344377
3.517999999999834,0.4306637880436406
3.519999999999834,0.43012828779264134
3.5219999999998337,0.42959364056338134
3.5239999999998335,0.4290598500987782
3.5259999999998333,0.42852623943408763
3.527999999999833,0.4279926978923885
3.529999999999833,0.427459646172171
3.5319999999998326,0.4269273246955937
3.5339999999998324,0.4263971010635103
3.535999999999832,0.4258683326212675
3.537999999999832,0.4253406878515331
3.5399999999998317,0.4248140049451017
3.5419999999998315,0.42428768836188285
3.5439999999998313,0.4237613516793164
3.545999999999831,0.4232354444242783
3.547999999999831,0.42271018995324383
3.5499999999998306,0.42218569420826213
3.5519999999998304,0.4216620061350309
3.55399999999983,0.4211391450039231
3.55599999999983,0.42061711644050936
3.5579999999998297,0.4200956702012798
3.5599999999998295,0.41957512468393054
3.5619999999998293,0.41905568399023946
3.563999999999829,0.41853720041354536
3.565999999999829,0.41801959860031235
3.5679999999998286,0.41750283894634643
3.5699999999998284,0.4169869034833484
3.571999999999828,0.4164717810736258
3.573999999999828,0.415957465950451
3.5759999999998278,0.41544294124420034
3.5779999999998275,0.41492861005357856
3.5799999999998273,0.41441480468992714
3.581999999999827,0.41390168579538694
3.583999999999827,0.41338932748016843
3.5859999999998267,0.41287822577031635
3.5879999999998264,0.41236899809068217
3.589999999999826,0.41186107657663173
3.591999999999826,0.41135364547211434
3.593999999999826,0.41084622988495867
3.5959999999998256,0.41033922412746415
3.5979999999998253,0.4098328267928178
3.599999999999825,0.40932713503019735
3.601999999999825,0.4088221931229603
3.6039999999998247,0.408318019173047
3.6059999999998245,0.4078146180308983
3.6079999999998242,0.40731198895908227
3.609999999999824,0.4068090639802445
3.611999999999824,0.40630632512436515
3.6139999999998236,0.4058048989004329
3.6159999999998234,0.4053050184630469
3.617999999999823,0.40480627361998905
3.619999999999823,0.4043084539599476
3.6219999999998227,0.40381145595903806
3.6239999999998225,0.40331522960305444
3.6259999999998223,0.402819401226847
3.627999999999822,0.40232335338809677
3.629999999999822,0.4018275868578133
3.6319999999998216,0.4013323496481488
3.6339999999998214,0.40083776158258444
3.635999999999821,0.4003438750890661
3.637999999999821,0.3998507106104084
3.6399999999998207,0.39935827363484666
3.6419999999998205,0.39886732684091203
3.6439999999998203,0.39837736098943444
3.64599999999982,0.3978877403735728
3.64799999999982,0.3973986436422889
3.6499999999998196,0.3969101634384522
3.6519999999998194,0.3964223435027408
3.653999999999819,0.3959352025987041
3.655999999999819,0.39544874864750656
3.6579999999998187,0.3949629823868828
3.6599999999998185,0.39447790262603655
3.6619999999998183,0.39399266855512244
3.663999999999818,0.39350741407402545
3.665999999999818,0.3930225125024976
3.6679999999998176,0.3925381463765981
3.6699999999998174,0.392054682294235
3.671999999999817,0.3915730322372635
3.673999999999817,0.3910925979167224
3.6759999999998167,0.3906130747193338
3.6779999999998165,0.3901343125686924
3.6799999999998163,0.3896553415137114
3.681999999999816,0.3891763565580185
3.683999999999816,0.3886977042020645
3.6859999999998156,0.3882195557777592
3.6879999999998154,0.387741991751439
3.689999999999815,0.38726504740843076
3.691999999999815,0.38678873514738277
3.6939999999998148,0.38631305823473877
3.6959999999998145,0.3858380159035151
3.6979999999998143,0.38536277568951566
3.699999999999814,0.384888068324297
3.701999999999814,0.38441463787199054
3.7039999999998137,0.3839421504276716
3.7059999999998134,0.383470435213244
3.7079999999998132,0.38299940465642335
3.709999999999813,0.382529015925797
3.711999999999813,0.38205925009364905
3.7139999999998126,0.3815900988406043
3.7159999999998123,0.381120925569837
3.717999999999812,0.38065155367287007
3.719999999999812,0.38018241332553376
3.7219999999998117,0.37971371859250336
3.7239999999998115,0.37924557144606685
3.7259999999998112,0.378778019948784
3.727999999999811,0.3783110842611559
3.729999999999811,0.3778451531773338
3.7319999999998106,0.37738093499819747
3.7339999999998104,0.3769175583357456
3.73599999999981,0.3764540596133128
3.73799999999981,0.37599081631521114
3.7399999999998097,0.37552802253816364
3.7419999999998095,0.3750657774745406
3.7439999999998093,0.37460413051030556
3.745999999999809,0.3741431060610553
3.747999999999809,0.3736827156323224
3.7499999999998086,0.37322296492612783
3.7519999999998084,0.372763857974892
3.753999999999808,0.37230442470229463
3.755999999999808,0.37184501011028076
3.7579999999998077,0.371385957961358
3.7599999999998075,0.3709274371863413
3.7619999999998073,0.3704703918647081
3.763999999999807,0.3700148257529062
3.765999999999807,0.3695603138394582
3.7679999999998066,0.3691066449749112
3.7699999999998064,0.36865371839364053
3.771999999999806,0.3682011213418151
3.773999999999806,0.36774825635160235
3.7759999999998057,0.3672956143533235
3.7779999999998055,0.3668434442539389
3.7799999999998053,0.36639186833463455
3.781999999999805,0.3659409449936984
3.783999999999805,0.3654907004880137
3.7859999999998046,0.36504114661059867
3.7879999999998044,0.36459228709623986
3.789999999999804,0.36414412387314216
3.791999999999804,0.36369590350509007
3.7939999999998038,0.3632202768068843
3.7959999999998035,0.36274182039128805
3.7979999999998033,0.36226861142877026
3.799999999999803,0.3618022403713471
3.801999999999803,0.36134195624542065
3.8039999999998027,0.3608864323715879
3.8059999999998024,0.3604344326075104
3.807999999999802,0.3599850002485941
3.809999999999802,0.3595374597118536
3.8119999999998018,0.3590903688760079
3.8139999999998015,0.3586438049303241
3.8159999999998013,0.35819792204372025
3.817999999999801,0.3577527745196768
3.819999999999801,0.35730837432348983
3.8219999999998007,0.3568647175446705
3.8239999999998004,0.35642179583589595
3.8259999999998002,0.3559796008646928
3.8279999999998,0.3555383781899665
3.8299999999998,0.3550989791160985
3.8319999999997996,0.3546597466612441
3.8339999999997993,0.35422088177597877
3.835999999999799,0.35378255460293867
3.837999999999799,0.35334485060283827
3.8399999999997987,0.35290781143937866
3.8419999999997985,0.35247145614923386
3.8439999999997982,0.3520357927517429
3.845999999999798,0.351600823825874
3.847999999999798,0.35116654945170894
3.8499999999997976,0.3507329686094156
3.8519999999997974,0.3502990770968367
3.853999999999797,0.3498652563261258
3.855999999999797,0.3494318374730283
3.8579999999997967,0.34899898261154394
3.8599999999997965,0.3485667682972274
3.8619999999997963,0.3481352278258267
3.863999999999796,0.34770554415674715
3.865999999999796,0.3472771850393369
3.8679999999997956,0.34684980979429314
3.8699999999997954,0.3464232500864127
3.871999999999795,0.3459966544912442
3.873999999999795,0.3455700143506619
3.8759999999997947,0.34514370591481086
3.8779999999997945,0.3447179167672708
3.8799999999997943,0.3442927374013641
3.881999999999794,0.34386820947696506
3.883999999999794,0.3434443506114447
3.8859999999997936,0.3430211672246173
3.8879999999997934,0.3425986606100828
3.889999999999793,0.34217682992564025
3.891999999999793,0.34175530203644056
3.8939999999997927,0.34133349813617814
3.8959999999997925,0.34091191272942273
3.8979999999997923,0.34049110371985114
3.899999999999792,0.34007195420652775
3.901999999999792,0.339653957807621
3.9039999999997916,0.33923685718015095
3.9059999999997914,0.3388205244180535
3.907999999999791,0.3384048976093358
3.909999999999791,0.3379899476296722
3.9119999999997908,0.337575661112519
3.9139999999997905,0.3371610870297341
3.9159999999997903,0.3367465162454318
3.91799999999979,0.33633229579883217
3.91999999999979,0.33591859637501065
3.9219999999997897,0.33550549884552544
3.9239999999997894,0.3350930394372228
3.925999999999789,0.3346812329361547
3.927999999999789,0.3342700841129096
3.9299999999997888,0.333859593483186
3.9319999999997886,0.3334497598208296
3.9339999999997883,0.33304051282969144
3.935999999999788,0.3326320478327629
3.937999999999788,0.332224297639402
3.9399999999997877,0.33181722746719683
3.9419999999997875,0.33141081940702366
3.9439999999997872,0.331005064198016
3.945999999999787,0.3305999567918361
3.947999999999787,0.33019549427662964
3.9499999999997866,0.3297916746436917
3.9519999999997864,0.3293884963731939
3.953999999999786,0.32898595809651426
3.955999999999786,0.32858363340000973
3.9579999999997857,0.328181023391069
3.9599999999997855,0.32777861038928063
3.9619999999997852,0.327376634471618
3.963999999999785,0.32697521129531554
3.965999999999785,0.3265743940964476
3.9679999999997846,0.32617420562521554
3.9699999999997844,0.3257746543398996
3.971999999999784,0.32537635415746946
3.973999999999784,0.32497960986076024
3.9759999999997837,0.32458393741876845
3.9779999999997835,0.32418863137473636
3.9799999999997833,0.3237931341807582
3.981999999999783,0.3233978645909533
3.983999999999783,0.3230030339964435
3.9859999999997826,0.32260874591853317
3.9879999999997824,0.322215049081262
3.989999999999782,0.32182196495023363
3.991999999999782,0.321429501975242
3.9939999999997817,0.3210376625759929
3.9959999999997815,0.32064644655642993
3.9979999999997813,0.32025585272017076
3.999999999999781,0.31986556647020714
4.001999999999781,0.3194749171452708
4.003999999999781,0.31908441613662997
4.005999999999781,0.3186943189942812
4.007999999999781,0.31830474907257067
4.00999999999978,0.31791624309365246
4.01199999999978,0.31752933015425633
4.01399999999978,0.31714350344564335
4.01599999999978,0.3167585079799726
4.0179999999997795,0.3163742187430905
4.019999999999779,0.3159905763207378
4.021999999999779,0.315607553422679
4.023999999999779,0.3152240246718845
4.025999999999779,0.3148405308478087
4.027999999999778,0.31445737673026497
4.029999999999778,0.3140747111745925
4.031999999999778,0.3136926041395559
4.033999999999778,0.31331108641051536
4.0359999999997775,0.31293017018684655
4.037999999999777,0.312549859355052
4.039999999999777,0.3121701541270196
4.041999999999777,0.31179105328542733
4.043999999999777,0.31141255517375444
4.045999999999776,0.311034088351139
4.047999999999776,0.31065537041942426
4.049999999999776,0.3102777947520458
4.051999999999776,0.309901377138327
4.053999999999776,0.3095258286945388
4.055999999999775,0.30915100307839505
4.057999999999775,0.308776827881428
4.059999999999775,0.3084032681633796
4.061999999999775,0.3080303074634324
4.0639999999997745,0.30765793811594033
4.065999999999774,0.3072861564696393
4.067999999999774,0.30691496059437673
4.069999999999774,0.30654338352798816
4.071999999999774,0.30617174439564726
4.073999999999773,0.3058003882165934
4.075999999999773,0.3054294839794308
4.077999999999773,0.30505911130738933
4.079999999999773,0.30468930567267116
4.0819999999997725,0.30432008144546785
4.083999999999772,0.30395144332889606
4.085999999999772,0.30358339186434624
4.087999999999772,0.3032159259759802
4.089999999999772,0.3028497943625835
4.091999999999771,0.30248508472100044
4.093999999999771,0.3021202058858714
4.095999999999771,0.30175553158026913
4.097999999999771,0.3013912536471093
4.0999999999997705,0.3010274677880171
4.10199999999977,0.30066422001765214
4.10399999999977,0.3003015312998671
4.10599999999977,0.299939410331655
4.10799999999977,0.29957786001268005
4.109999999999769,0.2992168806297851
4.111999999999769,0.2988564715425248
4.113999999999769,0.2984966311093582
4.115999999999769,0.2981373582924994
4.1179999999997685,0.2977775339994445
4.119999999999768,0.2974177066676885
4.121999999999768,0.29705818260120115
4.123999999999768,0.29669911059324106
4.125999999999768,0.2963405599742525
4.127999999999767,0.29598256113267674
4.129999999999767,0.2956251260358148
4.131999999999767,0.2952693466634802
4.133999999999767,0.2949148008221697
4.1359999999997665,0.29456112950108587
4.137999999999766,0.29420815584219195
4.139999999999766,0.2938557953888935
4.141999999999766,0.29350314893416946
4.143999999999766,0.29315035725750827
4.145999999999765,0.29279778789808913
4.147999999999765,0.2924456224985139
4.149999999999765,0.29209394763511853
4.151999999999765,0.2917428025178388
4.1539999999997645,0.2913922035308172
4.155999999999764,0.2910421564707091
4.157999999999764,0.2906926625097159
4.159999999999764,0.29034372092323957
4.161999999999764,0.28999533036966607
4.1639999999997634,0.2896474893454566
4.165999999999763,0.2892998259533722
4.167999999999763,0.28895175128827344
4.169999999999763,0.28860376613610805
4.171999999999763,0.2882561196434927
4.173999999999762,0.28790962742807497
4.175999999999762,0.2875645180280755
4.177999999999762,0.28722035544756663
4.179999999999762,0.28687692129561154
4.1819999999997615,0.28653410883770986
4.183999999999761,0.28619186763195803
4.185999999999761,0.285850174645322
4.187999999999761,0.28550901973334813
4.189999999999761,0.2851683985024911
4.19199999999976,0.28482751720848104
4.19399999999976,0.28448642704793403
4.19599999999976,0.2841455203075486
4.19799999999976,0.28380499060683684
4.1999999999997595,0.28346492960205416
4.201999999999759,0.2831253785945239
4.203999999999759,0.2827863547353525
4.205999999999759,0.28244786404918026
4.207999999999759,0.2821099078897735
4.209999999999758,0.28177248532522947
4.211999999999758,0.28143559490256
4.213999999999758,0.2810994855511245
4.215999999999758,0.28076433593116606
4.2179999999997575,0.2804289742493829
4.219999999999757,0.2800936167963233
4.221999999999757,0.2797591603746538
4.223999999999757,0.27942541716351077
4.225999999999757,0.27909228938259184
4.227999999999756,0.27875972717743913
4.229999999999756,0.27842770562730157
4.231999999999756,0.2780962124124736
4.233999999999756,0.277765241376698
4.2359999999997555,0.2774347893074024
4.237999999999755,0.2771048543152076
4.239999999999755,0.27677543507313085
4.241999999999755,0.2764465304313875
4.243999999999755,0.27611725189419106
4.245999999999754,0.27578779441278484
4.247999999999754,0.2754585266435631
4.249999999999754,0.275129629250479
4.251999999999754,0.2748011873684396
4.2539999999997535,0.2744732390190251
4.255999999999753,0.2741460864205352
4.257999999999753,0.2738198859723774
4.259999999999753,0.2734944077562978
4.261999999999753,0.27316953648671083
4.263999999999752,0.272845215874143
4.265999999999752,0.2725214191493669
4.267999999999752,0.27219813391584835
4.269999999999752,0.27187538656761145
4.2719999999997516,0.2715526157443389
4.273999999999751,0.27123009423164013
4.275999999999751,0.27090795854245964
4.277999999999751,0.27058627456385
4.279999999999751,0.27026507259422683
4.2819999999997505,0.2699443655811583
4.28399999999975,0.26962415828103314
4.28599999999975,0.2693044518051758
4.28799999999975,0.2689852457105859
4.28999999999975,0.2686665391613745
4.291999999999749,0.26834833072629793
4.293999999999749,0.2680306191051668
4.295999999999749,0.2677134033757451
4.297999999999749,0.26739559835190657
4.2999999999997485,0.2670780990499133
4.301999999999748,0.26676122486463955
4.303999999999748,0.26644491562716077
4.305999999999748,0.2661291374037779
4.307999999999748,0.26581387137763457
4.309999999999747,0.26549910716778846
4.311999999999747,0.2651848389354983
4.313999999999747,0.2648710632710619
4.315999999999747,0.26455777798262947
4.3179999999997465,0.26424498151762826
4.319999999999746,0.26393323612583697
4.321999999999746,0.26362230276624776
4.323999999999746,0.2633118177036724
4.325999999999746,0.26300082326550395
4.327999999999745,0.2626898317131653
4.329999999999745,0.2623791004622459
4.331999999999745,0.26206875447273004
4.333999999999745,0.26175885201469823
4.3359999999997445,0.2614494182375179
4.337999999999744,0.261140463461248
4.339999999999744,0.2608319908526149
4.341999999999744,0.26052400064666015
4.343999999999744,0.2602165490686934
4.345999999999743,0.25991016088257857
4.347999999999743,0.2596045306349932
4.349999999999743,0.25929950502059385
4.351999999999743,0.25899485805474226
4.3539999999997425,0.25868965455555515
4.355999999999742,0.25838442720488275
4.357999999999742,0.2580794428939699
4.359999999999742,0.25777483085886216
4.361999999999742,0.25747065106418376
4.363999999999741,0.2571669297214274
4.365999999999741,0.25686367723224696
4.367999999999741,0.25656089687919537
4.369999999999741,0.25625865343464443
4.3719999999997405,0.25595744141488375
4.37399999999974,0.25565696783389147
4.37599999999974,0.2553570856321569
4.37799999999974,0.2550577231650975
4.37999999999974,0.25475884659929016
4.381999999999739,0.2544594610955962
4.383999999999739,0.2541598911805225
4.385999999999739,0.25386048113973947
4.387999999999739,0.2535614019670378
4.3899999999997386,0.2532627318324907
4.391999999999738,0.25296492193915676
4.393999999999738,0.25266799225054337
4.395999999999738,0.252371723221507
4.397999999999738,0.2520760052305504
4.3999999999997375,0.2517807851251754
4.401999999999737,0.2514860379666433
4.403999999999737,0.2511917519298296
4.405999999999737,0.2508979219979376
4.407999999999737,0.2506045456358513
4.409999999999736,0.250311295110644
4.411999999999736,0.25001753388449766
4.413999999999736,0.2497237657489497
4.415999999999736,0.24943024098560193
4.4179999999997355,0.24913707959712866
4.419999999999735,0.24884433653008392
4.421999999999735,0.2485520347784068
4.423999999999735,0.24826043692190858
4.425999999999735,0.24796973014400178
4.427999999999734,0.24767968418816355
4.429999999999734,0.2473901840727058
4.431999999999734,0.24710117410929447
4.433999999999734,0.2468126280451839
4.4359999999997335,0.24652453391309687
4.437999999999733,0.2462368862617273
4.439999999999733,0.24594931374553744
4.441999999999733,0.2456618813966714
4.443999999999733,0.24537474993415037
4.445999999999732,0.2450879978586915
4.447999999999732,0.24480166180732543
4.449999999999732,0.24451575791229357
4.451999999999732,0.24423029265873314
4.4539999999997315,0.2439452677005458
4.455999999999731,0.24366068328906915
4.457999999999731,0.2433765387218091
4.459999999999731,0.24309283301980755
4.461999999999731,0.24280956517805696
4.46399999999973,0.24252673417429232
4.46599999999973,0.24224433901121467
4.46799999999973,0.24196237874927085
4.46999999999973,0.24168048148914203
4.4719999999997295,0.24139807670546523
4.473999999999729,0.24111565746398408
4.475999999999729,0.24083346872379952
4.477999999999729,0.2405516274302686
4.479999999999729,0.2402706583051745
4.481999999999728,0.23999041083400874
4.483999999999728,0.23971073386102856
4.485999999999728,0.2394315520232707
4.487999999999728,0.23915282885548586
4.4899999999997275,0.23887454860948926
4.491999999999727,0.23859736545408997
4.493999999999727,0.23832092964090545
4.495999999999727,0.23804506624162158
4.497999999999727,0.23776969048780439
4.499999999999726,0.2374947626499484
4.501999999999726,0.2372192404676037
4.503999999999726,0.23694353915549182
4.505999999999726,0.2366679800211793
4.507999999999726,0.236392719328603
4.509999999999725,0.23611782996352057
4.511999999999725,0.23584334416389507
4.513999999999725,0.23556927505694292
4.515999999999725,0.2352956272141586
4.5179999999997245,0.23502240153929124
4.519999999999724,0.2347495975495555
4.521999999999724,0.2344772142652192
4.523999999999724,0.23420525063272668
4.525999999999724,0.23393370556346502
4.527999999999723,0.23366257810646004
4.529999999999723,0.23339186730544198
4.531999999999723,0.23312138171936575
4.533999999999723,0.23285027408546827
4.5359999999997225,0.23257925741130836
4.537999999999722,0.2323088582587639
4.539999999999722,0.23203898142857676
4.541999999999722,0.2317695747306073
4.543999999999722,0.23150110202163932
4.545999999999721,0.23123349095690807
4.547999999999721,0.23096650203902314
4.549999999999721,0.2307000175224777
4.551999999999721,0.230433981379966
4.5539999999997205,0.23016836790068504
4.55599999999972,0.22990316559656718
4.55799999999972,0.22963836941817672
4.55999999999972,0.22937397710569574
4.56199999999972,0.22910998746051003
4.563999999999719,0.228846274150031
4.565999999999719,0.2285818901697629
4.567999999999719,0.2283173952385259
4.569999999999719,0.22805306811885567
4.5719999999997185,0.22778904261862434
4.573999999999718,0.22752538026733338
4.575999999999718,0.22726210769229221
4.577999999999718,0.22699923541172884
4.579999999999718,0.22673676686729488
4.581999999999717,0.22647470255806454
4.583999999999717,0.22621304181355717
4.585999999999717,0.22595178367806953
4.587999999999717,0.22569092715254754
4.5899999999997165,0.2254304712373556
4.591999999999716,0.22517041497538365
4.593999999999716,0.22491075748368067
4.595999999999716,0.2246518738768121
4.597999999999716,0.2243930870748172
4.599999999999715,0.22413472306043214
4.601999999999715,0.22387676843646578
4.603999999999715,0.22361921558448822
4.605999999999715,0.22336205984440108
4.6079999999997145,0.223105298962947
4.609999999999714,0.22284893163960479
4.611999999999714,0.2225929563369862
4.613999999999714,0.22233737194617031
4.615999999999714,0.22208217754424203
4.6179999999997134,0.22182737231544974
4.619999999999713,0.22157295544630556
4.621999999999713,0.22131892615297188
4.623999999999713,0.22106528362506722
4.625999999999713,0.2208120270490668
4.627999999999712,0.2205591556425633
4.629999999999712,0.22030666859901699
4.631999999999712,0.22005345007497687
4.633999999999712,0.21980005658085972
4.6359999999997115,0.2195467907600209
4.637999999999711,0.21929379828176532
4.639999999999711,0.21904114637481562
4.641999999999711,0.21878886442128698
4.643999999999711,0.21853696415947427
4.64599999999971,0.21828544959362398
4.64799999999971,0.21803432145932716
4.64999999999971,0.21778357928592756
4.65199999999971,0.2175332221765967
4.6539999999997095,0.217283249150342
4.655999999999709,0.21703425154013473
4.657999999999709,0.21678653607310228
4.659999999999709,0.2165396259262707
4.661999999999709,0.21629328526857017
4.663999999999708,0.2160474015227647
4.665999999999708,0.21580092265303402
4.667999999999708,0.21555420751840082
4.669999999999708,0.2153075804846309
4.6719999999997075,0.21506119977210364
4.673999999999707,0.21481513947000264
4.675999999999707,0.21456943254305655
4.677999999999707,0.21432409260722934
4.679999999999707,0.21407912456883055
4.681999999999706,0.21383452965354013
4.683999999999706,0.21359030759550857
4.685999999999706,0.21334645761614496
4.687999999999706,0.2131029788409779
4.6899999999997055,0.21285987036829968
4.691999999999705,0.2126171313278473
4.693999999999705,0.21237476088502305
4.695999999999705,0.2121327582611916
4.697999999999705,0.21189112269877697
4.699999999999704,0.21164939781852168
4.701999999999704,0.21140713443299164
4.703999999999704,0.21116480851439995
4.705999999999704,0.21092265549431016
4.7079999999997035,0.21068078721378708
4.709999999999703,0.21043925451266834
4.711999999999703,0.21019807916589128
4.713999999999703,0.2099572695761288
4.715999999999703,0.20971682848961004
4.717999999999702,0.2094779012608231
4.719999999999702,0.20923995391218903
4.721999999999702,0.20900265367373186
4.723999999999702,0.20876583931816992
4.7259999999997016,0.2085294355277053
4.727999999999701,0.2082934084739967
4.729999999999701,0.20805774355720244
4.731999999999701,0.2078224348062337
4.733999999999701,0.2075874795145928
4.7359999999997004,0.20735227308975662
4.7379999999997,0.20711659063442128
4.7399999999997,0.2068808706481976
4.7419999999997,0.20664532888262563
4.7439999999997,0.20641006741407159
4.745999999999699,0.20617513230161136
4.747999999999699,0.20594054307637594
4.749999999999699,0.20570630722886013
4.751999999999699,0.20547242700462784
4.7539999999996985,0.2052389025377345
4.755999999999698,0.20500573320181087
4.757999999999698,0.20477291817817583
4.759999999999698,0.20454045659641606
4.761999999999698,0.20430834761137961
4.763999999999697,0.20407659044250628
4.765999999999697,0.20384518431263438
4.767999999999697,0.20361412846066976
4.769999999999697,0.2033834221397679
4.7719999999996965,0.20315278065849413
4.773999999999696,0.20292149122879394
4.775999999999696,0.2026900763152027
4.777999999999696,0.20245879496749
4.779999999999696,0.20222800266925006
4.781999999999695,0.2019986130716403
4.783999999999695,0.2017700795570911
4.785999999999695,0.20154212785488687
4.787999999999695,0.2013146251698238
4.7899999999996945,0.201087509457238
4.791999999999694,0.20086075283477967
4.793999999999694,0.20063434324441246
4.795999999999694,0.20040827557121677
4.797999999999694,0.20018254767073812
4.799999999999693,0.19995715852632362
4.801999999999693,0.1997321074365796
4.803999999999693,0.19950739392084055
4.805999999999693,0.19928301716224373
4.8079999999996925,0.19905897669138753
4.809999999999692,0.19883465154851387
4.811999999999692,0.1986098399243838
4.813999999999692,0.19838497715371708
4.815999999999692,0.19816027720567536
4.817999999999691,0.19793584111259913
4.819999999999691,0.19771171448118052
4.821999999999691,0.1974879166133972
4.823999999999691,0.19726445493350098
4.8259999999996905,0.1970413317019997
4.82799999999969,0.19681854710005653
4.82999999999969,0.1965961005551653
4.83199999999969,0.19637399129959324
4.83399999999969,0.19615221851285186
4.835999999999689,0.19593078139588846
4.837999999999689,0.19570967929492245
4.839999999999689,0.19548891123247744
4.841999999999689,0.19526847666467434
4.8439999999996886,0.19504837490045895
4.845999999999688,0.19482876865284335
4.847999999999688,0.1946101717270477
4.849999999999688,0.19439152699013876
4.851999999999688,0.19417302338436765
4.8539999999996875,0.1939547584255579
4.855999999999687,0.19373678040067288
4.857999999999687,0.1935191121846636
4.859999999999687,0.1933017639592765
4.861999999999687,0.19308473944548102
4.863999999999686,0.1928680404772526
4.865999999999686,0.192651667394211
4.867999999999686,0.1924356194092971
4.869999999999686,0.1922198958251434
4.8719999999996855,0.1920044959547042
4.873999999999685,0.19178941914073894
4.875999999999685,0.19157466469060289
4.877999999999685,0.191360231953547
4.879999999999685,0.19114612026652233
4.881999999999684,0.19093232896699808
4.883999999999684,0.1907188574142137
4.885999999999684,0.19050570492842128
4.887999999999684,0.1902919864760125
4.8899999999996835,0.19007789988718826
4.891999999999683,0.18986381271889746
4.893999999999683,0.1896499037562241
4.895999999999683,0.18943625649837756
4.897999999999683,0.18922290811007555
4.899999999999682,0.18900987406044653
4.901999999999682,0.18879716011415676
4.903999999999682,0.188584767878979
4.905999999999682,0.1883726973036049
4.9079999999996815,0.1881609478235847
4.909999999999681,0.18794951866313925
4.911999999999681,0.1877384090465113
4.913999999999681,0.18752761824819675
4.915999999999681,0.18731796285015082
4.91799999999968,0.1871094081834128
4.91999999999968,0.18690153533363674
4.92199999999968,0.18669413898820275
4.92399999999968,0.1864871222058661
4.9259999999996795,0.1862804410103558
4.927999999999679,0.1860733125485583
4.929999999999679,0.18586574211945442
4.931999999999679,0.18565812715971314
4.933999999999679,0.18545066241606822
4.935999999999678,0.1852434395343158
4.937999999999678,0.18503649967574054
4.939999999999678,0.18482986020387082
4.941999999999678,0.1846235277330558
4.9439999999996775,0.18441750426400702
4.945999999999677,0.1842117899665789
4.947999999999677,0.18400638430845756
4.949999999999677,0.18380128659434264
4.951999999999677,0.18359649608904907
4.953999999999676,0.1833920120957096
4.955999999999676,0.18318783391051963
4.957999999999676,0.18298396088408822
4.959999999999676,0.18278039235659643
4.961999999999676,0.18257712770788775
4.963999999999675,0.18237416632906706
4.965999999999675,0.18217150757769096
4.967999999999675,0.18196909631711494
4.969999999999675,0.18176586436033562
4.9719999999996745,0.1815623980472617
4.973999999999674,0.1813589891910809
4.975999999999674,0.18115577748225375
4.977999999999674,0.18095282700696344
4.979999999999674,0.18075016568237984
4.981999999999673,0.18054780474355372
4.983999999999673,0.1803457482076269
4.985999999999673,0.18014442236563305
4.987999999999673,0.17994396550186526
4.9899999999996725,0.17974413487241978
4.991999999999672,0.17954512022695163
4.993999999999672,0.1793466441485321
4.995999999999672,0.17914857148733182
4.997999999999672,0.178950838530251
4.999999999999671,0.17875341663299804
5.001999999999671,0.17855629322651767
5.003999999999671,0.17835946298499844
5.005999999999671,0.17816292366198683
5.0079999999996705,0.177966674202379
5.00999999999967,0.17777071395923624
5.01199999999967,0.1775740113044555
5.01399999999967,0.17737698409489835
5.01599999999967,0.1771799636956956
5.017999999999669,0.17698311001059297
5.019999999999669,0.1767864970567869
5.021999999999669,0.17659015740487805
5.023999999999669,0.17639410443668702
5.0259999999996685,0.17619834299856788
5.027999999999668,0.1760028743857084
5.029999999999668,0.17580769849792294
5.031999999999668,0.17561281476162602
5.033999999999668,0.17541822248024003
5.035999999999667,0.17522392096682615
5.037999999999667,0.17502990954339182
5.039999999999667,0.1748361875776624
5.041999999999667,0.1746427544505546
5.0439999999996665,0.1744496095445064
5.045999999999666,0.17425675228068185
5.047999999999666,0.1740641820594046
5.049999999999666,0.17387189828983413
5.051999999999666,0.17367990046411005
5.053999999999665,0.1734879784607597
5.055999999999665,0.17329529735707305
5.057999999999665,0.1731027256348216
5.059999999999665,0.17291085822571436
5.0619999999996645,0.17271948435996942
5.063999999999664,0.17252849516935695
5.065999999999664,0.1723378363752952
5.067999999999664,0.1721474817420175
5.069999999999664,0.17195741891831015
5.0719999999996634,0.17176779250144458
5.073999999999663,0.1715787708737988
5.075999999999663,0.17139018316460963
5.077999999999663,0.17120194478868403
5.079999999999663,0.17101401537362204
5.081999999999662,0.1708263760199806
5.083999999999662,0.1706390184043301
5.085999999999662,0.17045193874988818
5.087999999999662,0.170265135290702
5.0899999999996615,0.1700786070933955
5.091999999999661,0.16989235352413773
5.093999999999661,0.1697063740446146
5.095999999999661,0.16952066813559324
5.097999999999661,0.16933523527402106
5.09999999999966,0.16914906245816286
5.10199999999966,0.1689625364188617
5.10399999999966,0.1687759948504553
5.10599999999966,0.1685896008027915
5.1079999999996595,0.16840342983263543
5.109999999999659,0.1682175152777324
5.111999999999659,0.16803187087646326
5.113999999999659,0.16784650167598247
5.115999999999659,0.16766140907009347
5.117999999999658,0.16747659303041207
5.119999999999658,0.167292053032166
5.121999999999658,0.16710778842526836
5.123999999999658,0.16692379861940201
5.1259999999996575,0.1667400828134789
5.127999999999657,0.16655664052136696
5.129999999999657,0.16637347114970497
5.131999999999657,0.16619057412142926
5.133999999999657,0.16600833305598384
5.135999999999656,0.16582697431101698
5.137999999999656,0.1656461738532391
5.139999999999656,0.16546577174065263
5.141999999999656,0.16528569180521313
5.1439999999996555,0.16510589905253262
5.145999999999655,0.16492530374495146
5.147999999999655,0.16474440578076274
5.149999999999655,0.16456351074172743
5.151999999999655,0.16438276601522195
5.153999999999654,0.16420223961154393
5.155999999999654,0.16402196168240674
5.157999999999654,0.1638421724697349
5.159999999999654,0.16366290557135635
5.1619999999996535,0.16348402561525355
5.163999999999653,0.1633054655691653
5.165999999999653,0.16312719335071468
5.167999999999653,0.16294919406600536
5.169999999999653,0.16277146095321665
5.171999999999652,0.16259399094102717
5.173999999999652,0.16241678255354153
5.175999999999652,0.1622398349639298
5.177999999999652,0.16206314758549753
5.1799999999996515,0.16188671990538467
5.181999999999651,0.16171055142718813
5.183999999999651,0.16153464165033107
5.185999999999651,0.16135899006923687
5.187999999999651,0.16118359616874353
5.1899999999996504,0.16100845943851577
5.19199999999965,0.16083314824924105
5.19399999999965,0.16065716138620248
5.19599999999965,0.16048099030500707
5.19799999999965,0.1603048775887655
5.199999999999649,0.1601289383340219
5.201999999999649,0.15995322480407875
5.203999999999649,0.15977775946471476
5.205999999999649,0.15960255121869454
5.2079999999996485,0.159427603080955
5.209999999999648,0.1592529156657012
5.211999999999648,0.1590784886899854
5.213999999999648,0.15890474300710827
5.215999999999648,0.15873187424815022
5.217999999999647,0.15855955442920547
5.219999999999647,0.1583876218444082
5.221999999999647,0.1582159995924406
5.223999999999647,0.158044652403712
5.2259999999996465,0.15787356469248354
5.227999999999646,0.15770272979961053
5.229999999999646,0.15753214498645957
5.231999999999646,0.1573618088674637
5.233999999999646,0.15719172096128997
5.235999999999645,0.15702188064002323
5.237999999999645,0.15685228757598974
5.239999999999645,0.15668282511672368
5.241999999999645,0.15651253800837395
5.2439999999996445,0.15634198664792154
5.245999999999644,0.15617144954277162
5.247999999999644,0.15600129063143797
5.249999999999644,0.1558315716038256
5.251999999999644,0.15566219595564343
5.253999999999643,0.15549311418873873
5.255999999999643,0.15532430173610184
5.257999999999643,0.1551557467463276
5.259999999999643,0.1549874435637935
5.2619999999996425,0.15481938945459572
5.263999999999642,0.15465158303475876
5.265999999999642,0.1544840234769876
5.267999999999642,0.15431671018297194
5.269999999999642,0.1541496426348371
5.271999999999641,0.15398282033035032
5.273999999999641,0.15381624279693443
5.275999999999641,0.15364990955189772
5.277999999999641,0.15348382009597183
5.2799999999996405,0.15331797395235153
5.28199999999964,0.15315237062220183
5.28399999999964,0.152987009629255
5.28599999999964,0.15282189047561529
5.28799999999964,0.1526570126878598
5.289999999999639,0.15249225408967457
5.291999999999639,0.15232663951851
5.293999999999639,0.1521607429864345
5.295999999999639,0.15199484973891955
5.2979999999996386,0.15182909610119788
5.299999999999638,0.15166354450665068
5.301999999999638,0.15149822213417385
5.303999999999638,0.15133313995597947
5.305999999999638,0.1511683018874335
5.3079999999996375,0.15100370888784026
5.309999999999637,0.15083936083138022
5.311999999999637,0.1506752571956381
5.313999999999637,0.15051139740363884
5.315999999999637,0.15034778085386208
5.317999999999636,0.15018440700324245
5.319999999999636,0.1500212753022061
5.321999999999636,0.14985838523291073
5.323999999999636,0.1496957362921953
5.3259999999996355,0.1495333279998285
5.327999999999635,0.14937115984918878
5.329999999999635,0.1492092313494
5.331999999999635,0.14904754201428866
5.333999999999635,0.14888609136135275
5.335999999999634,0.148724878908208
5.337999999999634,0.148563904172567
5.339999999999634,0.14840316667370962
5.341999999999634,0.1482422779255678
5.3439999999996335,0.1480807620559714
5.345999999999633,0.14791927856720505
5.347999999999633,0.1477579458489687
5.349999999999633,0.14759681746739495
5.351999999999633,0.1474359163508448
5.353999999999632,0.1472752515597857
5.355999999999632,0.14711482613825547
5.357999999999632,0.1469546403840199
5.359999999999632,0.14679469409985146
5.3619999999996315,0.14663498714896395
5.363999999999631,0.14647551900385897
5.365999999999631,0.14631628900560018
5.367999999999631,0.14615729653201415
5.369999999999631,0.14599854103277227
5.37199999999963,0.1458400219470928
5.37399999999963,0.14568173875508084
5.37599999999963,0.14552369095816364
5.37799999999963,0.14536587809319174
5.3799999999996295,0.14520829965183446
5.381999999999629,0.1450509551481114
5.383999999999629,0.14489384410523626
5.385999999999629,0.14473696604702613
5.387999999999629,0.1445803204998457
5.389999999999628,0.14442390699173396
5.391999999999628,0.14426772504226046
5.393999999999628,0.14411177418240512
5.395999999999628,0.14395517435556668
5.3979999999996275,0.1437980739615951
5.399999999999627,0.14364086415838934
5.401999999999627,0.1434837354568993
5.403999999999627,0.1433267769420099
5.405999999999627,0.14317002842877585
5.407999999999626,0.14301350664803225
5.409999999999626,0.1428572179877982
5.411999999999626,0.1427011644348471
5.413999999999626,0.1425453462281735
5.415999999999626,0.14238976298398287
5.417999999999625,0.14223441414182408
5.419999999999625,0.14207929911913247
5.421999999999625,0.14192441735585928
5.423999999999625,0.14176976828998183
5.4259999999996245,0.1416153514420893
5.427999999999624,0.1414611663231266
5.429999999999624,0.14130721244548494
5.431999999999624,0.14115348929648708
5.433999999999624,0.14099999642802055
5.435999999999623,0.1408467333393455
5.437999999999623,0.1406936995879831
5.439999999999623,0.14054089467597486
5.441999999999623,0.1403883181619939
5.4439999999996225,0.1402359695491649
5.445999999999622,0.14008384839897925
5.447999999999622,0.13993200591036553
5.449999999999622,0.13978031741931787
5.451999999999622,0.13962792247081596
5.453999999999621,0.1394753089032267
5.455999999999621,0.13932271943930064
5.457999999999621,0.13917027018075945
5.459999999999621,0.13901801427152946
5.4619999999996205,0.1388659748211309
5.46399999999962,0.13871416107631218
5.46599999999962,0.13856257630651225
5.46799999999962,0.13841122122830601
5.46999999999962,0.13826009568244824
5.471999999999619,0.13810919913761716
5.473999999999619,0.13795853106102268
5.475999999999619,0.13780809086145873
5.477999999999619,0.1376578780043782
5.4799999999996185,0.13750789202278338
5.481999999999618,0.1373581323923932
5.483999999999618,0.1372085986264241
5.485999999999618,0.137059290253792
5.487999999999618,0.13691020680750451
5.489999999999617,0.13676134785028718
5.491999999999617,0.13661271287159266
5.493999999999617,0.13646430140987098
5.495999999999617,0.13631611300904434
5.4979999999996165,0.13616814721158357
5.499999999999616,0.13602040356185563
5.501999999999616,0.13587288160345756
5.503999999999616,0.13572558088061332
5.505999999999616,0.13557850093815393
5.507999999999615,0.1354306049256666
5.509999999999615,0.13528224829686547
5.511999999999615,0.13513379757218374
5.513999999999615,0.13498543032645366
5.5159999999996145,0.13483722909511717
5.517999999999614,0.13468923051446452
5.519999999999614,0.13454144977000965
5.521999999999614,0.13439389256740716
5.523999999999614,0.13424656061674442
5.525999999999613,0.1340994540453742
5.527999999999613,0.1339525724333113
5.529999999999613,0.1338059152122555
5.531999999999613,0.13365948180589393
5.533999999999613,0.13351327166457144
5.535999999999612,0.1333672841958611
5.537999999999612,0.13322151861178533
5.539999999999612,0.1330876483957072
5.541999999999612,0.1330811967342245
5.5439999999996115,0.13314076859795032
5.545999999999611,0.13322900582136576
5.547999999999611,0.13333130424222125
5.549999999999611,0.13343967510809052
5.551999999999611,0.1335500137174896
5.55399999999961,0.1336591503820417
5.55599999999961,0.1337680844982433
5.55799999999961,0.13387704880562887
5.55999999999961,0.13398596298759685
5.5619999999996095,0.13399593707733196
5.563999999999609,0.13395823163967785
5.565999999999609,0.13420295508450758
5.567999999999609,0.13427920271701274
5.569999999999609,0.13447484692374206
5.571999999999608,0.1345252223941754
5.573999999999608,0.13477460992936566
5.575999999999608,0.13498019048749488
5.577999999999608,0.1350328518604737
5.5799999999996075,0.13501160790329456
5.581999999999607,0.13536349542368634
5.583999999999607,0.13562790202433075
5.585999999999607,0.13570664059026283
5.587999999999607,0.13569544345096615
5.589999999999606,0.13564236529227597
5.591999999999606,0.13611295280572844
5.593999999999606,0.13629254591836973
5.595999999999606,0.13660223352977385
5.5979999999996055,0.1366997340059778
5.599999999999605,0.13696166776008564
5.601999999999605,0.13703578440810182
5.603999999999605,0.13714800479236927
5.605999999999605,0.13767756231119077
5.607999999999604,0.1378786031125733
5.609999999999604,0.13791790402646842
5.611999999999604,0.13788065498834526
5.613999999999604,0.1387641445008834
5.6159999999996035,0.1392268742529794
5.617999999999603,0.13938425839012086
5.619999999999603,0.14071078441144383
5.621999999999603,0.14127775918893312
5.623999999999603,0.14147018627462732
5.625999999999602,0.14148537164150607
5.627999999999602,0.1414203506903169
5.629999999999602,0.1413209003066187
5.631999999999602,0.1412076524994875
5.6339999999996015,0.1410894103111826
5.635999999999601,0.14096966257241694
5.637999999999601,0.14084963992831176
5.639999999999601,0.14072968325567237
5.641999999999601,0.14060979547190702
5.6439999999996004,0.14048858291714378
5.6459999999996,0.14036669806428206
5.6479999999996,0.140244451301532
5.6499999999996,0.14012198385137423
5.6519999999996,0.13999935655370233
5.653999999999599,0.1398766331091815
5.655999999999599,0.13975399754067153
5.657999999999599,0.13963134029977758
5.659999999999599,0.13950860583127336
5.6619999999995985,0.13938576696777746
5.663999999999598,0.13926281094338794
5.665999999999598,0.13913973188773684
5.667999999999598,0.13901652712615348
5.669999999999598,0.13842786311441443
5.671999999999597,0.13743287924389727
5.673999999999597,0.13690373364783348
5.675999999999597,0.1366042349384692
5.677999999999597,0.13641330886050457
5.6799999999995965,0.13627141079754368
5.681999999999596,0.1361504488835182
5.683999999999596,0.13603776005696844
5.685999999999596,0.13592794102641875
5.687999999999596,0.13582310042094375
5.689999999999595,0.13571599829729786
5.691999999999595,0.13560754926452295
5.693999999999595,0.13549831876391952
5.695999999999595,0.13538863056401895
5.6979999999995945,0.13527865988298798
5.699999999999594,0.13516849727770047
5.701999999999594,0.13505818749076176
5.703999999999594,0.13494684943270455
5.705999999999594,0.13483450838636957
5.707999999999593,0.1347216386309964
5.709999999999593,0.13460847143185578
5.711999999999593,0.13449511479981335
5.713999999999593,0.13438161678884758
5.7159999999995925,0.1342679974790345
5.717999999999592,0.1341542643642231
5.719999999999592,0.1340404197336439
5.721999999999592,0.13392646387655072
5.723999999999592,0.13381239642012455
5.725999999999591,0.13369821688802958
5.727999999999591,0.13358392472160316
5.729999999999591,0.13346951949673652
5.731999999999591,0.13335500075138795
5.7339999999995905,0.1332403681419958
5.73599999999959,0.1331256213568518
5.73799999999959,0.13301075998664666
5.73999999999959,0.1328957836630536
5.74199999999959,0.132780692085966
5.743999999999589,0.13266548490993502
5.745999999999589,0.13255016177746784
5.747999999999589,0.1324347223333554
5.749999999999589,0.13231916627392448
5.7519999999995886,0.13220349324678335
5.753999999999588,0.13208770288897248
5.755999999999588,0.13197179483819116
5.757999999999588,0.13185576897715257
5.759999999999588,0.13173962616843393
5.7619999999995875,0.13162336665656374
5.763999999999587,0.13150616321742076
5.765999999999587,0.1313878158525986
5.767999999999587,0.13126886706911498
5.769999999999587,0.1311495829639357
5.771999999999586,0.13103008872805233
5.773999999999586,0.1309104486641254
5.775999999999586,0.13079086312891175
5.777999999999586,0.13067124520957585
5.7799999999995855,0.1305515499635473
5.781999999999585,0.13043175494735343
5.783999999999585,0.13031184942324633
5.785999999999585,0.1301918283243042
5.787999999999585,0.1300716892726754
5.789999999999584,0.12995143110794938
5.791999999999584,0.12983105324844887
5.793999999999584,0.12971055526304648
5.795999999999584,0.1295899367772369
5.7979999999995835,0.12946919743814633
5.799999999999583,0.1293483369555543
5.801999999999583,0.1292273549793624
5.803999999999583,0.12910625120407299
5.805999999999583,0.12898502520152888
5.807999999999582,0.12886367665377904
5.809999999999582,0.12874220525829638
5.811999999999582,0.12862061058229446
5.813999999999582,0.12849889230110945
5.8159999999995815,0.12837705010848005
5.817999999999581,0.1282550835662831
5.819999999999581,0.12813299234727943
5.821999999999581,0.1280104962786577
5.823999999999581,0.12788641524972855
5.82599999999958,0.12776151224645765
5.82799999999958,0.1276361670036936
5.82999999999958,0.12751056095959024
5.83199999999958,0.1273847764827294
5.8339999999995795,0.12725884888413766
5.835999999999579,0.1271327921195069
5.837999999999579,0.12700661090213808
5.839999999999579,0.126880306344013
5.841999999999579,0.12669812899523455
5.843999999999578,0.1265456977267665
5.845999999999578,0.1263639652714124
5.847999999999578,0.12600364513657364
5.849999999999578,0.1255533238987634
5.8519999999995775,0.12528034723585957
5.853999999999577,0.12509424267125646
5.855999999999577,0.12494890073265341
5.857999999999577,0.12482176511742127
5.859999999999577,0.12470225870257784
5.861999999999576,0.12458565275461977
5.863999999999576,0.12446995523876449
5.865999999999576,0.12435439454077313
5.867999999999576,0.12423871139316543
5.869999999999576,0.12412284397851112
5.871999999999575,0.12400679618276367
5.873999999999575,0.12389058702515404
5.875999999999575,0.12377423402028787
5.877999999999575,0.12365774939105208
5.8799999999995745,0.12354114064059396
5.881999999999574,0.12342441204669684
5.883999999999574,0.12330756576738611
5.885999999999574,0.12319060283271359
5.887999999999574,0.12307352348476708
5.889999999999573,0.12295632775678972
5.891999999999573,0.12283749483063683
5.893999999999573,0.12271774297982854
5.895999999999573,0.12243945140883306
5.8979999999995725,0.12227103282699793
5.899999999999572,0.12142150148666504
5.901999999999572,0.12060814798017999
5.903999999999572,0.12017294189588948
5.905999999999572,0.11992223730530327
5.907999999999571,0.11975789527424939
5.909999999999571,0.11963209701941982
5.911999999999571,0.11952248346734608
5.913999999999571,0.11941908187350828
5.9159999999995705,0.11931770164476778
5.91799999999957,0.11921672617179688
5.91999999999957,0.11911561758919714
5.92199999999957,0.11901428881736009
5.92399999999957,0.11891282712743076
5.925999999999569,0.11881121821445276
5.927999999999569,0.11870947334915344
5.929999999999569,0.11860760693085795
5.931999999999569,0.11850563044478866
5.9339999999995685,0.11840355123996893
5.935999999999568,0.11830137366827512
5.937999999999568,0.11819910017572284
5.939999999999568,0.11809673183690911
5.941999999999568,0.11799426919487124
5.943999999999567,0.11789171227515577
5.945999999999567,0.11778906106859321
5.947999999999567,0.11768631540607574
5.949999999999567,0.11758347505470272
5.9519999999995665,0.11748053975963588
5.953999999999566,0.1173775092594167
5.955999999999566,0.1172743832927122
5.957999999999566,0.1171711615982141
5.959999999999566,0.11706784391510484
5.961999999999565,0.11696442998469056
5.963999999999565,0.11686091963508848
5.965999999999565,0.1167573125173623
5.967999999999565,0.11665221638029999
5.9699999999995645,0.11654623588630778
5.971999999999564,0.11643979439518681
5.973999999999564,0.11633309596056385
5.975999999999564,0.1151480795734584
5.977999999999564,0.11453076407281784
5.979999999999563,0.11419674766055293
5.981999999999563,0.11399858719555303
5.983999999999563,0.11386278153922233
5.985999999999563,0.11375411174233463
5.987999999999563,0.11365642144832314
5.989999999999562,0.11356267849649998
5.991999999999562,0.11347003149639917
5.993999999999562,0.1133774458279379
5.995999999999562,0.11322275088109054
5.9979999999995615,0.1131002947760993
5.999999999999561,0.11299384153112749
