time,value
0.0,4.548202917087281
0.002,4.4670564584507275
0.004,4.429541750910169
0.006,5.4094383406243525
0.008,5.789549350057328
0.01,5.928059887830943
0.012,5.968211177676325
0.014,5.972144405517921
0.016,5.965306652162468
0.018000000000000002,5.956900606751133
0.020000000000000004,5.94945833261651
0.022000000000000006,5.943238700885042
0.024000000000000007,5.937926015011618
0.02600000000000001,5.933175744454219
0.02800000000000001,5.9287354129555245
0.030000000000000013,5.924460478038065
0.032000000000000015,5.920291844301819
0.034000000000000016,5.916200655184491
0.03600000000000002,5.912168602862636
0.03800000000000002,5.908191866604339
0.04000000000000002,5.904271304369876
0.04200000000000002,5.9004135509015
0.044000000000000025,5.8966166099010975
0.04600000000000003,5.892882121163706
0.04800000000000003,5.889206988777921
0.05000000000000003,5.885594027542493
0.05200000000000003,5.882049837559089
0.054000000000000034,5.878568718834141
0.056000000000000036,5.875151379060435
0.05800000000000004,5.871801891858508
0.06000000000000004,5.868518325102628
0.06200000000000004,5.865302591752065
0.06400000000000004,5.862150995851951
0.06600000000000004,5.859065570113137
0.06800000000000005,5.8560551433010035
0.07000000000000005,5.853109296445538
0.07200000000000005,5.850236055333288
0.07400000000000005,5.847433589963545
0.07600000000000005,5.844698808284911
0.07800000000000006,5.8420216417395014
0.08000000000000006,5.839406401696496
0.08200000000000006,5.836854934662344
0.08400000000000006,5.834373327298849
0.08600000000000006,5.831957530277555
0.08800000000000006,5.829603096588245
0.09000000000000007,5.827307667724438
0.09200000000000007,5.825070202208479
0.09400000000000007,5.82289185653718
0.09600000000000007,5.820769939963722
0.09800000000000007,5.818703748603553
0.10000000000000007,5.816698766615784
0.10200000000000008,5.814759887016289
0.10400000000000008,5.812884375353277
0.10600000000000008,5.811074001762271
0.10800000000000008,5.809325421146492
0.11000000000000008,5.807639454778027
0.11200000000000009,5.806015180092768
0.11400000000000009,5.804450533346447
0.11600000000000009,5.802943233066524
0.11800000000000009,5.8014880727793114
0.12000000000000009,5.800083583404689
0.1220000000000001,5.79873022885968
0.1240000000000001,5.797425497362209
0.12600000000000008,5.796166897252634
0.12800000000000009,5.794951975588126
0.1300000000000001,5.793778343373777
0.1320000000000001,5.792643377940946
0.1340000000000001,5.791540953914695
0.1360000000000001,5.790471225246321
0.1380000000000001,5.789430968333449
0.1400000000000001,5.7884199488161485
0.1420000000000001,5.787436906977338
0.1440000000000001,5.786480077811136
0.1460000000000001,5.785547512988351
0.1480000000000001,5.78463720810067
0.1500000000000001,5.783746690857828
0.1520000000000001,5.782875594581464
0.1540000000000001,5.782034269920835
0.1560000000000001,5.781221112354013
0.1580000000000001,5.780433117532597
0.16000000000000011,5.7796698869678425
0.16200000000000012,5.778930585908165
0.16400000000000012,5.778214325685656
0.16600000000000012,5.7775273050156155
0.16800000000000012,5.776875720619262
0.17000000000000012,5.776257717249426
0.17200000000000013,5.775673622205633
0.17400000000000013,5.775121584317813
0.17600000000000013,5.774598882545643
0.17800000000000013,5.774102577163225
0.18000000000000013,5.773629751304507
0.18200000000000013,5.773177007636065
0.18400000000000014,5.772741246617201
0.18600000000000014,5.772320690761573
0.18800000000000014,5.771913325529303
0.19000000000000014,5.771517259166243
0.19200000000000014,5.7711281704075965
0.19400000000000014,5.7707452854941
0.19600000000000015,5.770369021080676
0.19800000000000015,5.769997053165943
0.20000000000000015,5.769627041182952
0.20200000000000015,5.769257727344668
0.20400000000000015,5.768887365520318
0.20600000000000016,5.768513705219025
0.20800000000000016,5.768134801729535
0.21000000000000016,5.767748887245897
0.21200000000000016,5.76736422829126
0.21400000000000016,5.766990839611152
0.21600000000000016,5.766625508269714
0.21800000000000017,5.766267721270429
0.22000000000000017,5.7659184158380095
0.22200000000000017,5.765577523214486
0.22400000000000017,5.765244514945352
0.22600000000000017,5.764918714833672
0.22800000000000017,5.764599402633088
0.23000000000000018,5.764285864890624
0.23200000000000018,5.76397738876479
0.23400000000000018,5.763673292649807
0.23600000000000018,5.763372914270124
0.23800000000000018,5.763075615323686
0.24000000000000019,5.762780778322842
0.2420000000000002,5.762487802840769
0.2440000000000002,5.762196095506794
0.2460000000000002,5.761903020912113
0.2480000000000002,5.761607395540788
0.25000000000000017,5.761310791411703
0.25200000000000017,5.761012807287952
0.25400000000000017,5.760713326022579
0.25600000000000017,5.760411972731061
0.2580000000000002,5.7601082486907735
0.2600000000000002,5.759802705193101
0.2620000000000002,5.7594949188580005
0.2640000000000002,5.759194710845936
0.2660000000000002,5.758904253678684
0.2680000000000002,5.758621098484281
0.2700000000000002,5.7583437038932175
0.2720000000000002,5.758071141911008
0.2740000000000002,5.757802816091863
0.2760000000000002,5.757538273256371
0.2780000000000002,5.757277137822031
0.2800000000000002,5.757017678953526
0.2820000000000002,5.756757853831335
0.2840000000000002,5.75649920972873
0.2860000000000002,5.756242902902158
0.2880000000000002,5.755991481814825
0.2900000000000002,5.755744900666953
0.2920000000000002,5.755503248564203
0.2940000000000002,5.755266238437656
0.2960000000000002,5.75503323230132
0.2980000000000002,5.754803937771784
0.3000000000000002,5.754578175159402
0.3020000000000002,5.754354575540864
0.3040000000000002,5.754132050981646
0.3060000000000002,5.753909590536726
0.3080000000000002,5.753686555903914
0.3100000000000002,5.753462294951484
0.3120000000000002,5.753236144377714
0.3140000000000002,5.753015906294054
0.3160000000000002,5.752805162043339
0.3180000000000002,5.752600958664925
0.32000000000000023,5.752399373906538
0.32200000000000023,5.752199021886368
0.32400000000000023,5.752000864083187
0.32600000000000023,5.751805195534729
0.32800000000000024,5.751611945837663
0.33000000000000024,5.751420874182346
0.33200000000000024,5.75123126418325
0.33400000000000024,5.751042392187795
0.33600000000000024,5.750854409900522
0.33800000000000024,5.750668461342129
0.34000000000000025,5.750483859844679
0.34200000000000025,5.750299882311328
0.34400000000000025,5.750116045851509
0.34600000000000025,5.749933148262563
0.34800000000000025,5.749751512994725
0.35000000000000026,5.749569742014901
0.35200000000000026,5.7493870488053025
0.35400000000000026,5.749202951953235
0.35600000000000026,5.749017107841061
0.35800000000000026,5.748829235319926
0.36000000000000026,5.748639071554588
0.36200000000000027,5.74844641442059
0.36400000000000027,5.748263246116091
0.36600000000000027,5.748083564319514
0.36800000000000027,5.747904332097643
0.3700000000000003,5.747726069089558
0.3720000000000003,5.747548968552742
0.3740000000000003,5.747373038083996
0.3760000000000003,5.747198184480387
0.3780000000000003,5.747023827594329
0.3800000000000003,5.746849464259404
0.3820000000000003,5.74667538134221
0.3840000000000003,5.746501620960705
0.3860000000000003,5.7463281037861265
0.3880000000000003,5.746154710774418
0.3900000000000003,5.745981287489392
0.3920000000000003,5.745807684631817
0.3940000000000003,5.745634977125713
0.3960000000000003,5.745462419210264
0.3980000000000003,5.745289471051452
0.4000000000000003,5.745115798715418
0.4020000000000003,5.744941172635933
0.4040000000000003,5.744765428999636
0.4060000000000003,5.744588416614714
0.4080000000000003,5.7444099876483214
0.4100000000000003,5.744229994366255
0.4120000000000003,5.744049365686999
0.4140000000000003,5.7438768856800735
0.4160000000000003,5.7437086823988
0.4180000000000003,5.74354247613788
0.4200000000000003,5.743373818704589
0.4220000000000003,5.743204710459595
0.4240000000000003,5.743036963717789
0.4260000000000003,5.74286960960558
0.4280000000000003,5.742702335291356
0.4300000000000003,5.742535330318698
0.43200000000000033,5.742368619427304
0.43400000000000033,5.742202148892144
0.43600000000000033,5.742035852331575
0.43800000000000033,5.741870042262668
0.44000000000000034,5.741705204735185
0.44200000000000034,5.74154259743797
0.44400000000000034,5.741381159035919
0.44600000000000034,5.741220428469731
0.44800000000000034,5.741060200135979
0.45000000000000034,5.740900285665375
0.45200000000000035,5.740740510280105
0.45400000000000035,5.7405806943829605
0.45600000000000035,5.740420672200936
0.45800000000000035,5.740260271416048
0.46000000000000035,5.7400993248302035
0.46200000000000035,5.739937657928967
0.46400000000000036,5.739783669654557
0.46600000000000036,5.739633835282688
0.46800000000000036,5.739486241072662
0.47000000000000036,5.7393399644413385
0.47200000000000036,5.7391945714412635
0.47400000000000037,5.7390498527074465
0.47600000000000037,5.73890493813467
0.47800000000000037,5.738758700731024
0.48000000000000037,5.738609319555457
0.4820000000000004,5.738458804582576
0.4840000000000004,5.738308044179612
0.4860000000000004,5.738157360978474
0.4880000000000004,5.738007057246733
0.4900000000000004,5.7378579965735215
0.4920000000000004,5.737709423184152
0.4940000000000004,5.73756091691884
0.4960000000000004,5.737412231824585
0.4980000000000004,5.73726322452338
0.5000000000000003,5.737113784496965
0.5020000000000003,5.736963814612082
0.5040000000000003,5.73681322945222
0.5060000000000003,5.736661944380369
0.5080000000000003,5.736510708737497
0.5100000000000003,5.73635944184183
0.5120000000000003,5.7362075709041624
0.5140000000000003,5.736060022578825
0.5160000000000003,5.735916237464795
0.5180000000000003,5.735774598236488
0.5200000000000004,5.735633844825392
0.5220000000000004,5.7354934169391205
0.5240000000000004,5.73535307700446
0.5260000000000004,5.735212713691128
0.5280000000000004,5.735071382960283
0.5300000000000004,5.734929509573127
0.5320000000000004,5.734787301095551
0.5340000000000004,5.734644837776632
0.5360000000000004,5.734502409389643
0.5380000000000004,5.7343608362453935
0.5400000000000004,5.734219413927987
0.5420000000000004,5.734077784857339
0.5440000000000004,5.733934795247627
0.5460000000000004,5.733787623436398
0.5480000000000004,5.733638374255833
0.5500000000000004,5.733488046058563
0.5520000000000004,5.7333370258495036
0.5540000000000004,5.733185425686192
0.5560000000000004,5.733033237968177
0.5580000000000004,5.732880400302979
0.5600000000000004,5.732726849799926
0.5620000000000004,5.732572519750259
0.5640000000000004,5.732417696870884
0.5660000000000004,5.73226726203257
0.5680000000000004,5.732118855109729
0.5700000000000004,5.731971266297859
0.5720000000000004,5.731823946750268
0.5740000000000004,5.73167665707974
0.5760000000000004,5.731529301826182
0.5780000000000004,5.731381432653349
0.5800000000000004,5.731232664636963
0.5820000000000004,5.731083051754148
0.5840000000000004,5.7309330646292835
0.5860000000000004,5.730784054841078
0.5880000000000004,5.730635356754299
0.5900000000000004,5.730486617354809
0.5920000000000004,5.730337650421972
0.5940000000000004,5.7301883708614545
0.5960000000000004,5.730038741029389
0.5980000000000004,5.7298888861031445
0.6000000000000004,5.729738959275702
0.6020000000000004,5.729588986714256
0.6040000000000004,5.729438937517
0.6060000000000004,5.7292887577301075
0.6080000000000004,5.729138385723471
0.6100000000000004,5.7289879315093755
0.6120000000000004,5.728838370288312
0.6140000000000004,5.728688971197432
0.6160000000000004,5.728536989970934
0.6180000000000004,5.7283852482973945
0.6200000000000004,5.7282339714456905
0.6220000000000004,5.728083091735345
0.6240000000000004,5.727932534575371
0.6260000000000004,5.727782227949071
0.6280000000000004,5.727632125032661
0.6300000000000004,5.727482173371577
0.6320000000000005,5.727332330845689
0.6340000000000005,5.72718275579982
0.6360000000000005,5.727033478542383
0.6380000000000005,5.726884312691179
0.6400000000000005,5.726735136432989
0.6420000000000005,5.726585879570197
0.6440000000000005,5.726436495079996
0.6460000000000005,5.726286952164111
0.6480000000000005,5.726137208348565
0.6500000000000005,5.725987235025446
0.6520000000000005,5.725836997895643
0.6540000000000005,5.725686461214195
0.6560000000000005,5.725535596611907
0.6580000000000005,5.725384361675099
0.6600000000000005,5.725232734394052
0.6620000000000005,5.725080672558281
0.6640000000000005,5.724928145916932
0.6660000000000005,5.7247751258317345
0.6680000000000005,5.724621575242395
0.6700000000000005,5.724468451135643
0.6720000000000005,5.724316564068556
0.6740000000000005,5.724165174886625
0.6760000000000005,5.724013920224396
0.6780000000000005,5.72386262081968
0.6800000000000005,5.723711283712889
0.6820000000000005,5.7235604944232135
0.6840000000000005,5.723410438140766
0.6860000000000005,5.723260530441539
0.6880000000000005,5.723109667221781
0.6900000000000005,5.722958078767066
0.6920000000000005,5.722806000177489
0.6940000000000005,5.722652252456165
0.6960000000000005,5.722494517547024
0.6980000000000005,5.722334930476433
0.7000000000000005,5.722174512100337
0.7020000000000005,5.722013672675513
0.7040000000000005,5.721852261238311
0.7060000000000005,5.72169024014725
0.7080000000000005,5.721527798553563
0.7100000000000005,5.721365002110101
0.7120000000000005,5.721201867145879
0.7140000000000005,5.72103837932972
0.7160000000000005,5.72087540887053
0.7180000000000005,5.720712877181956
0.7200000000000005,5.720550265805677
0.7220000000000005,5.720387327136401
0.7240000000000005,5.7202243370731445
0.7260000000000005,5.720061774215769
0.7280000000000005,5.719899323895661
0.7300000000000005,5.719736832359312
0.7320000000000005,5.71957545044066
0.7340000000000005,5.7194145210519025
0.7360000000000005,5.719253644235444
0.7380000000000005,5.719092651945585
0.7400000000000005,5.718931472742448
0.7420000000000005,5.7187693117496385
0.7440000000000005,5.718606403759723
0.7460000000000006,5.718443048578937
0.7480000000000006,5.718279374065106
0.7500000000000006,5.718115430729029
0.7520000000000006,5.717951224016097
0.7540000000000006,5.717786755119224
0.7560000000000006,5.717622123788396
0.7580000000000006,5.717457397764231
0.7600000000000006,5.7172925839246
0.7620000000000006,5.717127653118064
0.7640000000000006,5.716962584377912
0.7660000000000006,5.716797351931186
0.7680000000000006,5.716631936803801
0.7700000000000006,5.716466306033245
0.7720000000000006,5.716300440714579
0.7740000000000006,5.716134316972128
0.7760000000000006,5.715966308111637
0.7780000000000006,5.715794188413214
0.7800000000000006,5.715620723351809
0.7820000000000006,5.715447666335753
0.7840000000000006,5.715274925941833
0.7860000000000006,5.715102387703982
0.7880000000000006,5.714929963051892
0.7900000000000006,5.714757585191507
0.7920000000000006,5.714585215696731
0.7940000000000006,5.714412837220578
0.7960000000000006,5.71423970198703
0.7980000000000006,5.714065956907241
0.8000000000000006,5.713891921180752
0.8020000000000006,5.713717725412076
0.8040000000000006,5.71354340790483
0.8060000000000006,5.71336897771603
0.8080000000000006,5.713194415249305
0.8100000000000006,5.713019710466123
0.8120000000000006,5.712844839806831
0.8140000000000006,5.7126697937704
0.8160000000000006,5.7124945575646535
0.8180000000000006,5.712319115355664
0.8200000000000006,5.712144211909509
0.8220000000000006,5.7119700157573945
0.8240000000000006,5.711795592464642
0.8260000000000006,5.711620678907161
0.8280000000000006,5.711445390691391
0.8300000000000006,5.711270425937129
0.8320000000000006,5.711096105210293
0.8340000000000006,5.710921814986773
0.8360000000000006,5.710746248375621
0.8380000000000006,5.7105697389713255
0.8400000000000006,5.710392749960412
0.8420000000000006,5.710215494337625
0.8440000000000006,5.710038054078908
0.8460000000000006,5.709860439862553
0.8480000000000006,5.7096826547813695
0.8500000000000006,5.709504011397432
0.8520000000000006,5.709324585179384
0.8540000000000006,5.70914471291103
0.8560000000000006,5.708964551993326
0.8580000000000007,5.70878415857234
0.8600000000000007,5.708603552465918
0.8620000000000007,5.708422722060424
0.8640000000000007,5.7082374887580105
0.8660000000000007,5.708049853845975
0.8680000000000007,5.707861206815773
0.8700000000000007,5.707672166582656
0.8720000000000007,5.707482957717383
0.8740000000000007,5.707293637604352
0.8760000000000007,5.707104202634088
0.8780000000000007,5.70691464001811
0.8800000000000007,5.70672541133188
0.8820000000000007,5.706537084567089
0.8840000000000007,5.706349022273464
0.8860000000000007,5.706160918101856
0.8880000000000007,5.705972637775549
0.8900000000000007,5.705784126795925
0.8920000000000007,5.705595234356487
0.8940000000000007,5.7054041655905765
0.8960000000000007,5.705212082079695
0.8980000000000007,5.705019548000199
0.9000000000000007,5.704826800330872
0.9020000000000007,5.7046339297831965
0.9040000000000007,5.704440125960213
0.9060000000000007,5.704245713253168
0.9080000000000007,5.7040510608603165
0.9100000000000007,5.703856337583125
0.9120000000000007,5.703661598231355
0.9140000000000007,5.703466843009468
0.9160000000000007,5.703272070242978
0.9180000000000007,5.7030772678300625
0.9200000000000007,5.70288242173117
0.9220000000000007,5.702687850585281
0.9240000000000007,5.70249441604688
0.9260000000000007,5.7023014247745305
0.9280000000000007,5.702108529389229
0.9300000000000007,5.701915780669234
0.9320000000000007,5.701724139943277
0.9340000000000007,5.701532899204716
0.9360000000000007,5.701341709298154
0.9380000000000007,5.7011498838367745
0.9400000000000007,5.700957567211402
0.9420000000000007,5.700764952965589
0.9440000000000007,5.700572135357501
0.9460000000000007,5.700379145188633
0.9480000000000007,5.7001859854315216
0.9500000000000007,5.699992648435604
0.9520000000000007,5.699793809517708
0.9540000000000007,5.699590327313481
0.9560000000000007,5.699384924870097
0.9580000000000007,5.699177951228944
0.9600000000000007,5.698970458213003
0.9620000000000007,5.698762869517183
0.9640000000000007,5.698555307595121
0.9660000000000007,5.698347798760903
0.9680000000000007,5.698140320955125
0.9700000000000008,5.697932859628147
0.9720000000000008,5.697725389441912
0.9740000000000008,5.697517902762021
0.9760000000000008,5.697310149253147
0.9780000000000008,5.697102233252633
0.9800000000000008,5.696894205984131
0.9820000000000008,5.696687205899016
0.9840000000000008,5.696480812523491
0.9860000000000008,5.696274599825688
0.9880000000000008,5.696068374735473
0.9900000000000008,5.69586206547214
0.9920000000000008,5.695655635064814
0.9940000000000008,5.695449071769178
0.9960000000000008,5.695242378938939
0.9980000000000008,5.695035553271168
1.0000000000000007,5.694828580806897
1.0020000000000007,5.69462145671654
1.0040000000000007,5.694414179682592
1.0060000000000007,5.694206733834236
1.0080000000000007,5.693999110182146
1.0100000000000007,5.693790716977569
1.0120000000000007,5.69357797477539
1.0140000000000007,5.693363279048872
1.0160000000000007,5.6931477939322175
1.0180000000000007,5.692932010567105
1.0200000000000007,5.692716112227614
1.0220000000000007,5.6925001758147715
1.0240000000000007,5.692285605623207
1.0260000000000007,5.692071577769811
1.0280000000000007,5.69185768764188
1.0300000000000007,5.691643756193881
1.0320000000000007,5.6914302432919985
1.0340000000000007,5.691217620991796
1.0360000000000007,5.691005291405002
1.0380000000000007,5.690792984730389
1.0400000000000007,5.690580574713987
1.0420000000000007,5.690368013363242
1.0440000000000007,5.690153353325629
1.0460000000000007,5.689934367492906
1.0480000000000007,5.689713317251032
1.0500000000000007,5.689491510582668
1.0520000000000007,5.689269536513533
1.0540000000000007,5.689047626934921
1.0560000000000007,5.688825837136922
1.0580000000000007,5.68860415979327
1.0600000000000007,5.688382571675643
1.0620000000000007,5.688161000397153
1.0640000000000007,5.687938423220905
1.0660000000000007,5.687715416290683
1.0680000000000007,5.68749225327318
1.0700000000000007,5.687269047108846
1.0720000000000007,5.6870436057195946
1.0740000000000007,5.686815575202848
1.0760000000000007,5.686586501243039
1.0780000000000007,5.6863570952909175
1.0800000000000007,5.686127643340734
1.0820000000000007,5.685898225269489
1.0840000000000007,5.6856699603096725
1.0860000000000007,5.685442418875003
1.0880000000000007,5.685215173994017
1.0900000000000007,5.68498802046957
1.0920000000000007,5.6847608760291815
1.0940000000000007,5.68453371188031
1.0960000000000008,5.684306519614185
1.0980000000000008,5.684079296721396
1.1000000000000008,5.683852048771598
1.1020000000000008,5.683624765239527
1.1040000000000008,5.683397440783292
1.1060000000000008,5.683170078903359
1.1080000000000008,5.682942667906583
1.1100000000000008,5.682715189728683
1.1120000000000008,5.682487325946131
1.1140000000000008,5.682259245125449
1.1160000000000008,5.682030195873687
1.1180000000000008,5.681800416337992
1.1200000000000008,5.681570285370368
1.1220000000000008,5.681341362065378
1.1240000000000008,5.68111308001224
1.1260000000000008,5.680884987866332
1.1280000000000008,5.680656879313389
1.1300000000000008,5.680428670097061
1.1320000000000008,5.6802003303771675
1.1340000000000008,5.679969457898543
1.1360000000000008,5.679736615855743
1.1380000000000008,5.679499209951494
1.1400000000000008,5.679258887890173
1.1420000000000008,5.6790174850527455
1.1440000000000008,5.678775809438441
1.1460000000000008,5.678534146426177
1.1480000000000008,5.6782925798979695
1.1500000000000008,5.678050478114032
1.1520000000000008,5.677808079611601
1.1540000000000008,5.677565593967943
1.1560000000000008,5.677323106544439
1.1580000000000008,5.6770806540824985
1.1600000000000008,5.6768382337553245
1.1620000000000008,5.676595858527779
1.1640000000000008,5.676353669972766
1.1660000000000008,5.676111569597854
1.1680000000000008,5.675868759736344
1.1700000000000008,5.67562530343201
1.1720000000000008,5.6753815831357715
1.1740000000000008,5.675137763215209
1.1760000000000008,5.674893918078499
1.1780000000000008,5.6746500685871135
1.1800000000000008,5.674406214905027
1.1820000000000008,5.674162350866727
1.1840000000000008,5.673918469432615
1.1860000000000008,5.673674846815488
1.1880000000000008,5.673432367850949
1.1900000000000008,5.6731903856694545
1.1920000000000008,5.672948595041136
1.1940000000000008,5.672706855980076
1.1960000000000008,5.672465124716662
1.1980000000000008,5.6722190009684645
1.2000000000000008,5.67197055291926
1.2020000000000008,5.671721215502082
1.2040000000000008,5.671471633581397
1.2060000000000008,5.671222037781247
1.2080000000000009,5.67097250049538
1.2100000000000009,5.670723017262829
1.2120000000000009,5.670473579823581
1.2140000000000009,5.67022524286768
1.2160000000000009,5.6699778892817845
1.2180000000000009,5.669730933515148
1.2200000000000009,5.669483250115643
1.2220000000000009,5.669234979888542
1.2240000000000009,5.668986446355479
1.2260000000000009,5.668737811813322
1.2280000000000009,5.668489131403907
1.2300000000000009,5.668240427462408
1.2320000000000009,5.667991562875779
1.2340000000000009,5.667737759608065
1.2360000000000009,5.667481848284321
1.2380000000000009,5.667225441107319
1.2400000000000009,5.666970095108369
1.2420000000000009,5.666714970563847
1.2440000000000009,5.666459981153099
1.2460000000000009,5.66620508373968
1.2480000000000009,5.665950253835478
1.2500000000000009,5.665694733302057
1.252000000000001,5.665438904276454
1.254000000000001,5.665182997359211
1.256000000000001,5.664927108718827
1.258000000000001,5.664671270528301
1.260000000000001,5.664415487782193
1.262000000000001,5.66415624600019
1.264000000000001,5.663894077131714
1.266000000000001,5.6636307483903545
1.268000000000001,5.663367069045454
1.270000000000001,5.663103220721049
1.272000000000001,5.662838414195212
1.274000000000001,5.662573243030417
1.276000000000001,5.662307974580685
1.278000000000001,5.662042713272824
1.280000000000001,5.661777490654787
1.282000000000001,5.661512317335404
1.284000000000001,5.661247179642617
1.286000000000001,5.660982068651276
1.288000000000001,5.660716978400919
1.290000000000001,5.660451904566962
1.292000000000001,5.660188096813256
1.294000000000001,5.659924910087299
1.296000000000001,5.659661961492817
1.298000000000001,5.659399084017099
1.300000000000001,5.659136213613658
1.302000000000001,5.658873326111436
1.304000000000001,5.658610413654285
1.306000000000001,5.658347475272891
1.308000000000001,5.65808451115297
1.310000000000001,5.657822757216806
1.312000000000001,5.657561927196195
1.314000000000001,5.657301454844213
1.316000000000001,5.657041081639118
1.318000000000001,5.656780695571263
1.320000000000001,5.656520261756244
1.322000000000001,5.65625919969213
1.324000000000001,5.655997279714505
1.326000000000001,5.655735001513825
1.328000000000001,5.655467840101973
1.330000000000001,5.655193408522747
1.332000000000001,5.654915672833379
1.334000000000001,5.654636858075023
1.336000000000001,5.654357901736089
1.338000000000001,5.654079117005421
1.340000000000001,5.653800565680483
1.342000000000001,5.653522220927304
1.344000000000001,5.653245043153971
1.346000000000001,5.652968144919659
1.348000000000001,5.652691208505823
1.350000000000001,5.6524143093257875
1.352000000000001,5.652137491639004
1.354000000000001,5.6518607769533915
1.356000000000001,5.6515841655239365
1.358000000000001,5.651307665957998
1.360000000000001,5.651031269665108
1.362000000000001,5.65075498023534
1.364000000000001,5.65047878664249
1.366000000000001,5.650202580340682
1.368000000000001,5.649926115987642
1.370000000000001,5.649649584720194
1.372000000000001,5.649372919369759
1.374000000000001,5.6490952191697374
1.376000000000001,5.648817101498844
1.378000000000001,5.648538859471383
1.380000000000001,5.64826061569989
1.382000000000001,5.647982412270064
1.384000000000001,5.647704265100794
1.386000000000001,5.647426162593944
1.388000000000001,5.647148096500854
1.390000000000001,5.646870060818095
1.392000000000001,5.6465920510952134
1.394000000000001,5.6463117196522985
1.396000000000001,5.646027973643143
1.398000000000001,5.645743480333497
1.400000000000001,5.645458815272236
1.402000000000001,5.6451741746525395
1.404000000000001,5.6448908828088316
1.406000000000001,5.6446086588301
1.408000000000001,5.644326890430271
1.410000000000001,5.644045288452093
1.412000000000001,5.643763732984432
1.414000000000001,5.643482174761734
1.416000000000001,5.643200611600807
1.418000000000001,5.642919037900314
1.420000000000001,5.642637463692505
1.422000000000001,5.642355891682864
1.424000000000001,5.64207342277313
1.426000000000001,5.641790278914089
1.428000000000001,5.641501832316394
1.430000000000001,5.641211031738916
1.432000000000001,5.6409194498613004
1.434000000000001,5.640627758875816
1.436000000000001,5.640336186791334
1.438000000000001,5.64004479608283
1.440000000000001,5.639752734535142
1.442000000000001,5.639460453105138
1.444000000000001,5.639168180155852
1.446000000000001,5.6388759944571545
1.448000000000001,5.638583921803704
1.450000000000001,5.638293122550807
1.452000000000001,5.638003122438513
1.454000000000001,5.637713500643876
1.456000000000001,5.637424075751107
1.458000000000001,5.637134788611874
1.460000000000001,5.636845610396647
1.462000000000001,5.636554290497909
1.464000000000001,5.636258844615001
1.466000000000001,5.635961709108135
1.468000000000001,5.635664052511485
1.470000000000001,5.635366364974537
1.472000000000001,5.635068810428994
1.474000000000001,5.634770535800061
1.476000000000001,5.634471697945694
1.478000000000001,5.634172704089242
1.480000000000001,5.63387372595575
1.482000000000001,5.63357482539132
1.484000000000001,5.633276017567273
1.486000000000001,5.6329773004394665
1.488000000000001,5.6326784766034175
1.490000000000001,5.632379430182095
1.492000000000001,5.632080321283845
1.494000000000001,5.631781225231608
1.496000000000001,5.631483087228927
1.498000000000001,5.631186266822323
1.500000000000001,5.630890030595233
1.5020000000000011,5.630594280603923
1.5040000000000011,5.630299795536791
1.5060000000000011,5.630005851066868
1.5080000000000011,5.629712113740003
1.5100000000000011,5.629418448064476
1.5120000000000011,5.629124807937272
1.5140000000000011,5.62883117114872
1.5160000000000011,5.628537543073141
1.5180000000000011,5.62824391939266
1.5200000000000011,5.62795030962068
1.5220000000000011,5.627656715579766
1.5240000000000011,5.627362367405214
1.5260000000000011,5.627063097378295
1.5280000000000011,5.62676054703112
1.5300000000000011,5.6264563342775515
1.5320000000000011,5.62614672346621
1.5340000000000011,5.625834015566043
1.5360000000000011,5.625520283314239
1.5380000000000011,5.625206411062939
1.5400000000000011,5.62489270962882
1.5420000000000011,5.624579243545863
1.5440000000000011,5.624266010434125
1.5460000000000012,5.623952975027887
1.5480000000000012,5.6236401074965245
1.5500000000000012,5.623327386250187
1.5520000000000012,5.623014798489571
1.5540000000000012,5.6227023287062785
1.5560000000000012,5.622390590295416
1.5580000000000012,5.622079925118437
1.5600000000000012,5.621769778218592
1.5620000000000012,5.621459877782897
1.5640000000000012,5.621150111783048
1.5660000000000012,5.620840441133662
1.5680000000000012,5.620530855829563
1.5700000000000012,5.620221347507928
1.5720000000000012,5.619911925404884
1.5740000000000012,5.619601596471034
1.5760000000000012,5.619290650248678
1.5780000000000012,5.618979510010919
1.5800000000000012,5.618668365791336
1.5820000000000012,5.618357308168317
1.5840000000000012,5.618046353055519
1.5860000000000012,5.617735513678341
1.5880000000000012,5.617426604805934
1.5900000000000012,5.617118594668906
1.5920000000000012,5.616810968873461
1.5940000000000012,5.616503504945754
1.5960000000000012,5.616196112111703
1.5980000000000012,5.615888774778875
1.6000000000000012,5.6155814845182634
1.6020000000000012,5.615270524722188
1.6040000000000012,5.6149560257749345
1.6060000000000012,5.614639998280179
1.6080000000000012,5.614323238873176
1.6100000000000012,5.614007356559323
1.6120000000000012,5.613692247264606
1.6140000000000012,5.6133775274435695
1.6160000000000012,5.613062987982457
1.6180000000000012,5.612748355579172
1.6200000000000012,5.612432967538823
1.6220000000000012,5.612117278320291
1.6240000000000012,5.611800359287492
1.6260000000000012,5.611477774461052
1.6280000000000012,5.611152603797826
1.6300000000000012,5.610826610508959
1.6320000000000012,5.6105005489449
1.6340000000000012,5.61017468348271
1.6360000000000012,5.6098490741960685
1.6380000000000012,5.609523710225321
1.6400000000000012,5.609198557073005
1.6420000000000012,5.608873591149002
1.6440000000000012,5.608548797462364
1.6460000000000012,5.608224166446848
1.6480000000000012,5.607899691164989
1.6500000000000012,5.60757535419059
1.6520000000000012,5.607251155784932
1.6540000000000012,5.60692708487086
1.6560000000000012,5.606603137536539
1.6580000000000013,5.6062793118460394
1.6600000000000013,5.605955605938552
1.6620000000000013,5.605632009694269
1.6640000000000013,5.605309643372788
1.6660000000000013,5.6049881002637765
1.6680000000000013,5.604666947437953
1.6700000000000013,5.604345980773378
1.6720000000000013,5.604024664405607
1.6740000000000013,5.603697513147516
1.6760000000000013,5.603367294084086
1.6780000000000013,5.603037651378532
1.6800000000000013,5.602708499147602
1.6820000000000013,5.602379702993187
1.6840000000000013,5.602051128418001
1.6860000000000013,5.601722706277524
1.6880000000000013,5.601394388528041
1.6900000000000013,5.601066162128787
1.6920000000000013,5.600738010302764
1.6940000000000013,5.600409927707609
1.6960000000000013,5.600081912834167
1.6980000000000013,5.599753965125272
1.7000000000000013,5.599426083824483
1.7020000000000013,5.599098267800962
1.7040000000000013,5.598770520491373
1.7060000000000013,5.59844197049896
1.7080000000000013,5.598113058931164
1.7100000000000013,5.597784075832454
1.7120000000000013,5.597455146167404
1.7140000000000013,5.597126314690901
1.7160000000000013,5.596797588493403
1.7180000000000013,5.5964700127225875
1.7200000000000013,5.596143265919384
1.7220000000000013,5.595815775269527
1.7240000000000013,5.595487349528574
1.7260000000000013,5.595154333974097
1.7280000000000013,5.594818160165743
1.7300000000000013,5.594480876932896
1.7320000000000013,5.594143401293432
1.7340000000000013,5.593806087655075
1.7360000000000013,5.593469024399858
1.7380000000000013,5.593132212650961
1.7400000000000013,5.592795629821164
1.7420000000000013,5.59245924478992
1.7440000000000013,5.592123048268446
1.7460000000000013,5.591783758947791
1.7480000000000013,5.591440850502753
1.7500000000000013,5.591096537745705
1.7520000000000013,5.590751853927672
1.7540000000000013,5.590407222848067
1.7560000000000013,5.5900627777842615
1.7580000000000013,5.589718529616038
1.7600000000000013,5.589374461818071
1.7620000000000013,5.589030562779386
1.7640000000000013,5.588686800930434
1.7660000000000013,5.588344738383429
1.7680000000000013,5.58800390752436
1.7700000000000014,5.58766331802332
1.7720000000000014,5.587322744680645
1.7740000000000014,5.586982592139899
1.7760000000000014,5.58664267078466
1.7780000000000014,5.5863028952709675
1.7800000000000014,5.5859632309741905
1.7820000000000014,5.585623661861017
1.7840000000000014,5.5852841731495815
1.7860000000000014,5.584944771134693
1.7880000000000014,5.584605448881772
1.7900000000000014,5.584265637310295
1.7920000000000014,5.5839252522658684
1.7940000000000014,5.583584701254286
1.7960000000000014,5.583244439481431
1.7980000000000014,5.582904510800556
1.8000000000000014,5.582564780674203
1.8020000000000014,5.582225192543521
1.8040000000000014,5.581885717950396
1.8060000000000014,5.58154633536526
1.8080000000000014,5.5812070469122315
1.8100000000000014,5.580867843362628
1.8120000000000014,5.58052872275994
1.8140000000000014,5.58018968158279
1.8160000000000014,5.579850715321443
1.8180000000000014,5.579511821576089
1.8200000000000014,5.579167551428609
1.8220000000000014,5.578819395442251
1.8240000000000014,5.578469751265762
1.8260000000000014,5.578119594717329
1.8280000000000014,5.577765309412056
1.8300000000000014,5.577409443514565
1.8320000000000014,5.577053187846912
1.8340000000000014,5.576696952378318
1.8360000000000014,5.576340619258152
1.8380000000000014,5.5759844030225665
1.8400000000000014,5.5756283876168204
1.8420000000000014,5.575272581506272
1.8440000000000014,5.574916970150406
1.8460000000000014,5.574561549318539
1.8480000000000014,5.574206299770071
1.8500000000000014,5.573851220635137
1.8520000000000014,5.573496299097566
1.8540000000000014,5.573141530008564
1.8560000000000014,5.572786902794734
1.8580000000000014,5.572432423617417
1.8600000000000014,5.572079979557173
1.8620000000000014,5.57172863692444
1.8640000000000014,5.5713777910881435
1.8660000000000014,5.57102717889965
1.8680000000000014,5.570676038789963
1.8700000000000014,5.570324022332732
1.8720000000000014,5.5699715716342615
1.8740000000000014,5.569618149210863
1.8760000000000014,5.569264426150907
1.8780000000000014,5.5689107035222785
1.8800000000000014,5.568557655998221
1.8820000000000014,5.568205762056101
1.8840000000000015,5.5678544412230915
1.8860000000000015,5.567503410811577
1.8880000000000015,5.567152539435622
1.8900000000000015,5.56680177274802
1.8920000000000015,5.566451107671175
1.8940000000000015,5.566098408711474
1.8960000000000015,5.565741360336027
1.8980000000000015,5.5653825283337754
1.9000000000000015,5.565023139751095
1.9020000000000015,5.564663721861095
1.9040000000000015,5.5643044411682245
1.9060000000000015,5.563945337794885
1.9080000000000015,5.563586390670234
1.9100000000000015,5.5632275737556265
1.9120000000000015,5.562868857398809
1.9140000000000015,5.562510236938523
1.9160000000000015,5.56215143975134
1.9180000000000015,5.561791512591644
1.9200000000000015,5.561431132761614
1.9220000000000015,5.561070647692642
1.9240000000000015,5.560710192485103
1.9260000000000015,5.560349823408376
1.9280000000000015,5.559988925746777
1.9300000000000015,5.559622792341858
1.9320000000000015,5.5592545397802064
1.9340000000000015,5.558885787942506
1.9360000000000015,5.558518234305338
1.9380000000000015,5.558151426283255
1.9400000000000015,5.557785073321051
1.9420000000000015,5.55741900946816
1.9440000000000015,5.557053162269347
1.9460000000000015,5.556687154512265
1.9480000000000015,5.556323079775549
1.9500000000000015,5.555960095405491
1.9520000000000015,5.55559762859287
1.9540000000000015,5.555234928488177
1.9560000000000015,5.554871635368764
1.9580000000000015,5.554508174487887
1.9600000000000015,5.5541447657324134
1.9620000000000015,5.553781493665052
1.9640000000000015,5.553418293685343
1.9660000000000015,5.553053925146444
1.9680000000000015,5.552689140568065
1.9700000000000015,5.55232139377486
1.9720000000000015,5.551949842818914
1.9740000000000015,5.551576820978551
1.9760000000000015,5.551203422850724
1.9780000000000015,5.550830091687504
1.9800000000000015,5.550456954577915
1.9820000000000015,5.5500840268922795
1.9840000000000015,5.549711289803796
1.9860000000000015,5.549338720491857
1.9880000000000015,5.548966292789664
1.9900000000000015,5.548595121841731
1.9920000000000015,5.548224752437814
1.9940000000000015,5.547854760713764
1.9960000000000016,5.54748496003443
1.9980000000000016,5.547115279198159
2.0000000000000013,5.546745697330834
2.002000000000001,5.546376203785133
2.004000000000001,5.546006807022003
2.0060000000000007,5.545637498656547
2.0080000000000005,5.54526828601708
2.0100000000000002,5.544899161524383
2.012,5.544530123627828
2.014,5.544159889175109
2.0159999999999996,5.543789048668379
2.0179999999999993,5.543418033560402
2.019999999999999,5.543047031868667
2.021999999999999,5.542676112823944
2.0239999999999987,5.5423052940348345
2.0259999999999985,5.5419345742933785
2.0279999999999982,5.541563939241671
2.029999999999998,5.541193391179078
2.031999999999998,5.540818850323596
2.0339999999999976,5.54044103049987
2.0359999999999974,5.54006298789512
2.037999999999997,5.539685153970674
2.039999999999997,5.539307641916826
2.0419999999999967,5.53893043969016
2.0439999999999965,5.538554401278362
2.0459999999999963,5.538178231644382
2.047999999999996,5.537797771414824
2.049999999999996,5.537415531712326
2.0519999999999956,5.537032759288653
2.0539999999999954,5.536649754040584
2.055999999999995,5.536266721248332
2.057999999999995,5.535883837547846
2.0599999999999947,5.535501160861343
2.0619999999999945,5.535117394036481
2.0639999999999943,5.534733118139523
2.065999999999994,5.534348755147254
2.067999999999994,5.533964485609049
2.0699999999999936,5.533580383421609
2.0719999999999934,5.5331964555773
2.073999999999993,5.532812697045281
2.075999999999993,5.532429092037472
2.0779999999999927,5.532045642176615
2.0799999999999925,5.531662335940361
2.0819999999999923,5.5312791772842544
2.083999999999992,5.530896155885046
2.085999999999992,5.5305132681236895
2.0879999999999916,5.5301305124554485
2.0899999999999914,5.529747879312205
2.091999999999991,5.52936537569485
2.093999999999991,5.528983001849859
2.0959999999999908,5.528600746160595
2.0979999999999905,5.528218792032376
2.0999999999999903,5.527838172105146
2.10199999999999,5.52745819150309
2.10399999999999,5.527078503628776
2.1059999999999897,5.526698953681423
2.1079999999999894,5.526319498200714
2.109999999999989,5.525938831355495
2.111999999999989,5.525557122231431
2.1139999999999888,5.525174329933379
2.1159999999999886,5.524791191002055
2.1179999999999883,5.524408033969167
2.119999999999988,5.524025543444397
2.121999999999988,5.523645091717987
2.1239999999999877,5.523263273272835
2.1259999999999875,5.522877662084301
2.1279999999999872,5.52249045671572
2.129999999999987,5.522102750997041
2.131999999999987,5.521714996898194
2.1339999999999866,5.521327362689714
2.1359999999999864,5.520934774287215
2.137999999999986,5.520539392467094
2.139999999999986,5.520143102518653
2.1419999999999857,5.519746724925075
2.1439999999999855,5.519350560704619
2.1459999999999853,5.5189546860881
2.147999999999985,5.518559095111676
2.149999999999985,5.518163760964491
2.1519999999999846,5.517768649824255
2.1539999999999844,5.51737475428347
2.155999999999984,5.5169818038313565
2.157999999999984,5.516587889033028
2.1599999999999837,5.516193390512419
2.1619999999999835,5.515798546657094
2.1639999999999833,5.515403664405899
2.165999999999983,5.515008890144377
2.167999999999983,5.514614276324227
2.1699999999999826,5.5142198346931135
2.1719999999999824,5.513825557166234
2.173999999999982,5.5134314410840295
2.175999999999982,5.51303749209396
2.1779999999999817,5.512643698709573
2.1799999999999815,5.512250047537921
2.1819999999999813,5.5118565445380145
2.183999999999981,5.511463181386344
2.185999999999981,5.51106996432513
2.1879999999999806,5.510676880552448
2.1899999999999804,5.510282997609376
2.19199999999998,5.509888633160425
2.19399999999998,5.509494169608601
2.1959999999999797,5.509099787396232
2.1979999999999795,5.50870554383615
2.1999999999999793,5.5083114549401255
2.201999999999979,5.507916523528853
2.203999999999979,5.507516709992603
2.2059999999999786,5.507114760746473
2.2079999999999784,5.5067138232565345
2.209999999999978,5.506314253400681
2.211999999999978,5.505915415019508
2.2139999999999778,5.505516955285648
2.2159999999999775,5.505118697964136
2.2179999999999773,5.504720568977814
2.219999999999977,5.504322541607756
2.221999999999977,5.5039246101010235
2.2239999999999767,5.503526775329805
2.2259999999999764,5.503129039132585
2.227999999999976,5.502731402562212
2.229999999999976,5.502333865667622
2.231999999999976,5.5019364192868725
2.2339999999999756,5.501539070980146
2.2359999999999753,5.5011418131125485
2.237999999999975,5.500744644321226
2.239999999999975,5.500343858322429
2.2419999999999747,5.499939262659432
2.2439999999999745,5.499533258255766
2.2459999999999742,5.499126956625552
2.247999999999974,5.498720793507465
2.249999999999974,5.498314898916978
2.2519999999999736,5.497908912081358
2.2539999999999734,5.497501844054391
2.255999999999973,5.497094429933528
2.257999999999973,5.496687025916063
2.2599999999999727,5.4962797668536
2.2619999999999725,5.495872713726781
2.2639999999999723,5.495467133583097
2.265999999999972,5.495060932823741
2.267999999999972,5.494654424007898
2.2699999999999716,5.494247898620352
2.2719999999999714,5.493841484365973
2.273999999999971,5.493435244657921
2.275999999999971,5.493029189021881
2.2779999999999707,5.492623313037025
2.2799999999999705,5.4922176107482255
2.2819999999999703,5.491809255396406
2.28399999999997,5.49139795365374
2.28599999999997,5.490985540853334
2.2879999999999696,5.490572877363222
2.2899999999999694,5.490160316082094
2.291999999999969,5.489747964509682
2.293999999999969,5.489336689541373
2.2959999999999687,5.488926833873272
2.2979999999999685,5.488517659932652
2.2999999999999683,5.488107975859765
2.301999999999968,5.487697376583456
2.303999999999968,5.487286454009771
2.3059999999999676,5.486875495779086
2.3079999999999674,5.486464621926116
2.309999999999967,5.486053865947734
2.311999999999967,5.4856432455652575
2.3139999999999668,5.48523276000821
2.3159999999999665,5.484822394733985
2.3179999999999663,5.484412919937997
2.319999999999966,5.484004458361945
2.321999999999966,5.483596478667614
2.3239999999999656,5.483188722799343
2.3259999999999654,5.482781391644628
2.327999999999965,5.482374624026846
2.329999999999965,5.4819681286613084
2.3319999999999648,5.481561787235231
2.3339999999999645,5.481155543936038
2.3359999999999643,5.480749380582558
2.337999999999964,5.480343301200636
2.339999999999964,5.479936562118416
2.3419999999999637,5.479529115413572
2.3439999999999634,5.479121454641397
2.3459999999999632,5.478707628165434
2.347999999999963,5.478290139094579
2.349999999999963,5.477870988528467
2.3519999999999626,5.477451493920314
2.3539999999999623,5.4770321788078995
2.355999999999962,5.47661318682995
2.357999999999962,5.476194526886153
2.3599999999999617,5.47577615996089
2.3619999999999615,5.475354763626149
2.3639999999999612,5.474930190777023
2.365999999999961,5.474504449629623
2.367999999999961,5.4740782072857535
2.3699999999999606,5.473651917611706
2.3719999999999604,5.473226187016802
2.37399999999996,5.472801781414234
2.37599999999996,5.472378064470986
2.3779999999999597,5.471954717288919
2.3799999999999595,5.4715315878659005
2.3819999999999593,5.471108620017195
2.383999999999959,5.470685798317062
2.385999999999959,5.470263121740099
2.3879999999999586,5.469841624709441
2.3899999999999584,5.469422095077595
2.391999999999958,5.469003477934797
2.393999999999958,5.468585034709583
2.3959999999999577,5.468165324082273
2.3979999999999575,5.467745103155512
2.3999999999999573,5.467324760056439
2.401999999999957,5.466904472027934
2.403999999999957,5.466484317036607
2.4059999999999566,5.466064306301473
2.4079999999999564,5.465644438087171
2.409999999999956,5.4652247071247615
2.411999999999956,5.46480509952406
2.4139999999999557,5.464384511468943
2.4159999999999555,5.4639634430068185
2.4179999999999553,5.4635422963847216
2.419999999999955,5.463121234363961
2.421999999999955,5.462700315601828
2.4239999999999546,5.462279549968471
2.4259999999999544,5.46185892415616
2.427999999999954,5.461439706932433
2.429999999999954,5.461021253249627
2.4319999999999538,5.460603163499999
2.4339999999999535,5.460185252296575
2.4359999999999533,5.459767452833502
2.437999999999953,5.4593497486193785
2.439999999999953,5.45893213217479
2.4419999999999527,5.458512118982518
2.4439999999999524,5.458086759875829
2.445999999999952,5.457659205425878
2.447999999999952,5.457230983694381
2.4499999999999518,5.45680272355182
2.4519999999999516,5.456368339694527
2.4539999999999513,5.455931474828965
2.455999999999951,5.455493906173431
2.457999999999951,5.455056372020553
2.4599999999999507,5.454619128727133
2.4619999999999505,5.454182212003089
2.4639999999999502,5.453745596033062
2.46599999999995,5.4533092362985505
2.46799999999995,5.452872994245602
2.4699999999999496,5.452436704606737
2.4719999999999493,5.452000673527754
2.473999999999949,5.4515671863620385
2.475999999999949,5.451134917355478
2.4779999999999487,5.450703195220887
2.4799999999999485,5.450271729800404
2.4819999999999482,5.4498411931058275
2.483999999999948,5.449411671970275
2.485999999999948,5.448981676694149
2.4879999999999476,5.448551203542069
2.4899999999999474,5.4481190867768134
2.491999999999947,5.447686270496608
2.493999999999947,5.447253319979202
2.4959999999999467,5.44682047425042
2.4979999999999465,5.446387815627312
2.4999999999999463,5.445955353329701
2.501999999999946,5.445523091409967
2.503999999999946,5.4450910122138545
2.5059999999999456,5.4446591052906825
2.5079999999999454,5.444227361149539
2.509999999999945,5.443795771116315
2.511999999999945,5.443364321515564
2.5139999999999447,5.442933018091251
2.5159999999999445,5.442501851976475
2.5179999999999443,5.442070821057261
2.519999999999944,5.441639925012697
2.521999999999944,5.4412091634996065
2.5239999999999436,5.440774685750033
2.5259999999999434,5.440337332284529
2.527999999999943,5.439898929439072
2.529999999999943,5.439460301875634
2.5319999999999427,5.439021777565573
2.5339999999999425,5.438583439363937
2.5359999999999423,5.438145241407247
2.537999999999942,5.437706920452112
2.539999999999942,5.437268609318334
2.5419999999999416,5.436830369783807
2.5439999999999414,5.436392235199996
2.545999999999941,5.435954203825845
2.547999999999941,5.4355162734021905
2.5499999999999408,5.435078441826504
2.5519999999999405,5.434640707275939
2.5539999999999403,5.434203059416538
2.55599999999994,5.4337653205935466
2.55799999999994,5.433325111371839
2.5599999999999397,5.432881384053515
2.5619999999999394,5.432436372075856
2.563999999999939,5.43199112026145
2.565999999999939,5.43154604239452
2.5679999999999388,5.431101002557957
2.5699999999999386,5.43065610289789
2.5719999999999383,5.430211422872584
2.573999999999938,5.429766982358826
2.575999999999938,5.429322769516925
2.5779999999999377,5.428878775094759
2.5799999999999375,5.428434992066409
2.5819999999999372,5.427991414926744
2.583999999999937,5.427546469323416
2.585999999999937,5.4271009142230735
2.5879999999999366,5.4266552467535325
2.5899999999999364,5.426210044530795
2.591999999999936,5.425766194964441
2.593999999999936,5.425323041911058
2.5959999999999357,5.424880248244934
2.5979999999999355,5.42443766722625
2.5999999999999353,5.423995235664203
2.601999999999935,5.423552947859638
2.603999999999935,5.423110796973116
2.6059999999999346,5.422663953567843
2.6079999999999344,5.4222148678324285
2.609999999999934,5.421765050190185
2.611999999999934,5.4213151659598555
2.6139999999999337,5.420865453166528
2.6159999999999335,5.4204159661416735
2.6179999999999333,5.41996668454541
2.619999999999933,5.419517578299625
2.621999999999933,5.41906862246844
2.6239999999999326,5.418619801407531
2.6259999999999324,5.418171023979615
2.627999999999932,5.417721062285575
2.629999999999932,5.417269818604482
2.6319999999999317,5.416817285969607
2.6339999999999315,5.416364351187451
2.6359999999999313,5.415911408387514
2.637999999999931,5.41545860571647
2.639999999999931,5.415006923644929
2.6419999999999306,5.414557508709069
2.6439999999999304,5.414109324683758
2.64599999999993,5.413662834092726
2.64799999999993,5.41321705415396
2.6499999999999297,5.412771548737611
2.6519999999999295,5.412326145229673
2.6539999999999293,5.411880808870611
2.655999999999929,5.411435533619451
2.657999999999929,5.410990331452749
2.6599999999999286,5.410545224360813
2.6619999999999284,5.410100212410988
2.663999999999928,5.4096552329183565
2.665999999999928,5.409204403816863
2.6679999999999278,5.4087501963998434
2.6699999999999275,5.4082948674953935
2.6719999999999273,5.407839421777972
2.673999999999927,5.407384236343922
2.675999999999927,5.406929250296087
2.6779999999999267,5.406472913391429
2.6799999999999264,5.4060161319864495
2.681999999999926,5.405559345052596
2.683999999999926,5.405102729934948
2.685999999999926,5.404646330554734
2.6879999999999256,5.404185142701691
2.6899999999999253,5.403721978149186
2.691999999999925,5.403258229327833
2.693999999999925,5.402794497815086
2.6959999999999247,5.402330279686333
2.6979999999999245,5.401865657565156
2.6999999999999242,5.401402060139907
2.701999999999924,5.400939073592887
2.703999999999924,5.400476452193288
2.7059999999999236,5.400014075314646
2.7079999999999234,5.3995518812401
2.709999999999923,5.39908985119294
2.711999999999923,5.3986279816194545
2.7139999999999227,5.398166273066343
2.7159999999999225,5.397705013416322
2.7179999999999223,5.397244650784202
2.719999999999922,5.396784753310489
2.721999999999922,5.396325115723029
2.7239999999999216,5.395864262845142
2.7259999999999214,5.395403107919187
2.727999999999921,5.3949432016072425
2.729999999999921,5.394483950447317
2.7319999999999207,5.3940250354486405
2.7339999999999205,5.39356631186991
2.7359999999999203,5.393107722842188
2.73799999999992,5.392649241888784
2.73999999999992,5.392190875965809
2.7419999999999196,5.391732620418725
2.7439999999999194,5.391274477395473
2.745999999999919,5.390816458889233
2.747999999999919,5.390358557525609
2.7499999999999187,5.389900762360561
2.7519999999999185,5.389443633643441
2.7539999999999183,5.388987696935996
2.755999999999918,5.388532318644612
2.757999999999918,5.388077194722571
2.7599999999999176,5.38762202353608
2.7619999999999174,5.387166712518576
2.763999999999917,5.386710728846488
2.765999999999917,5.386253736478457
2.7679999999999167,5.385796409935561
2.7699999999999165,5.385334251780545
2.7719999999999163,5.384869089016127
2.773999999999916,5.38439761059863
2.775999999999916,5.383922208182898
2.7779999999999156,5.383445604829256
2.7799999999999154,5.382968952354725
2.781999999999915,5.382492654934579
2.783999999999915,5.382016775450712
2.7859999999999148,5.3815412761185
2.7879999999999145,5.381066101509324
2.7899999999999143,5.3805911967436515
2.791999999999914,5.380116530451645
2.793999999999914,5.379642076235812
2.7959999999999137,5.379167833446248
2.7979999999999134,5.3786937893052995
2.7999999999999132,5.378219939295101
2.801999999999913,5.377746281316849
2.803999999999913,5.377272813457006
2.8059999999999126,5.376800388097358
2.8079999999999123,5.376329029392689
2.809999999999912,5.375858192079277
2.811999999999912,5.375387626603063
2.8139999999999117,5.374917224787713
2.8159999999999115,5.374446465521897
2.8179999999999112,5.373974335018909
2.819999999999911,5.3735017016983075
2.821999999999911,5.373028987796478
2.8239999999999106,5.372557497009007
2.8259999999999104,5.3720883164365185
2.82799999999991,5.371620200427504
2.82999999999991,5.3711525393147985
2.8319999999999097,5.370683741215042
2.8339999999999095,5.37021435211565
2.8359999999999093,5.369744822680231
2.837999999999909,5.369275350121617
2.839999999999909,5.3688060257587935
2.8419999999999086,5.368336867124404
2.8439999999999084,5.367867875201304
2.845999999999908,5.3673990455573835
2.847999999999908,5.366930372933088
2.8499999999999077,5.366461852756903
2.8519999999999075,5.365988831364397
2.8539999999999073,5.365513372311797
2.855999999999907,5.365037055493449
2.857999999999907,5.364560925528965
2.8599999999999066,5.364086138119306
2.8619999999999064,5.363611963430791
2.863999999999906,5.363136407397404
2.865999999999906,5.362660296248676
2.8679999999999057,5.362184043974553
2.8699999999999055,5.361707834562547
2.8719999999999053,5.361231736838852
2.873999999999905,5.360755768441867
2.875999999999905,5.360279927760744
2.8779999999999046,5.359804208125038
2.8799999999999044,5.35932860312786
2.881999999999904,5.3588505353495
2.883999999999904,5.358367048496588
2.8859999999999038,5.35788145763057
2.8879999999999035,5.357395348594873
2.8899999999999033,5.356909364341597
2.891999999999903,5.356423709229159
2.893999999999903,5.355938399578845
2.8959999999999027,5.355453412781802
2.8979999999999024,5.354967412828442
2.899999999999902,5.354480884072989
2.901999999999902,5.353994305186974
2.9039999999999018,5.35350789716149
2.9059999999999016,5.353021855213943
2.9079999999999013,5.352538871009437
2.909999999999901,5.352055584516747
2.911999999999901,5.351573246691703
2.9139999999999007,5.351091667470547
2.9159999999999004,5.3506104788074405
2.9179999999999002,5.3501295314253525
2.9199999999999,5.349648752123431
2.9219999999999,5.349168136117135
2.9239999999998996,5.348687688431995
2.9259999999998993,5.348207405129271
2.927999999999899,5.347727298665287
2.929999999999899,5.347247363010763
2.9319999999998987,5.346767597276792
2.9339999999998985,5.34628311255163
2.9359999999998982,5.345796614892463
2.937999999999898,5.345309497810664
2.939999999999898,5.344822375342475
2.9419999999998976,5.344335444698665
2.9439999999998974,5.343848675228429
2.945999999999897,5.343361870040941
2.947999999999897,5.34287514632289
2.9499999999998967,5.342388549949313
2.9519999999998965,5.341902084562953
2.9539999999998963,5.341415759415787
2.955999999999896,5.340927898696676
2.957999999999896,5.34043923430944
2.9599999999998956,5.339950353910262
2.9619999999998954,5.3394610866388685
2.963999999999895,5.338971680932996
2.965999999999895,5.338482705707092
2.9679999999998947,5.337994038067476
2.9699999999998945,5.337505598851247
2.9719999999998943,5.337017333393467
2.973999999999894,5.336529227349207
2.975999999999894,5.336041262409385
2.9779999999998936,5.335553433252211
2.9799999999998934,5.335065739265524
2.981999999999893,5.334578171608241
2.983999999999893,5.33409074002138
2.9859999999998927,5.333603437634823
2.9879999999998925,5.333116273347476
2.9899999999998923,5.332632063847614
2.991999999999892,5.332144346959185
2.993999999999892,5.331652915607078
2.9959999999998916,5.3311601194244025
2.9979999999998914,5.330667086704961
2.999999999999891,5.33017427148705
3.001999999999891,5.329680209706832
3.0039999999998908,5.3291854888807
3.0059999999998905,5.328690719178367
3.0079999999998903,5.3281961452047835
3.00999999999989,5.327701858956131
3.01199999999989,5.327207864115095
3.0139999999998897,5.326712593551763
3.0159999999998894,5.326214975287209
3.017999999999889,5.325716512499132
3.019999999999889,5.325217911681678
3.0219999999998888,5.3247194699549585
3.0239999999998886,5.324221277669191
3.0259999999998883,5.323723018992194
3.027999999999888,5.323223556174313
3.029999999999888,5.322723716873654
3.0319999999998877,5.322223906347445
3.0339999999998875,5.321724061350977
3.0359999999998872,5.3212243113153095
3.037999999999887,5.320724749836416
3.039999999999887,5.320225397502209
3.0419999999998866,5.319726262190575
3.0439999999998864,5.3192273251007
3.045999999999886,5.318728576431006
3.047999999999886,5.318228130603103
3.0499999999998857,5.317726972820422
3.0519999999998855,5.317225670846872
3.0539999999998853,5.316724471380927
3.055999999999885,5.316223472286786
3.057999999999885,5.315722683563675
3.0599999999998846,5.315222087793006
3.0619999999998844,5.314721683488099
3.063999999999884,5.314221454756813
3.065999999999884,5.3137221446634255
3.0679999999998837,5.313224037333152
3.0699999999998835,5.312727534088895
3.0719999999998833,5.312233752049331
3.073999999999883,5.311741153516652
3.075999999999883,5.311249014883377
3.0779999999998826,5.310757040871442
3.0799999999998824,5.310265147207517
3.081999999999882,5.309773331798843
3.083999999999882,5.309281616063322
3.0859999999998817,5.308790012610663
3.0879999999998815,5.308298547520076
3.0899999999998813,5.307806230644342
3.091999999999881,5.307312989293451
3.093999999999881,5.306816359735439
3.0959999999998806,5.30631465379907
3.0979999999998804,5.305811006531047
3.09999999999988,5.305306909897107
3.10199999999988,5.304797108919918
3.1039999999998797,5.304283620045537
3.1059999999998795,5.303769066915251
3.1079999999998793,5.3032545980135275
3.109999999999879,5.302740600229041
3.111999999999879,5.302227148214956
3.1139999999998786,5.30171420686742
3.1159999999998784,5.3012024497900505
3.117999999999878,5.300692137944514
3.119999999999878,5.300182360431084
3.1219999999998778,5.299672888852058
3.1239999999998775,5.299163670955862
3.1259999999998773,5.298654703643304
3.127999999999877,5.298145997197494
3.129999999999877,5.297637561775549
3.1319999999998767,5.29713033694845
3.1339999999998764,5.296624073298645
3.135999999999876,5.296118341362952
3.137999999999876,5.295612409309346
3.139999999999876,5.295105062556136
3.1419999999998756,5.294597241259642
3.1439999999998753,5.2940894200046795
3.145999999999875,5.293581804332743
3.147999999999875,5.293074458696946
3.1499999999998747,5.292567410175908
3.1519999999998745,5.292059795725085
3.1539999999998742,5.291551245208416
3.155999999999874,5.2910425226481355
3.157999999999874,5.290533973476802
3.1599999999998736,5.290025749940748
3.1619999999998734,5.28951788940318
3.163999999999873,5.289011435259596
3.165999999999873,5.288508187741902
3.1679999999998727,5.288006466372476
3.1699999999998725,5.287505462081682
3.1719999999998723,5.2870039669435
3.173999999999872,5.28649813586995
3.175999999999872,5.285990591635852
3.1779999999998716,5.2854826456104185
3.1799999999998714,5.284974880469619
3.181999999999871,5.284467506485344
3.183999999999871,5.283959437324582
3.1859999999998707,5.28345038237173
3.1879999999998705,5.282941166513774
3.1899999999998703,5.282432848951205
3.19199999999987,5.281925787149969
3.19399999999987,5.281419506976499
3.1959999999998696,5.280913771327855
3.1979999999998694,5.280408490866574
3.199999999999869,5.279903648798523
3.201999999999869,5.279398967540304
3.2039999999998687,5.278894631023631
3.2059999999998685,5.278390745506233
3.2079999999998683,5.27788738217779
3.209999999999868,5.277384592924164
3.211999999999868,5.276877903969847
3.2139999999998676,5.2763670607593225
3.2159999999998674,5.2758551443816835
3.217999999999867,5.275343764347601
3.219999999999867,5.274833559609563
3.2219999999998667,5.274324731014952
3.2239999999998665,5.273817316220621
3.2259999999998663,5.273311317041504
3.227999999999866,5.27280674155821
3.229999999999866,5.272301738388428
3.2319999999998656,5.271797286987012
3.2339999999998654,5.27129417021393
3.235999999999865,5.270792847509304
3.237999999999865,5.270293645419212
3.2399999999998648,5.269796882009248
3.2419999999998645,5.269302993216417
3.2439999999998643,5.2688126021642
3.245999999999864,5.2683205470943815
3.247999999999864,5.267831577033564
3.2499999999998637,5.267350192728508
3.2519999999998634,5.266885080911591
3.2539999999998632,4.491466412518232
3.255999999999863,4.070117584074123
3.257999999999863,3.864717949256229
3.2599999999998626,3.7750325981238126
3.2619999999998623,3.7408901499362415
3.263999999999862,3.7307024775589204
3.265999999999862,3.729479503779162
3.2679999999998617,3.73070144211931
3.2699999999998615,3.7318671028310404
3.2719999999998612,3.7322319703178857
3.273999999999861,3.731753439470533
3.275999999999861,3.7306042628182494
3.2779999999998606,3.7289819541693974
3.2799999999998604,3.7270499667358297
3.28199999999986,3.7249257584376743
3.28399999999986,3.722687262135291
3.2859999999998597,3.72038348280512
3.2879999999998595,3.718041967779876
3.2899999999998593,3.715678884252058
3.291999999999859,3.7133056679737297
3.293999999999859,3.7109311532212805
3.2959999999998586,3.708559507940448
3.2979999999998584,3.7061905165521085
3.299999999999858,3.703824069411866
3.301999999999858,3.7014575025948946
3.3039999999998577,3.699090560052751
3.3059999999998575,3.696724746206533
3.3079999999998573,3.6943608035322244
3.309999999999857,3.691999079708925
3.311999999999857,3.6896397279888493
3.3139999999998566,3.6872828036688663
3.3159999999998564,3.6849289967693606
3.317999999999856,3.6825779216939103
3.319999999999856,3.6802294178648
3.3219999999998557,3.6778834063927244
3.3239999999998555,3.6755398432301574
3.3259999999998553,3.673198703173245
3.327999999999855,3.670859976629788
3.329999999999855,3.668520690894801
3.3319999999998546,3.666181031386435
3.3339999999998544,3.6638424946416532
3.335999999999854,3.661505817388565
3.337999999999854,3.659174584450453
3.3399999999998538,3.6568490281868513
3.3419999999998535,3.6545274191893515
3.3439999999998533,3.652206235090609
3.345999999999853,3.6498847473516203
3.347999999999853,3.647564350944667
3.3499999999998527,3.6452457558472697
3.3519999999998524,3.642929295947509
3.353999999999852,3.6406151306450942
3.355999999999852,3.6383033167127317
3.3579999999998518,3.635991866897436
3.3599999999998515,3.6336802918129987
3.3619999999998513,3.631374189698882
3.363999999999851,3.629071987378246
3.365999999999851,3.626772869122565
3.3679999999998507,3.6244764262289384
3.3699999999998504,3.6221824646877887
3.3719999999998502,3.619889844853077
3.37399999999985,3.617595726177336
3.37599999999985,3.6153021214885523
3.3779999999998496,3.613010043027894
3.3799999999998493,3.6107199729292425
3.381999999999849,3.608432130729023
3.383999999999849,3.6061490628679564
3.3859999999998487,3.603872157888691
3.3879999999998485,3.6015952492520733
3.3899999999998482,3.599319221255492
3.391999999999848,3.5970448168499773
3.393999999999848,3.5947724088381325
3.3959999999998476,3.5925021837324453
3.3979999999998474,3.5902342194791284
3.399999999999847,3.587968549350208
3.401999999999847,3.5857026853887244
3.4039999999998467,3.5834360059380304
3.4059999999998465,3.5811701799193663
3.4079999999998463,3.5789091390939904
3.409999999999846,3.576653671769611
3.411999999999846,3.574402061998624
3.4139999999998456,3.5721534482038484
3.4159999999998454,3.569906927614195
3.417999999999845,3.5676585857500416
3.419999999999845,3.565410540857461
3.4219999999998447,3.5631638681387274
3.4239999999998445,3.560919092439759
3.4259999999998443,3.5586764537984528
3.427999999999844,3.5564360539950024
3.429999999999844,3.5541979243568007
3.4319999999998436,3.551962225144886
3.4339999999998434,3.549729435806918
3.435999999999843,3.5474992187370287
3.437999999999843,3.545271397439191
3.4399999999998427,3.5430458864911194
3.4419999999998425,3.5408226392410205
3.4439999999998423,3.5386016355991994
3.445999999999842,3.5363828668357056
3.447999999999842,3.5341620361279853
3.4499999999998416,3.5319411954028475
3.4519999999998414,3.5297215711692718
3.453999999999841,3.527503756012025
3.455999999999841,3.5252892425600577
3.4579999999998408,3.523081510474602
3.4599999999998405,3.5208781791640535
3.4619999999998403,3.5186768935048773
3.46399999999984,3.5164743245353636
3.46599999999984,3.514272261611893
3.4679999999998397,3.5120716139984265
3.4699999999998394,3.509872825187768
3.471999999999839,3.5076761086938197
3.473999999999839,3.5054815561158112
3.4759999999998388,3.503289195542728
3.4779999999998386,3.501096898600135
3.4799999999998383,3.498903395179171
3.481999999999838,3.496714306206371
3.483999999999838,3.494529974953406
3.4859999999998377,3.4923490645860076
3.4879999999998375,3.4901708971213505
3.4899999999998372,3.4879951371397913
3.491999999999837,3.485821629020902
3.493999999999837,3.4836475586750772
3.4959999999998366,3.48147252364153
3.4979999999998364,3.4792981831416068
3.499999999999836,3.4771253653178675
3.501999999999836,3.474954453999743
3.5039999999998357,3.472785621713457
3.5059999999998355,3.4706189297024035
3.5079999999998353,3.4684596542961605
3.509999999999835,3.466302151006184
3.511999999999835,3.464144919109398
3.5139999999998346,3.461988893574706
3.5159999999998344,3.459834558127464
3.517999999999834,3.45768215062854
3.519999999999834,3.4555317891985893
3.5219999999998337,3.453383517378854
3.5239999999998335,3.451237354124947
3.5259999999998333,3.449090579021945
3.527999999999833,3.4469427452450043
3.529999999999833,3.444795545968789
3.5319999999998326,3.4426499517369016
3.5339999999998324,3.440511483003178
3.535999999999832,3.4383775587295733
3.537999999999832,3.4362468482498683
3.5399999999998317,3.434118703528144
3.5419999999998315,3.431990720727155
3.5439999999998313,3.4298613363252834
3.545999999999831,3.42773236804263
3.547999999999831,3.4256047216853767
3.5499999999998306,3.4234788292571334
3.5519999999998304,3.4213548925994477
3.55399999999983,3.419232993585116
3.55599999999983,3.4171131588612385
3.5579999999998297,3.4149943751464797
3.5599999999998295,3.4128779393424207
3.5619999999998293,3.4107646864292644
3.563999999999829,3.408654020850037
3.565999999999829,3.406545640376671
3.5679999999998286,3.4044393877826398
3.5699999999998284,3.402335193715133
3.571999999999828,3.4002330165296706
3.573999999999828,3.398132836413925
3.5759999999998278,3.3960305008847347
3.5779999999998275,3.393927654519249
3.5799999999998273,3.3918256562878284
3.581999999999827,3.3897251655727545
3.583999999999827,3.387626488835945
3.5859999999998267,3.3855316631163075
3.5879999999998264,3.3834432285199685
3.589999999999826,3.3813588658196627
3.591999999999826,3.3792752318288066
3.593999999999826,3.3771903760700566
3.5959999999998256,3.375105917920632
3.5979999999998253,3.373022675352608
3.599999999999825,3.3709410506471116
3.601999999999825,3.3688612292596303
3.6039999999998247,3.36678328916186
3.6059999999998245,3.364707253848756
3.6079999999998242,3.3626331238042724
3.609999999999824,3.3605564914009403
3.611999999999824,3.3584793441985314
3.6139999999998236,3.3564063399141344
3.6159999999998234,3.3543384510324903
3.617999999999823,3.3522739885825263
3.619999999999823,3.3502120871353753
3.6219999999998227,3.348152322244822
3.6239999999998225,3.3460944903857017
3.6259999999998223,3.344037044121619
3.627999999999822,3.341977419713181
3.629999999999822,3.3399176942901487
3.6319999999998216,3.3378588990173386
3.6339999999998214,3.3358015342069445
3.635999999999821,3.3337458207964756
3.637999999999821,3.331691847011001
3.6399999999998207,3.3296396389489273
3.6419999999998205,3.3275923812413737
3.6439999999998203,3.325547957535165
3.64599999999982,3.323503718073672
3.64799999999982,3.321460409771748
3.6499999999998196,3.3194184217419895
3.6519999999998194,3.3173779394398353
3.653999999999819,3.315339044203179
3.655999999999819,3.3133017721459845
3.6579999999998187,3.3112661293567456
3.6599999999998185,3.3092321138474166
3.6619999999998183,3.3071961997202255
3.663999999999818,3.3051589457945916
3.665999999999818,3.3031219183577885
3.6679999999998176,3.301085885356138
3.6699999999998174,3.2990523910508314
3.671999999999817,3.297025279562187
3.673999999999817,3.2950020423433104
3.6759999999998167,3.292981402546509
3.6779999999998165,3.290962731974445
3.6799999999998163,3.288941940749833
3.681999999999816,3.286919848445827
3.683999999999816,3.284897916803755
3.6859999999998156,3.2828768705322315
3.6879999999998154,3.2808570516981646
3.689999999999815,3.278838611944222
3.691999999999815,3.276821606338673
3.6939999999998148,3.274806051376413
3.6959999999998145,3.2727919464846944
3.6979999999998143,3.270775761564358
3.699999999999814,3.2687605957305053
3.701999999999814,3.2667496123933137
3.7039999999998137,3.2647413996498282
3.7059999999998134,3.262735236088427
3.7079999999998132,3.2607307527106166
3.709999999999813,3.2587277701785715
3.711999999999813,3.256726210590243
3.7139999999998126,3.2547260410912915
3.7159999999998123,3.2527245476893323
3.717999999999812,3.2507209738308918
3.719999999999812,3.248717153626552
3.7219999999998117,3.246714001792391
3.7239999999998115,3.2447119557885453
3.7259999999998112,3.2427112233945534
3.727999999999811,3.2407118933934527
3.729999999999811,3.2387156346655703
3.7319999999998106,3.2367254903768776
3.7339999999998104,3.234737732653056
3.73599999999981,3.232748228607084
3.73799999999981,3.2307585968090535
3.7399999999998097,3.228769671439474
3.7419999999998095,3.226781880492677
3.7439999999998093,3.224795438637044
3.745999999999809,3.222810453523268
3.747999999999809,3.2208269774286533
3.7499999999998086,3.218845037731224
3.7519999999998084,3.216864654670161
3.753999999999808,3.2148816427774594
3.755999999999808,3.2128974876669374
3.7579999999998077,3.2109136732636
3.7599999999998075,3.2089309309182377
3.7619999999998073,3.206953348803833
3.763999999999807,3.2049809527412276
3.765999999999807,3.2030119105055452
3.7679999999998066,3.2010453126983376
3.7699999999998064,3.1990807266187935
3.771999999999806,3.1971163639906077
3.773999999999806,3.195149629702592
3.7759999999998057,3.1931826533902457
3.7779999999998055,3.191216517242445
3.7799999999998053,3.189251755010335
3.781999999999805,3.1872886235547213
3.783999999999805,3.185327240307857
3.7859999999998046,3.1833676599220757
3.7879999999998044,3.181409902023536
3.789999999999804,3.179453978396718
3.791999999999804,3.177496601163107
3.7939999999998038,3.1754182210787683
3.7959999999998035,3.173326102362026
3.7979999999998033,3.1712555713052377
3.799999999999803,3.1692136360249292
3.801999999999803,3.167197060653048
3.8039999999998027,3.1652000757611725
3.8059999999998024,3.163217294187899
3.807999999999802,3.161244541962722
3.809999999999802,3.1592788696792793
3.8119999999998018,3.1573139506178025
3.8139999999998015,3.155350125741257
3.8159999999998013,3.153388075705439
3.817999999999801,3.151428043003811
3.819999999999801,3.1494700841363996
3.8219999999998007,3.147514185728307
3.8239999999998004,3.1455603147889173
3.8259999999998002,3.1436084383071905
3.8279999999998,3.1416596449222762
3.8299999999998,3.1397177039131816
3.8319999999997996,3.137775298117055
3.8339999999997993,3.1358333161541743
3.835999999999799,3.1338925123951165
3.837999999999799,3.1319532677805615
3.8399999999997987,3.130015769970677
3.8419999999997985,3.12808010668375
3.8439999999997982,3.126146316934152
3.845999999999798,3.1242144156588156
3.847999999999798,3.122284406719208
3.8499999999997976,3.120356289090131
3.8519999999997974,3.1184255964885526
3.853999999999797,3.1164940228814175
3.855999999999797,3.114563042551175
3.8579999999997967,3.1126333793505014
3.8599999999997965,3.1107053773319566
3.8619999999997963,3.108779188248482
3.863999999999796,3.1068601005366
3.865999999999796,3.104945747983847
3.8679999999997956,3.1030346154387685
3.8699999999997954,3.101125955399631
3.871999999999795,3.099215959179991
3.873999999999795,3.0973045855070285
3.8759999999997947,3.095393519014069
3.8779999999997945,3.0934836019539738
3.8799999999997943,3.091575242749273
3.881999999999794,3.089668631444403
3.883999999999794,3.087763850472393
3.8859999999997936,3.085860932099347
3.8879999999997934,3.083959885595422
3.889999999999793,3.0820607106314406
3.891999999999793,3.080161729180564
3.8939999999997927,3.0782603316670247
3.8959999999997925,3.0763587447943648
3.8979999999997923,3.074459487003835
3.899999999999792,3.0725665520384626
3.901999999999792,3.070677662592952
3.9039999999997916,3.0687916621545863
3.9059999999997914,3.0669079771683814
3.907999999999791,3.0650263315264143
3.909999999999791,3.0631465970124525
3.9119999999997908,3.0612687165404706
3.9139999999997905,3.0593883787288854
3.9159999999997903,3.0575068995019206
3.91799999999979,3.0556258532014056
3.91999999999979,3.053746016453621
3.9219999999997897,3.0518677593107784
3.9239999999997894,3.0499912495581523
3.925999999999789,3.0481165577551215
3.927999999999789,3.0462437089955188
3.9299999999997888,3.0443727090320314
3.9319999999997886,3.0425035556815185
3.9339999999997883,3.04063593145008
3.935999999999788,3.0387707313469523
3.937999999999788,3.0369076527392718
3.9399999999997877,3.035046540461042
3.9419999999997875,3.0331873161765124
3.9439999999997872,3.031329940954302
3.945999999999787,3.029474395065011
3.947999999999787,3.0276206685224314
3.9499999999997866,3.025768755455692
3.9519999999997864,3.023918652220311
3.953999999999786,3.022070355854116
3.955999999999786,3.0202219099550254
3.9579999999997857,3.018371020022996
3.9599999999997855,3.0165199009339565
3.9619999999997852,3.0146696576484198
3.963999999999785,3.012820824625463
3.965999999999785,3.010973649877791
3.9679999999997846,3.009128241400512
3.9699999999997844,3.0072846414851777
3.971999999999784,3.0054456887843357
3.973999999999784,3.003612800306449
3.9759999999997837,3.001783748977943
3.9779999999997835,2.999955277764529
3.9799999999997833,2.9981248064537653
3.981999999999783,2.9962942712675367
3.983999999999783,2.9944646519608376
3.9859999999997826,2.9926364303642363
3.9879999999997824,2.9908098351699213
3.989999999999782,2.988984969042634
3.991999999999782,2.987161874414765
3.9939999999997817,2.98534056578225
3.9959999999997815,2.9835210455037777
3.9979999999997813,2.9817033112838778
3.999999999999781,2.979885900989546
4.001999999999781,2.9780656893467268
4.003999999999781,2.9762450562057645
4.005999999999781,2.9744251933374595
4.007999999999781,2.9726066781516782
4.00999999999978,2.970792020844437
4.01199999999978,2.968983702088219
4.01399999999978,2.9671793626337757
4.01599999999978,2.965377816193525
4.0179999999997795,2.963578482337329
4.019999999999779,2.9617810866526915
4.021999999999779,2.959985504697037
4.023999999999779,2.9581864592870595
4.025999999999779,2.956386483089662
4.027999999999778,2.9545870062331914
4.029999999999778,2.9527887293660213
4.031999999999778,2.9509919837425205
4.033999999999778,2.9491969170526224
4.0359999999997775,2.9474035898151962
4.037999999999777,2.945612023521329
4.039999999999777,2.9438222223851462
4.041999999999777,2.9420341838848985
4.043999999999777,2.940247903416154
4.045999999999776,2.93846068487359
4.047999999999776,2.9366711917690282
4.049999999999776,2.9348860098378373
4.051999999999776,2.933105221671912
4.053999999999776,2.93132746735977
4.055999999999775,2.929552059046095
4.057999999999775,2.9277786577152747
4.059999999999775,2.9260071012668947
4.061999999999775,2.9242373149198566
4.0639999999997745,2.92246926548165
4.065999999999774,2.9207029387542716
4.067999999999774,2.91893832868666
4.069999999999774,2.9171708374276797
4.071999999999774,2.915401979110469
4.073999999999773,2.913633394898886
4.075999999999773,2.9118658908338357
4.077999999999773,2.9100998486648795
4.079999999999773,2.908335440350677
4.0819999999997725,2.906572737491799
4.083999999999772,2.90481176566641
4.085999999999772,2.9030525306131634
4.087999999999772,2.9012950303443654
4.089999999999772,2.8995428521106703
4.091999999999771,2.8977964256324884
4.093999999999771,2.896048135070396
4.095999999999771,2.8942997693365693
4.097999999999771,2.892552248885026
4.0999999999997705,2.89080603476634
4.10199999999977,2.889061350425066
4.10399999999977,2.8873182994152446
4.10599999999977,2.885576926531599
4.10799999999977,2.883837248770656
4.109999999999769,2.882099270583475
4.111999999999769,2.8803629919602733
4.113999999999769,2.8786284080610813
4.115999999999769,2.876895516944237
4.1179999999997685,2.875158919036998
4.119999999999768,2.873421256910551
4.121999999999768,2.8716840091652607
4.123999999999768,2.8699478961866505
4.125999999999768,2.8682132555521886
4.127999999999767,2.8664802370851645
4.129999999999767,2.8647489017139898
4.131999999999767,2.863024546587012
4.133999999999767,2.861305136234253
4.1359999999997665,2.8595889369437946
4.137999999999766,2.857875095520077
4.139999999999766,2.85616320576514
4.141999999999766,2.854448898599262
4.143999999999766,2.8527328546478308
4.145999999999765,2.8510168601678716
4.147999999999765,2.849301800122114
4.149999999999765,2.8475880982100206
4.151999999999765,2.8458759481264972
4.1539999999997645,2.8441654326336923
4.155999999999764,2.842456582989018
4.157999999999764,2.840749407926321
4.159999999999764,2.839043906923844
4.161999999999764,2.8373400764371413
4.1639999999997634,2.835637912117673
4.165999999999763,2.833935595444874
4.167999999999763,2.832230239997658
4.169999999999763,2.830524296050893
4.171999999999763,2.8288189850478926
4.173999999999762,2.827118312601055
4.175999999999762,2.825423409821243
4.177999999999762,2.8237321439085084
4.179999999999762,2.822043447232623
4.1819999999997615,2.8203567991145135
4.183999999999761,2.818671954833309
4.185999999999761,2.8169888041329703
4.187999999999761,2.8153073000355513
4.189999999999761,2.813627423818663
4.19199999999976,2.811945260302472
4.19399999999976,2.8102610582490546
4.19599999999976,2.808576752729533
4.19799999999976,2.8068933010274275
4.1999999999997595,2.8052111582019226
4.201999999999759,2.803530531093569
4.203999999999759,2.801851507396585
4.205999999999759,2.800174119859247
4.207999999999759,2.7984983781382455
4.209999999999758,2.7968242805669448
4.211999999999758,2.795151822884165
4.213999999999758,2.793482244928179
4.215999999999758,2.7918164401311887
4.2179999999997575,2.790148585835771
4.219999999999757,2.788479755007846
4.221999999999757,2.786814412636179
4.223999999999757,2.7851516289334475
4.225999999999757,2.783490920885523
4.227999999999756,2.7818320434530617
4.229999999999756,2.7801748754927753
4.231999999999756,2.7785193585189374
4.233999999999756,2.7768654647118503
4.2359999999997555,2.77521318090563
4.237999999999755,2.773562500522169
4.239999999999755,2.77191341978111
4.241999999999755,2.770265935778163
4.243999999999755,2.7686155969131834
4.245999999999754,2.766963376045456
4.247999999999754,2.765311120261588
4.249999999999754,2.7636597368781044
4.251999999999754,2.7620096553026676
4.2539999999997535,2.760361069060249
4.255999999999753,2.7587155014343083
4.257999999999753,2.757073745217452
4.259999999999753,2.7554346490185524
4.261999999999753,2.7537976364956696
4.263999999999752,2.7521624274738414
4.265999999999752,2.750528890080211
4.267999999999752,2.748896964699314
4.269999999999752,2.7472667875580026
4.2719999999997516,2.7456355238487062
4.273999999999751,2.7440045515046956
4.275999999999751,2.742374561999448
4.277999999999751,2.740745890768782
4.279999999999751,2.7391186937004495
4.2819999999997505,2.7374930390735663
4.28399999999975,2.735868953769163
4.28599999999975,2.7342464462253107
4.28799999999975,2.732625517002188
4.28999999999975,2.731006164661709
4.291999999999749,2.7293883847319407
4.293999999999749,2.727772173394493
4.295999999999749,2.726157528743582
4.297999999999749,2.724538924997823
4.2999999999997485,2.72292091754616
4.301999999999748,2.721305136570482
4.303999999999748,2.71969127895704
4.305999999999748,2.7180791748428677
4.307999999999748,2.716468731200979
4.309999999999747,2.7148598979111913
4.311999999999747,2.713252647968402
4.313999999999747,2.711646966734459
4.315999999999747,2.710042845771414
4.3179999999997465,2.708440279894833
4.319999999999746,2.706842155024317
4.321999999999746,2.705247252531621
4.323999999999746,2.703653710725759
4.325999999999746,2.7020566124796326
4.327999999999745,2.700458584515148
4.329999999999745,2.698860949083996
4.331999999999745,2.6972643499404145
4.333999999999745,2.6956690889668993
4.3359999999997445,2.6940752981149667
4.337999999999744,2.6924830331976644
4.339999999999744,2.69089231325867
4.341999999999744,2.6893031422526703
4.343999999999744,2.6877158132962315
4.345999999999743,2.68613304133475
4.347999999999743,2.6845532550926037
4.349999999999743,2.6829756667177653
4.351999999999743,2.681399110269265
4.3539999999997425,2.6798187437030845
4.355999999999742,2.6782373209848185
4.357999999999742,2.6766562242664986
4.359999999999742,2.6750761247042507
4.361999999999742,2.6734973353933786
4.363999999999741,2.6719199948229386
4.365999999999741,2.6703441596277746
4.367999999999741,2.6687698495472425
4.369999999999741,2.667197404364624
4.3719999999997405,2.6656294024133724
4.37399999999974,2.664064325014244
4.37599999999974,2.6625014106607288
4.37799999999974,2.6609402894411125
4.37999999999974,2.659380787922799
4.381999999999739,2.6578177134367884
4.383999999999739,2.6562527555070354
4.385999999999739,2.654687710947425
4.387999999999739,2.653123474196083
4.3899999999997386,2.651560455887543
4.391999999999738,2.6500010215273937
4.393999999999738,2.648445282074374
4.395999999999738,2.6468920927415693
4.397999999999738,2.6453408828248675
4.3999999999997375,2.643791376748027
4.401999999999737,2.6422434464989335
4.403999999999737,2.640697032691913
4.405999999999737,2.6391521116072387
4.407999999999737,2.6376086725268704
4.409999999999736,2.636064992352771
4.411999999999736,2.6345177169581686
4.413999999999736,2.632969495876229
4.415999999999736,2.6314216476397063
4.4179999999997355,2.62987480627722
4.419999999999735,2.6283292637431597
4.421999999999735,2.626785143834144
4.423999999999735,2.6252438373932576
4.425999999999735,2.623706339649715
4.427999999999734,2.622171438446746
4.429999999999734,2.6206385293382986
4.431999999999734,2.61910732069262
4.433999999999734,2.617577676281795
4.4359999999997335,2.6160495353530187
4.437999999999733,2.6145228716018085
4.439999999999733,2.6129957150077625
4.441999999999733,2.6114684103630603
4.443999999999733,2.609941812156214
4.445999999999732,2.6084163393603252
4.447999999999732,2.606892189024887
4.449999999999732,2.6053694494171324
4.451999999999732,2.6038481575825263
4.4539999999997315,2.6023283248817677
4.455999999999731,2.600809955214249
4.457999999999731,2.5992930473924862
4.459999999999731,2.5977775987465566
4.461999999999731,2.5962636064585713
4.46399999999973,2.594751067609291
4.46599999999973,2.5932399794038523
4.46799999999973,2.5917303393477
4.46999999999973,2.590220157050782
4.4719999999997295,2.5887063724639976
4.473999999999729,2.58719162458431
4.475999999999729,2.5856772267048695
4.477999999999729,2.5841638075930575
4.479999999999729,2.5826541890717865
4.481999999999728,2.5811475684019936
4.483999999999728,2.5796431375063937
4.485999999999728,2.578140494473443
4.487999999999728,2.576639445992263
4.4899999999997275,2.5751399099661456
4.491999999999727,2.5736454171576155
4.493999999999727,2.57215408897303
4.495999999999727,2.5706649863888433
4.497999999999727,2.5691776552999483
4.499999999999726,2.5676918840155447
4.501999999999726,2.5662020377427552
4.503999999999726,2.564710356552463
4.505999999999726,2.56321857719304
4.507999999999726,2.5617275461893185
4.509999999999725,2.560237660000804
4.511999999999725,2.5587490955078973
4.513999999999725,2.5572619262710043
4.515999999999725,2.5557761795535
4.5179999999997245,2.554291862748786
4.519999999999724,2.5528089757260584
4.521999999999724,2.5513275156481847
4.523999999999724,2.5498474792671737
4.525999999999724,2.54836886313415
4.527999999999723,2.546891664539972
4.529999999999723,2.54541588073796
4.531999999999723,2.5439404696389682
4.533999999999723,2.5424608063220084
4.5359999999997225,2.540980778245698
4.537999999999722,2.539503262851014
4.539999999999722,2.538027743884546
4.541999999999722,2.5365539392382255
4.543999999999722,2.5350843916667403
4.545999999999721,2.533618712237923
4.547999999999721,2.532155594827913
4.549999999999721,2.5306943980680074
4.551999999999721,2.5292348178102224
4.5539999999997205,2.5277767156729456
4.55599999999972,2.5263200310964917
4.55799999999972,2.524864738775214
4.55999999999972,2.5234108286874584
4.56199999999972,2.521958296626847
4.563999999999719,2.5205064492640945
4.565999999999719,2.5190500696328733
4.567999999999719,2.517592235801225
4.569999999999719,2.5161344830507493
4.5719999999997185,2.5146775501086864
4.573999999999718,2.5132217782250565
4.575999999999718,2.5117673165650527
4.577999999999718,2.5103142255649957
4.579999999999718,2.5088625266475666
4.581999999999717,2.5074122249934057
4.583999999999717,2.5059633193147146
4.585999999999717,2.5045158067376336
4.587999999999717,2.50306968413893
4.5899999999997165,2.501624948382604
4.591999999999716,2.500181596559185
4.593999999999716,2.49873962616213
4.595999999999716,2.497301124531208
4.597999999999716,2.495862332180267
4.599999999999715,2.4944250625594586
4.601999999999715,2.4929892437099612
4.603999999999715,2.4915548356978072
4.605999999999715,2.490121814984852
4.6079999999997145,2.4886901714002767
4.609999999999714,2.4872599000643842
4.611999999999714,2.4858309947613493
4.613999999999714,2.48440345165264
4.615999999999714,2.482977267928463
4.6179999999997134,2.481552441369742
4.619999999999713,2.4801289697627364
4.621999999999713,2.478706851052438
4.623999999999713,2.4772860830281704
4.625999999999713,2.47586666345435
4.627999999999712,2.4744485902626074
4.629999999999712,2.4730318612421813
4.631999999999712,2.4716102122120454
4.633999999999712,2.4701867618047952
4.6359999999997115,2.468763208489462
4.637999999999711,2.467340371572607
4.639999999999711,2.465918630717673
4.641999999999711,2.4644981533057115
4.643999999999711,2.463079007672424
4.64599999999971,2.4616612186995788
4.64799999999971,2.460244792882736
4.64999999999971,2.4588297299207476
4.65199999999971,2.4574160271023304
4.6539999999997095,2.45600368123203
4.655999999999709,2.4545960385588232
4.657999999999709,2.4531948426686636
4.659999999999709,2.4517974051716562
4.661999999999709,2.450402396624581
4.663999999999708,2.44900918311763
4.665999999999708,2.4476118016337316
4.667999999999708,2.4462122812828886
4.669999999999708,2.4448124599754237
4.6719999999997075,2.4434132360029843
4.673999999999707,2.442015031514709
4.675999999999707,2.440618035741264
4.677999999999707,2.439222328241057
4.679999999999707,2.437827939162102
4.681999999999706,2.436434877750736
4.683999999999706,2.4350431447701766
4.685999999999706,2.4336527380587825
4.687999999999706,2.432263654900629
4.6899999999997055,2.4308758924158975
4.691999999999705,2.429489447895685
4.693999999999705,2.428104318826635
4.695999999999705,2.426720503007607
4.697999999999705,2.425337998350823
4.699999999999704,2.423954193716886
4.701999999999704,2.422566513204651
4.703999999999704,2.4211776788572075
4.705999999999704,2.4197890391707206
4.7079999999997035,2.4184012363914538
4.709999999999703,2.4170145639232627
4.711999999999703,2.41562914883318
4.713999999999703,2.41424504159594
4.715999999999703,2.4128622602603835
4.717999999999702,2.411487399716147
4.719999999999702,2.4101173982267388
4.721999999999702,2.4087503465010114
4.723999999999702,2.4073853199672897
4.7259999999997016,2.406021887562466
4.727999999999701,2.4046598567311506
4.729999999999701,2.4032991455340693
4.731999999999701,2.4019397217080725
4.733999999999701,2.400581571791004
4.7359999999997004,2.3992212001545097
4.7379999999997,2.3978573011623623
4.7399999999997,2.396492408566619
4.7419999999997,2.3951277710057237
4.7439999999997,2.393763980812263
4.745999999999699,2.392401306664004
4.747999999999699,2.391039863850622
4.749999999999699,2.3896796979850055
4.751999999999699,2.38832082429957
4.7539999999996985,2.386963245780735
4.755999999999698,2.385606960995161
4.757999999999698,2.384251967384559
4.759999999999698,2.382898262081382
4.761999999999698,2.381545842356697
4.763999999999697,2.380194705849958
4.765999999999697,2.378844850213009
4.767999999999697,2.377496273184092
4.769999999999697,2.37614897257749
4.7719999999996965,2.374801286583154
4.773999999999696,2.3734490460244646
4.775999999999696,2.372095300332653
4.777999999999696,2.3707415636336315
4.779999999999696,2.369389918442772
4.781999999999695,2.368045723749948
4.783999999999695,2.366705786417571
4.785999999999695,2.3653685042130803
4.787999999999695,2.3640331019369034
4.7899999999996945,2.3626992182764783
4.791999999999694,2.3613666919095433
4.793999999999694,2.3600354542166224
4.795999999999694,2.358705477279646
4.797999999999694,2.357376750605788
4.799999999999693,2.3560492703208635
4.801999999999693,2.3547230343983303
4.803999999999693,2.3533980421069582
4.805999999999693,2.352074290727883
4.8079999999996925,2.3507517795857886
4.809999999999692,2.3494268421530125
4.811999999999692,2.3480982813608287
4.813999999999692,2.3467686659238796
4.815999999999692,2.3454392603260676
4.817999999999691,2.3441106631763855
4.819999999999691,2.342783146058306
4.821999999999691,2.3414568252329278
4.823999999999691,2.340131746770963
4.8259999999996905,2.338807926199736
4.82799999999969,2.3374853667322215
4.82999999999969,2.3361640671086796
4.83199999999969,2.3348440249038784
4.83399999999969,2.33352523737126
4.835999999999689,2.332207701883599
4.837999999999689,2.330891416670807
4.839999999999689,2.329576378028087
4.841999999999689,2.3282625848252447
4.8439999999996886,2.3269500350496233
4.845999999999688,2.3256397019462676
4.847999999999688,2.3243346575931043
4.849999999999688,2.323028594407317
4.851999999999688,2.3217226402589786
4.8539999999996875,2.3204173786575053
4.855999999999687,2.3191130997801923
4.857999999999687,2.317809942274548
4.859999999999687,2.316507969041554
4.861999999999687,2.3152072043875416
4.863999999999686,2.3139076613521543
4.865999999999686,2.312609344033229
4.867999999999686,2.311312249769687
4.869999999999686,2.3100163764314643
4.8719999999996855,2.308721721943832
4.873999999999685,2.307428284404766
4.875999999999685,2.3061360616929507
4.877999999999685,2.304845051932699
4.879999999999685,2.3035552531680836
4.881999999999684,2.3022666634400064
4.883999999999684,2.3009792809144
4.885999999999684,2.2996931035158688
4.887999999999684,2.298402788425179
4.8899999999996835,2.2971095240684702
4.891999999999683,2.2958155276949106
4.893999999999683,2.294521879602001
4.895999999999683,2.2932290857809208
4.897999999999683,2.2919373727536225
4.899999999999682,2.2906468360851755
4.901999999999682,2.28935751271618
4.903999999999682,2.2880694144511406
4.905999999999682,2.2867825430488518
4.9079999999996815,2.2854968971536613
4.909999999999681,2.284212474120712
4.911999999999681,2.2829292712973595
4.913999999999681,2.2816472863287474
4.915999999999681,2.2803714917271334
4.91799999999968,2.2791016867441742
4.91999999999968,2.27783532866934
4.92199999999968,2.276571171451469
4.92399999999968,2.275308627374341
4.9259999999996795,2.2740474307012244
4.927999999999679,2.2727828026208905
4.929999999999679,2.2715147697823306
4.931999999999679,2.2702457564289644
4.933999999999679,2.2689769522728254
4.935999999999678,2.267708918618837
4.937999999999678,2.2664419088447416
4.939999999999678,2.265176031067705
4.941999999999678,2.2639113277402223
4.9439999999996775,2.262647813105186
4.945999999999677,2.2613854901976573
4.947999999999677,2.260124357745275
4.949999999999677,2.258864413469425
4.951999999999677,2.257605654839308
4.953999999999676,2.256348079552324
4.955999999999676,2.2550916852561715
4.957999999999676,2.253836469926556
4.959999999999676,2.252582431468556
4.961999999999676,2.2513295680252776
4.963999999999675,2.25007787780331
4.965999999999675,2.248827358796349
4.967999999999675,2.24757767245129
4.969999999999675,2.2463222196647004
4.9719999999996745,2.2450646158856684
4.973999999999674,2.243806662681297
4.975999999999674,2.242549224086254
4.977999999999674,2.2412926978543917
4.979999999999674,2.2400372585098367
4.981999999999673,2.238782977538077
4.983999999999673,2.2375298818072626
4.985999999999673,2.2362806192617017
4.987999999999673,2.2350360551253656
4.9899999999996725,2.2337946888855043
4.991999999999672,2.2325577055999077
4.993999999999672,2.231323386831074
4.995999999999672,2.2300908958122565
4.997999999999672,2.2288598387973977
4.999999999999671,2.2276300396809523
5.001999999999671,2.226401422186223
5.003999999999671,2.225173955048653
5.005999999999671,2.2239476261521376
5.0079999999996705,2.22272243079178
5.00999999999967,2.221498366800863
5.01199999999967,2.2202689866593306
5.01399999999967,2.21903689528756
5.01599999999967,2.217804162056349
5.017999999999669,2.2165717872282316
5.019999999999669,2.215340235162128
5.021999999999669,2.2141097114181325
5.023999999999669,2.212880301649802
5.0259999999996685,2.211652038130704
5.027999999999668,2.2104249309047903
5.029999999999668,2.209198981269397
5.031999999999668,2.2079741875469
5.033999999999668,2.206750547280516
5.035999999999667,2.2055280580668604
5.037999999999667,2.2043067175517432
5.039999999999667,2.203086523661997
5.041999999999667,2.2018674744012268
5.0439999999996665,2.2006495677764155
5.045999999999666,2.1994328020327476
5.047999999999666,2.1982171752781503
5.049999999999666,2.197002685670413
5.051999999999666,2.1957893318860267
5.053999999999665,2.194575786819576
5.055999999999665,2.1933567664522786
5.057999999999665,2.1921377607951538
5.059999999999665,2.190922539012606
5.0619999999996645,2.189709771352186
5.063999999999664,2.188498771405094
5.065999999999664,2.18728919765914
5.067999999999664,2.186080885899235
5.069999999999664,2.184873759752503
5.0719999999996634,2.1836687403115076
5.073999999999663,2.18246690197061
5.075999999999663,2.181267162659989
5.077999999999663,2.1800689872953063
5.079999999999663,2.178872121266333
5.081999999999662,2.17767644626789
5.083999999999662,2.1764819111806792
5.085999999999662,2.1752884937831753
5.087999999999662,2.1740961846413374
5.0899999999996615,2.1729049796171664
5.091999999999661,2.171714876476424
5.093999999999661,2.1705258735891153
5.095999999999661,2.169337969442084
5.097999999999661,2.168151162492736
5.09999999999966,2.1669589657998807
5.10199999999966,2.165763849024513
5.10399999999966,2.164567972811728
5.10599999999966,2.1633723820449973
5.1079999999996595,2.1621775622448487
5.109999999999659,2.1609837288245437
5.111999999999659,2.159790971712628
5.113999999999659,2.158599325147883
5.115999999999659,2.1574087999380347
5.117999999999658,2.1562193977577824
5.119999999999658,2.1550311170865704
5.121999999999658,2.1538439555911477
5.123999999999658,2.152657911316765
5.1259999999996575,2.1514729809428133
5.127999999999657,2.1502891631727152
5.129999999999657,2.149106456012745
5.131999999999657,2.1479248575683814
5.133999999999657,2.1467468500708926
5.135999999999656,2.14557390381447
5.137999999999656,2.1444039296881496
5.139999999999656,2.143235896715633
5.141999999999656,2.142069314511139
5.1439999999996555,2.1409039585627134
5.145999999999655,2.1397327617842388
5.147999999999655,2.138558959189665
5.149999999999655,2.1373845309659476
5.151999999999655,2.1362104337561982
5.153999999999654,2.1350371102579837
5.155999999999654,2.1338647578789
5.157999999999654,2.1326949418072614
5.159999999999654,2.1315278850062045
5.1619999999996535,2.1303627099933045
5.163999999999653,2.1291989828700624
5.165999999999653,2.128036496750385
5.167999999999653,2.1268751564687465
5.169999999999653,2.1257149197501426
5.171999999999652,2.1245557683366547
5.173999999999652,2.1233976943579207
5.175999999999652,2.122240694169923
5.177999999999652,2.1210847656905103
5.1799999999996515,2.1199299073147984
5.181999999999651,2.118776117540592
5.183999999999651,2.117623394833443
5.185999999999651,2.1164717376211586
5.187999999999651,2.115321144263611
5.1899999999996504,2.114171613147183
5.19199999999965,2.1130203106419727
5.19399999999965,2.1118639395799
5.19599999999965,2.1107057235363933
5.19799999999965,2.109547255620912
5.199999999999649,2.1083892931462898
5.201999999999649,2.1072321812055494
5.203999999999649,2.1060760692644935
5.205999999999649,2.1049210176779845
5.2079999999996485,2.10376704808473
5.209999999999648,2.10261416632088
5.211999999999648,2.1014623723079127
5.213999999999648,2.100314449139556
5.215999999999648,2.0991716967416605
5.217999999999647,2.098031953652071
5.219999999999647,2.0968941543658857
5.221999999999647,2.095757792724681
5.223999999999647,2.0946226373480075
5.2259999999996465,2.093488586860443
5.227999999999646,2.092355598882694
5.229999999999646,2.0912236569641647
5.231999999999646,2.0900927536028053
5.233999999999646,2.088962887287067
5.235999999999645,2.0878340555260717
5.237999999999645,2.0867062578191624
5.239999999999645,2.085578719473336
5.241999999999645,2.0844450798499223
5.2439999999996445,2.0833090627304
5.245999999999644,2.082172520839017
5.247999999999644,2.0810378807647223
5.249999999999644,2.07990555731187
5.251999999999644,2.0787749098878483
5.253999999999643,2.0776456105402867
5.255999999999643,2.0765174972514777
5.257999999999643,2.075390492692291
5.259999999999643,2.074264560824105
5.2619999999996425,2.0731396850902293
5.263999999999642,2.0720158579395327
5.265999999999642,2.0708930755341046
5.267999999999642,2.0697713355617484
5.269999999999642,2.068650636243388
5.271999999999641,2.067530975899529
5.273999999999641,2.0664123530446665
5.275999999999641,2.0652947661205387
5.277999999999641,2.064178213452477
5.2799999999996405,2.063062693511762
5.28199999999964,2.0619482046165203
5.28399999999964,2.0608347452316838
5.28599999999964,2.059722313671572
5.28799999999964,2.0586109084103295
5.289999999999639,2.0574997068801126
5.291999999999639,2.0563821271625584
5.293999999999639,2.0552620354978015
5.295999999999639,2.054141355259056
5.2979999999996386,2.053021007172174
5.299999999999638,2.051901414121203
5.301999999999638,2.0507827612987426
5.303999999999638,2.049665124548399
5.305999999999638,2.0485485320626315
5.3079999999996375,2.0474329920534675
5.309999999999637,2.046318505388716
5.311999999999637,2.045205070244836
5.313999999999637,2.044092684422201
5.315999999999637,2.0429813455480104
5.317999999999636,2.0418710516400536
5.319999999999636,2.040761800665931
5.321999999999636,2.0396535908031628
5.323999999999636,2.038546420323673
5.3259999999996355,2.0374402876502478
5.327999999999635,2.036335191020775
5.329999999999635,2.0352311287751155
5.331999999999635,2.034128099280034
5.333999999999635,2.033026100922244
5.335999999999634,2.0319251320841905
5.337999999999634,2.030825191143909
5.339999999999634,2.0297262764850674
5.341999999999634,2.0286257316528244
5.3439999999996335,2.0275202961767373
5.345999999999633,2.0264144794712156
5.347999999999633,2.025309092292141
5.349999999999633,2.0242045026573967
5.351999999999633,2.023100869183675
5.353999999999632,2.021998255633945
5.355999999999632,2.0208966845854066
5.357999999999632,2.01979615979006
5.359999999999632,2.018696681602929
5.3619999999996315,2.017598250793999
5.363999999999631,2.0165008654438723
5.365999999999631,2.0154045227221093
5.367999999999631,2.0143092200438146
5.369999999999631,2.0132149553121974
5.37199999999963,2.012121726352187
5.37399999999963,2.0110295312645876
5.37599999999963,2.0099383682917256
5.37799999999963,2.0088482359152784
5.3799999999996295,2.007759132299682
5.381999999999629,2.0066710557584035
5.383999999999629,2.0055840046633002
5.385999999999629,2.0044979773853004
5.387999999999629,2.003412972307883
5.389999999999628,2.0023289878210573
5.391999999999628,2.0012460222510424
5.393999999999628,2.0001640739980546
5.395999999999628,1.999077034137237
5.3979999999996275,1.9979859253206997
5.399999999999627,1.9968934598164734
5.401999999999627,1.9958009603624014
5.403999999999627,1.994709046809384
5.405999999999627,1.9936179973290322
5.407999999999626,1.9925279298914997
5.409999999999626,1.991438890634128
5.411999999999626,1.990350895100099
5.413999999999626,1.9892639466695745
5.415999999999626,1.9881780443804817
5.417999999999625,1.987093186032993
5.419999999999625,1.9860093692662726
5.421999999999625,1.9849265918701386
5.423999999999625,1.983844851614138
5.4259999999996245,1.9827641468396444
5.427999999999624,1.9816844758152385
5.429999999999624,1.9806058368142414
5.431999999999624,1.9795282279288133
5.433999999999624,1.9784516476983218
5.435999999999623,1.9773760942879224
5.437999999999623,1.976301566266365
5.439999999999623,1.9752280618078195
5.441999999999623,1.9741555794790677
5.4439999999996225,1.9730841174514135
5.445999999999622,1.9720136743014205
5.447999999999622,1.970944612258093
5.449999999999622,1.9698760551466963
5.451999999999622,1.9688019374422185
5.453999999999621,1.9677256912674979
5.455999999999621,1.966649026239492
5.457999999999621,1.9655727615520138
5.459999999999621,1.9644972733579444
5.4619999999996205,1.9634227263057693
5.46399999999962,1.9623491873470889
5.46599999999962,1.9612766812758453
5.46799999999962,1.9602052148615718
5.46999999999962,1.959134788681814
5.471999999999619,1.9580654006761313
5.473999999999619,1.9569970487675157
5.475999999999619,1.9559297304582162
5.477999999999619,1.9548634436456875
5.4799999999996185,1.9537981867010539
5.481999999999618,1.952733957583071
5.483999999999618,1.9516707545111007
5.485999999999618,1.9506085758107203
5.487999999999618,1.949547419831369
5.489999999999617,1.9484872851289847
5.491999999999617,1.9474281697324922
5.493999999999617,1.9463700720143449
5.495999999999617,1.9453129903809034
5.4979999999996165,1.944256923223103
5.499999999999616,1.943201868940338
5.501999999999616,1.9421478259214335
5.503999999999616,1.9410947925546171
5.505999999999616,1.9400427672273817
5.507999999999615,1.9389843292077844
5.509999999999615,1.937922013932422
5.511999999999615,1.936858441672672
5.513999999999615,1.9357948836369303
5.5159999999996145,1.9347319319847451
5.517999999999614,1.9336698507011176
5.519999999999614,1.9326087502864904
5.521999999999614,1.9315486733590665
5.523999999999614,1.9304896339005926
5.525999999999613,1.9294316345356046
5.527999999999613,1.9283746739529974
5.529999999999613,1.927318749768953
5.531999999999613,1.9262638595350154
5.533999999999613,1.925210000987889
5.535999999999612,1.9241571715491133
5.537999999999612,1.9231053672215008
5.539999999999612,1.9221388895785518
5.541999999999612,1.9220922994558713
5.5439999999996115,1.9225224496662308
5.545999999999611,1.923159406879581
5.547999999999611,1.9238976035591724
5.549999999999611,1.9246793108325793
5.551999999999611,1.9254748858977562
5.55399999999961,1.9262614713386235
5.55599999999961,1.9270462767672718
5.55799999999961,1.9278309800842526
5.55999999999961,1.9286150033694005
5.5619999999996095,1.9286867863409185
5.563999999999609,1.9284154083516458
5.565999999999609,1.930176080747132
5.567999999999609,1.930724319265448
5.569999999999609,1.9321303357251456
5.571999999999608,1.9324921984198382
5.573999999999608,1.9342826296316422
5.575999999999608,1.9357573116120845
5.577999999999608,1.9361348844123365
5.5799999999996075,1.9359825778296353
5.581999999999607,1.9385038602740265
5.583999999999607,1.940396184216325
5.585999999999607,1.9409593494736568
5.587999999999607,1.940879273655591
5.589999999999606,1.9404996427280294
5.591999999999606,1.9438628406693514
5.593999999999606,1.9451448248269754
5.595999999999606,1.9473534762562918
5.5979999999996055,1.9480483185684605
5.599999999999605,1.9499137772564308
5.601999999999605,1.950441302690699
5.603999999999605,1.9512397601191467
5.605999999999605,1.955003205920272
5.607999999999604,1.9564300616433128
5.609999999999604,1.9567088721668278
5.611999999999604,1.9564446191468605
5.613999999999604,1.9627027060418836
5.6159999999996035,1.9659724450178069
5.617999999999603,1.9670833134716037
5.619999999999603,1.9764215564950993
5.621999999999603,1.9803994130552753
5.623999999999603,1.9817476536236802
5.625999999999602,1.9818540108656497
5.627999999999602,1.9813985685829743
5.629999999999602,1.9807017611506645
5.631999999999602,1.9799079822884784
5.6339999999996015,1.97907885696352
5.635999999999601,1.9782388204067254
5.637999999999601,1.977396497281127
5.639999999999601,1.976554278479339
5.641999999999601,1.9757121846310715
5.6439999999996004,1.9748604205204914
5.6459999999996,1.9740035615602347
5.6479999999996,1.9731437845892397
5.6499999999996,1.9722820796776503
5.6519999999996,1.9714188726597897
5.653999999999599,1.9705546102629485
5.655999999999599,1.9696905879059232
5.657999999999599,1.9688260335792396
5.659999999999599,1.9679605547404317
5.6619999999995985,1.9670939584681775
5.663999999999598,1.9662261531652676
5.665999999999598,1.965357095770505
5.667999999999598,1.964486765723863
5.669999999999598,1.9603230540480978
5.671999999999597,1.953265199748981
5.673999999999597,1.949501331664538
5.675999999999597,1.947367741893845
5.677999999999597,1.946006388456084
5.6799999999995965,1.944994000493455
5.681999999999596,1.9441305676261706
5.683999999999596,1.9433258433478977
5.685999999999596,1.942541291881791
5.687999999999596,1.9417920107230215
5.689999999999595,1.9410262681438968
5.691999999999595,1.9402505877034364
5.693999999999595,1.939469004232911
5.695999999999595,1.9386838286796524
5.6979999999995945,1.9378963116970909
5.699999999999594,1.9371070993174082
5.701999999999594,1.9363165102028363
5.703999999999594,1.9355182240233189
5.705999999999594,1.9347124126402726
5.707999999999593,1.933902470742283
5.709999999999593,1.9330900537193512
5.711999999999593,1.9322759343395417
5.713999999999593,1.9314604557889816
5.7159999999995925,1.930643760711412
5.717999999999592,1.9298259014623222
5.719999999999592,1.9290068930333828
5.721999999999592,1.9281867360424767
5.723999999999592,1.9273654263384041
5.725999999999591,1.9265429590150036
5.727999999999591,1.9257193285622451
5.729999999999591,1.9248945304288338
5.731999999999591,1.924068559779899
5.7339999999995905,1.9232414126252186
5.73599999999959,1.922413085195537
5.73799999999959,1.9215835730079194
5.73999999999959,1.9207528718656597
5.74199999999959,1.9199209780557942
5.743999999999589,1.919087887528752
5.745999999999589,1.9182535961385416
5.747999999999589,1.9174180997462371
5.749999999999589,1.9165813945766643
5.7519999999995886,1.915743476492785
5.753999999999588,1.914904341271415
5.755999999999588,1.9140639846844287
5.757999999999588,1.9132224042715082
5.759999999999588,1.912379604677687
5.7619999999995875,1.9115355860659626
5.763999999999587,1.9106843373622913
5.765999999999587,1.9098243953329956
5.767999999999587,1.9089596929010622
5.769999999999587,1.9080921593147675
5.771999999999586,1.9072227018264722
5.773999999999586,1.9063517859998278
5.775999999999586,1.9054808693259595
5.777999999999586,1.904609318401273
5.7799999999995855,1.9037368046725462
5.781999999999585,1.902863163101951
5.783999999999585,1.901988313773038
5.785999999999585,1.9011122180238669
5.787999999999585,1.9002348567612868
5.789999999999584,1.8993562197513625
5.791999999999584,1.8984763009699646
5.793999999999584,1.8975950954804317
5.795999999999584,1.8967125987486861
5.7979999999995835,1.8958288063879507
5.799999999999583,1.8949437144595462
5.801999999999583,1.8940573185759528
5.803999999999583,1.8931696146657502
5.805999999999583,1.8922805977474293
5.807999999999582,1.8913902636361626
5.809999999999582,1.890498608249735
5.811999999999582,1.8896056265386205
5.813999999999582,1.8887113142355645
5.8159999999995815,1.8878156671977258
5.817999999999581,1.8869186803015767
5.819999999999581,1.8860203492270626
5.821999999999581,1.8851186091018068
5.823999999999581,1.8842047615158972
5.82599999999958,1.8832844122971677
5.82799999999958,1.8823603520493244
5.82999999999958,1.8814339138759277
5.83199999999958,1.880505702241789
5.8339999999995795,1.8795759752862717
5.835999999999579,1.8786448338714377
5.837999999999579,1.87771231073462
5.839999999999579,1.8767784120402549
5.841999999999579,1.8754305695637832
5.843999999999578,1.8743020592261537
5.845999999999578,1.8729557317686822
5.847999999999578,1.8702835085919371
5.849999999999578,1.8669384377564966
5.8519999999995775,1.8649077948446744
5.853999999999577,1.8635221152492114
5.855999999999577,1.86243922514724
5.857999999999577,1.86149146723357
5.859999999999577,1.8606001425372527
5.861999999999576,1.8597300388713476
5.863999999999576,1.858866311314955
5.865999999999576,1.858003204349912
5.867999999999576,1.857138781058014
5.869999999999576,1.85627257735669
5.871999999999575,1.8554046198234169
5.873999999999575,1.8545350483464471
5.875999999999575,1.853663991805293
5.877999999999575,1.8527915396745447
5.8799999999995745,1.8519177462189675
5.881999999999574,1.851042641616795
5.883999999999574,1.8501662401975887
5.885999999999574,1.8492885478489782
5.887999999999574,1.8484095645499503
5.889999999999573,1.847529288707704
5.891999999999573,1.8466362871544024
5.893999999999573,1.845735943022732
5.895999999999573,1.8436419333027394
5.8979999999995725,1.8423735087625603
5.899999999999572,1.835962005835974
5.901999999999572,1.829802490191216
5.903999999999572,1.8264981493379198
5.905999999999572,1.824591935940434
5.907999999999571,1.8233412923849919
5.909999999999571,1.8223833871911548
5.911999999999571,1.8215483115735773
5.913999999999571,1.8207602098394602
5.9159999999995705,1.8199871831305339
5.91799999999957,1.8192169161820857
5.91999999999957,1.8184453069197872
5.92199999999957,1.8176716886631459
5.92399999999957,1.8168967255641058
5.925999999999569,1.8161203065699845
5.927999999999569,1.8153425159904815
5.929999999999569,1.8145634622086286
5.931999999999569,1.8137832314900295
5.9339999999995685,1.8130018785795208
5.935999999999568,1.81221943535805
5.937999999999568,1.8114359191557046
5.939999999999568,1.810651336817388
5.941999999999568,1.809865691121295
5.943999999999567,1.8090789808780507
5.945999999999567,1.8082912046278548
5.947999999999567,1.8075023596782562
5.949999999999567,1.806712442840112
5.9519999999995665,1.8059214507481791
5.953999999999566,1.805129379978493
5.955999999999566,1.8043362271001122
5.957999999999566,1.803541988674307
5.959999999999566,1.8027466612581067
5.961999999999565,1.801950241416854
5.963999999999565,1.8011527263768317
5.965999999999565,1.8003541119923632
5.967999999999565,1.7995436580010287
5.9699999999995645,1.798726014458825
5.971999999999564,1.7979044400320225
5.973999999999564,1.7970805054111687
5.975999999999564,1.787904179467505
5.977999999999564,1.7831052101864162
5.979999999999563,1.7805031962873832
5.981999999999563,1.7789577121034639
5.983999999999563,1.777897766886827
5.985999999999563,1.777049158119852
5.987999999999563,1.7762859428855298
5.989999999999562,1.775553258209459
5.991999999999562,1.7748288421891467
5.993999999999562,1.7741046102215374
5.995999999999562,1.7728938813364372
5.9979999999995615,1.7719348849733123
5.999999999999561,1.7711007906624512
