time,value
0.0,663504.5981204474
0.002,903992.6950114501
0.004,1010913.2189170244
0.006,1400484.547637071
0.008,1733526.4806106305
0.01,1939181.080167408
0.012,2045832.3120639669
0.014,2093816.4576597633
0.016,2111784.449316889
0.018000000000000002,2116069.0961421183
0.020000000000000004,2114813.047253162
0.022000000000000006,2111658.8082681275
0.024000000000000007,2108057.9279932417
0.02600000000000001,2104498.5040073614
0.02800000000000001,2101087.737742337
0.030000000000000013,2097812.090556679
0.032000000000000015,2094640.9391739436
0.034000000000000016,2091548.7647810709
0.03600000000000002,2088516.7558913364
0.03800000000000002,2085535.0393800566
0.04000000000000002,2082599.611619562
0.04200000000000002,2079711.4907331227
0.044000000000000025,2076870.1598657991
0.04600000000000003,2074076.0459785252
0.04800000000000003,2071328.0709169332
0.05000000000000003,2068626.8437522245
0.05200000000000003,2065975.3310390748
0.054000000000000034,2063372.4353524358
0.056000000000000036,2060817.891354182
0.05800000000000004,2058313.3103027397
0.06000000000000004,2055858.4696543266
0.06200000000000004,2053454.1183635406
0.06400000000000004,2051098.9223233743
0.06600000000000004,2048793.1847303463
0.06800000000000005,2046540.5260585786
0.07000000000000005,2044338.3163218088
0.07200000000000005,2042188.6362975673
0.07400000000000005,2040091.6141546518
0.07600000000000005,2038045.9664369358
0.07800000000000006,2036047.041388001
0.08000000000000006,2034094.4422945164
0.08200000000000006,2032188.8207915113
0.08400000000000006,2030332.8101812396
0.08600000000000006,2028526.0022798644
0.08800000000000006,2026766.2582645917
0.09000000000000007,2025051.7598486966
0.09200000000000007,2023381.1578441805
0.09400000000000007,2021754.3878795155
0.09600000000000007,2020170.2450587088
0.09800000000000007,2018627.9215991283
0.10000000000000007,2017129.2321959166
0.10200000000000008,2015676.9468307698
0.10400000000000008,2014271.1580841881
0.10600000000000008,2012912.6612251305
0.10800000000000008,2011600.3585726372
0.11000000000000008,2010334.1307954886
0.11200000000000009,2009113.500992744
0.11400000000000009,2007937.4681167877
0.11600000000000009,2006804.5369085078
0.11800000000000009,2005712.0356391938
0.12000000000000009,2004658.1405495445
0.1220000000000001,2003642.1396172878
0.1240000000000001,2002662.7659850176
0.12600000000000008,2001718.4645933937
0.12800000000000009,2000807.4686158688
0.1300000000000001,1999928.0378170197
0.1320000000000001,1999078.3623537356
0.1340000000000001,1998255.1722239596
0.1360000000000001,1997457.002512499
0.1380000000000001,1996681.9579194272
0.1400000000000001,1995929.0528514017
0.1420000000000001,1995197.348214445
0.1440000000000001,1994485.6996107532
0.1460000000000001,1993792.85555779
0.1480000000000001,1993117.3508529768
0.1500000000000001,1992457.656161615
0.1520000000000001,1991812.8555813741
0.1540000000000001,1991186.6581331005
0.1560000000000001,1990580.1607810147
0.1580000000000001,1989992.602426132
0.16000000000000011,1989423.4979286261
0.16200000000000012,1988872.2844167214
0.16400000000000012,1988338.29676288
0.16600000000000012,1987823.796032158
0.16800000000000012,1987332.2587889999
0.17000000000000012,1986864.4477174336
0.17200000000000013,1986420.8656220366
0.17400000000000013,1986000.989544469
0.17600000000000013,1985603.482542145
0.17800000000000013,1985226.6143240219
0.18000000000000013,1984868.3883081824
0.18200000000000013,1984526.5694916227
0.18400000000000014,1984198.9199589754
0.18600000000000014,1983883.7605982875
0.18800000000000014,1983579.4346534414
0.19000000000000014,1983284.5340721367
0.19200000000000014,1982996.6703831991
0.19400000000000014,1982714.4475847962
0.19600000000000015,1982437.4301963386
0.19800000000000015,1982164.4639379673
0.20000000000000015,1981894.1137992118
0.20200000000000015,1981625.2448698939
0.20400000000000015,1981356.589669351
0.20600000000000016,1981086.7918127633
0.20800000000000016,1980814.3663145017
0.21000000000000016,1980537.9783566478
0.21200000000000016,1980260.29612811
0.21400000000000016,1979986.5493647184
0.21600000000000016,1979717.7853358623
0.21800000000000017,1979454.2492223512
0.22000000000000017,1979196.4263278001
0.22200000000000017,1978944.6091156222
0.22400000000000017,1978698.5990112845
0.22600000000000017,1978458.0705901284
0.22800000000000017,1978222.5770409605
0.23000000000000018,1977991.716662339
0.23200000000000018,1977764.9132583234
0.23400000000000018,1977541.7178337022
0.23600000000000018,1977321.64802429
0.23800000000000018,1977104.214890678
0.24000000000000019,1976888.9336697191
0.2420000000000002,1976675.3762748493
0.2440000000000002,1976463.094017245
0.2460000000000002,1976250.8713792036
0.2480000000000002,1976037.6496672654
0.25000000000000017,1975823.64092074
0.25200000000000017,1975608.704635615
0.25400000000000017,1975392.7366112561
0.25600000000000017,1975175.6084016692
0.2580000000000002,1974956.9915942256
0.2600000000000002,1974737.0258592148
0.2620000000000002,1974515.5305179206
0.2640000000000002,1974296.361847558
0.2660000000000002,1974082.0702972922
0.2680000000000002,1973872.9161228866
0.2700000000000002,1973668.3860207067
0.2720000000000002,1973467.8280874365
0.2740000000000002,1973270.7883658893
0.2760000000000002,1973076.806293994
0.2780000000000002,1972885.591284041
0.2800000000000002,1972696.3151310526
0.2820000000000002,1972507.7490620445
0.2840000000000002,1972319.9669133506
0.2860000000000002,1972133.4991746908
0.2880000000000002,1971949.5162901739
0.2900000000000002,1971768.6317473447
0.2920000000000002,1971591.0577937649
0.2940000000000002,1971416.8402547822
0.2960000000000002,1971245.7308441151
0.2980000000000002,1971077.515479948
0.3000000000000002,1970911.9858741846
0.3020000000000002,1970748.574692126
0.3040000000000002,1970586.5022215252
0.3060000000000002,1970425.1132912314
0.3080000000000002,1970263.7920941773
0.3100000000000002,1970101.9846688749
0.3120000000000002,1969939.2585934862
0.3140000000000002,1969778.446782797
0.3160000000000002,1969622.22016768
0.3180000000000002,1969470.6810284378
0.32000000000000023,1969322.2814270016
0.32200000000000023,1969175.8380646792
0.32400000000000023,1969031.1424326685
0.32600000000000023,1968888.200945734
0.32800000000000024,1968747.0407474772
0.33000000000000024,1968607.542713378
0.33200000000000024,1968469.3572749444
0.33400000000000024,1968332.075801442
0.33600000000000024,1968195.56393527
0.33800000000000024,1968060.2023832463
0.34000000000000025,1967925.9287724784
0.34200000000000025,1967792.368830614
0.34400000000000025,1967659.185544128
0.34600000000000025,1967526.5477289676
0.34800000000000025,1967394.69216009
0.35000000000000026,1967263.1010598424
0.35200000000000026,1967131.267544782
0.35400000000000026,1966998.794556788
0.35600000000000026,1966865.3340672925
0.35800000000000026,1966730.6304415264
0.36000000000000026,1966594.4765716542
0.36200000000000027,1966456.6599321987
0.36400000000000027,1966321.8258334575
0.36600000000000027,1966189.749340655
0.36800000000000027,1966059.043123361
0.3700000000000003,1965929.395719755
0.3720000000000003,1965800.6823366615
0.3740000000000003,1965672.8483549727
0.3760000000000003,1965545.836796295
0.3780000000000003,1965419.4226593343
0.3800000000000003,1965293.2335247619
0.3820000000000003,1965167.2938943487
0.3840000000000003,1965041.6294280828
0.3860000000000003,1964916.1278405685
0.3880000000000003,1964790.7937162113
0.3900000000000003,1964665.479468803
0.3920000000000003,1964540.1630968323
0.3940000000000003,1964415.1540603472
0.3960000000000003,1964290.3390715122
0.3980000000000003,1964165.4814122315
0.4000000000000003,1964040.3582492953
0.4020000000000003,1963914.69200998
0.4040000000000003,1963788.347657036
0.4060000000000003,1963661.2115383581
0.4080000000000003,1963533.1809762754
0.4100000000000003,1963404.109980084
0.4120000000000003,1963274.2973585352
0.4140000000000003,1963147.3654953795
0.4160000000000003,1963023.4140758633
0.4180000000000003,1962901.5650193042
0.4200000000000003,1962779.7988235354
0.4220000000000003,1962657.8701768292
0.4240000000000003,1962536.3817202623
0.4260000000000003,1962415.2798148463
0.4280000000000003,1962294.3363557633
0.4300000000000003,1962173.6077544903
0.43200000000000033,1962053.12835585
0.43400000000000033,1961932.7990424703
0.43600000000000033,1961812.6481573763
0.43800000000000033,1961692.7469918772
0.44000000000000034,1961573.3423698954
0.44200000000000034,1961455.0732087381
0.44400000000000034,1961337.7271161173
0.44600000000000034,1961221.0973863995
0.44800000000000034,1961105.0187437828
0.45000000000000034,1960989.3025684063
0.45200000000000035,1960873.850679837
0.45400000000000035,1960758.4601251024
0.45600000000000035,1960643.0291713611
0.45800000000000035,1960527.404002188
0.46000000000000035,1960411.5050412274
0.46200000000000035,1960295.2362186336
0.46400000000000036,1960181.7485470069
0.46600000000000036,1960071.1517851122
0.46800000000000036,1959962.749121456
0.47000000000000036,1959855.9051633638
0.47200000000000036,1959750.1308428214
0.47400000000000037,1959645.0809664857
0.47600000000000037,1959540.3003803398
0.47800000000000037,1959435.1477084162
0.48000000000000037,1959328.563421526
0.4820000000000004,1959220.9337936677
0.4840000000000004,1959112.690885289
0.4860000000000004,1959004.1920909071
0.4880000000000004,1958895.7534147997
0.4900000000000004,1958787.8140974885
0.4920000000000004,1958680.2724530937
0.4940000000000004,1958572.9870160483
0.4960000000000004,1958465.712589883
0.4980000000000004,1958358.3352852885
0.5000000000000003,1958250.7649225967
0.5020000000000003,1958142.8787150825
0.5040000000000003,1958034.5909021152
0.5060000000000003,1957925.8812233002
0.5080000000000003,1957816.994354475
0.5100000000000003,1957707.9680916118
0.5120000000000003,1957598.722082165
0.5140000000000003,1957490.9845984061
0.5160000000000003,1957385.414645572
0.5180000000000003,1957281.7214872818
0.5200000000000004,1957179.199350561
0.5220000000000004,1957077.3314310939
0.5240000000000004,1956975.845868861
0.5260000000000004,1956874.5308788451
0.5280000000000004,1956772.8726115208
0.5300000000000004,1956670.920795111
0.5320000000000004,1956568.624507303
0.5340000000000004,1956466.131473237
0.5360000000000004,1956363.5121323129
0.5380000000000004,1956261.2207053353
0.5400000000000004,1956159.0856384202
0.5420000000000004,1956057.002536601
0.5440000000000004,1955954.3888382723
0.5460000000000004,1955849.9245412836
0.5480000000000004,1955743.7560218833
0.5500000000000004,1955636.4326529948
0.5520000000000004,1955528.292337117
0.5540000000000004,1955419.52989841
0.5560000000000004,1955310.2813310092
0.5580000000000004,1955200.5407642724
0.5600000000000004,1955090.3322750074
0.5620000000000004,1954979.5965457163
0.5640000000000004,1954868.402785501
0.5660000000000004,1954758.6697540332
0.5680000000000004,1954650.4455844627
0.5700000000000004,1954543.200666234
0.5720000000000004,1954436.5515233171
0.5740000000000004,1954330.1910309093
0.5760000000000004,1954223.8961421517
0.5780000000000004,1954117.4598975468
0.5800000000000004,1954010.656269385
0.5820000000000004,1953903.3023406344
0.5840000000000004,1953795.5673782632
0.5860000000000004,1953688.0333734367
0.5880000000000004,1953580.6993103395
0.5900000000000004,1953473.4937587716
0.5920000000000004,1953366.2249173296
0.5940000000000004,1953258.7747741172
0.5960000000000004,1953151.1714862816
0.5980000000000004,1953043.374491358
0.6000000000000004,1952935.464323031
0.6020000000000004,1952827.4873335208
0.6040000000000004,1952719.4547646986
0.6060000000000004,1952611.353708064
0.6080000000000004,1952503.1095452043
0.6100000000000004,1952394.8201901338
0.6120000000000004,1952286.8112181644
0.6140000000000004,1952179.0368487553
0.6160000000000004,1952070.36225365
0.6180000000000004,1951961.3491153808
0.6200000000000004,1951852.3832124092
0.6220000000000004,1951743.574102085
0.6240000000000004,1951634.9957524713
0.6260000000000004,1951526.5628649895
0.6280000000000004,1951418.315527543
0.6300000000000004,1951310.2070153665
0.6320000000000005,1951202.2013893009
0.6340000000000005,1951094.3827546642
0.6360000000000005,1950986.7049880186
0.6380000000000005,1950879.1795990588
0.6400000000000005,1950771.723346379
0.6420000000000005,1950664.273747851
0.6440000000000005,1950556.7380432743
0.6460000000000005,1950449.1580596443
0.6480000000000005,1950341.44361488
0.6500000000000005,1950233.5906653188
0.6520000000000005,1950125.5858459284
0.6540000000000005,1950017.363181699
0.6560000000000005,1949908.9778031688
0.6580000000000005,1949800.2980642563
0.6600000000000005,1949691.3982110776
0.6620000000000005,1949582.203414006
0.6640000000000005,1949472.6685114324
0.6660000000000005,1949362.8104786924
0.6680000000000005,1949252.6249169458
0.6700000000000005,1949142.3821151007
0.6720000000000005,1949032.6707176557
0.6740000000000005,1948923.3286876872
0.6760000000000005,1948814.2539801563
0.6780000000000005,1948705.2910949753
0.6800000000000005,1948596.3217558132
0.6820000000000005,1948487.5814958017
0.6840000000000005,1948379.2426866496
0.6860000000000005,1948271.1909959947
0.6880000000000005,1948162.8609913313
0.6900000000000005,1948054.1118241607
0.6920000000000005,1947945.003538394
0.6940000000000005,1947835.0754674682
0.6960000000000005,1947723.2900052522
0.6980000000000005,1947609.8723138878
0.7000000000000005,1947495.4117750989
0.7020000000000005,1947380.2745279528
0.7040000000000005,1947264.5823170932
0.7060000000000005,1947148.4274492285
0.7080000000000005,1947031.9164162364
0.7100000000000005,1946915.0735461176
0.7120000000000005,1946797.9633440024
0.7140000000000005,1946680.5637851425
0.7160000000000005,1946563.24966116
0.7180000000000005,1946446.171087686
0.7200000000000005,1946329.1308319443
0.7220000000000005,1946212.001183383
0.7240000000000005,1946094.813942961
0.7260000000000005,1945977.7909659462
0.7280000000000005,1945860.8368109374
0.7300000000000005,1945743.9504936254
0.7320000000000005,1945627.4669214375
0.7340000000000005,1945511.420335067
0.7360000000000005,1945395.5511431433
0.7380000000000005,1945279.7286956622
0.7400000000000005,1945163.8201307151
0.7420000000000005,1945047.5461230841
0.7440000000000005,1944930.8055430886
0.7460000000000006,1944813.6979028687
0.7480000000000006,1944696.2650905864
0.7500000000000006,1944578.5911852468
0.7520000000000006,1944460.7176557044
0.7540000000000006,1944342.6644618898
0.7560000000000006,1944224.426644806
0.7580000000000006,1944106.0718626967
0.7600000000000006,1943987.681846881
0.7620000000000006,1943869.190488152
0.7640000000000006,1943750.6071315638
0.7660000000000006,1943631.8801504672
0.7680000000000006,1943513.0738334856
0.7700000000000006,1943394.1126818685
0.7720000000000006,1943275.0022154613
0.7740000000000006,1943155.7371572556
0.7760000000000006,1943035.6808390073
0.7780000000000006,1942913.6998657777
0.7800000000000006,1942790.3174122206
0.7820000000000006,1942666.4092592264
0.7840000000000006,1942542.3591466835
0.7860000000000006,1942418.3106182325
0.7880000000000006,1942294.3496549765
0.7900000000000006,1942170.4473888308
0.7920000000000006,1942046.5300257117
0.7940000000000006,1941922.6517325935
0.7960000000000006,1941798.495853148
0.7980000000000006,1941673.9611599357
0.8000000000000006,1941549.1527470548
0.8020000000000006,1941424.1635738781
0.8040000000000006,1941299.002937146
0.8060000000000006,1941173.7730105564
0.8080000000000006,1941048.4209703228
0.8100000000000006,1940923.0132030016
0.8120000000000006,1940797.4786627297
0.8140000000000006,1940671.8278883682
0.8160000000000006,1940546.0610254756
0.8180000000000006,1940420.1255407832
0.8200000000000006,1940294.3372085274
0.8220000000000006,1940168.9013608338
0.8240000000000006,1940043.5595474928
0.8260000000000006,1939918.054984612
0.8280000000000006,1939792.3040444946
0.8300000000000006,1939666.592069111
0.8320000000000006,1939541.1601893054
0.8340000000000006,1939415.8731514064
0.8360000000000006,1939290.14112214
0.8380000000000006,1939163.8887433296
0.8400000000000006,1939037.1856714294
0.8420000000000006,1938910.1352013033
0.8440000000000006,1938782.907991608
0.8460000000000006,1938655.4940728394
0.8480000000000006,1938527.9842941605
0.8500000000000006,1938400.053564429
0.8520000000000006,1938271.666799184
0.8540000000000006,1938142.8710011025
0.8560000000000006,1938013.7876019937
0.8580000000000007,1937884.4455474734
0.8600000000000007,1937754.9596680843
0.8620000000000007,1937625.286241845
0.8640000000000007,1937493.8407782489
0.8660000000000007,1937360.7169104489
0.8680000000000007,1937226.3689921617
0.8700000000000007,1937091.3112400293
0.8720000000000007,1936955.8622473585
0.8740000000000007,1936820.192526205
0.8760000000000007,1936684.3348440833
0.8780000000000007,1936548.3950337917
0.8800000000000007,1936412.4807267773
0.8820000000000007,1936276.9713612876
0.8840000000000007,1936141.7439077687
0.8860000000000007,1936006.6391633097
0.8880000000000007,1935871.5371722463
0.8900000000000007,1935736.3156941414
0.8920000000000007,1935600.9141529074
0.8940000000000007,1935464.620421327
0.8960000000000007,1935327.5232688144
0.8980000000000007,1935189.8972726646
0.9000000000000007,1935051.9039670036
0.9020000000000007,1934913.6973314134
0.9040000000000007,1934775.037964368
0.9060000000000007,1934635.9651753139
0.9080000000000007,1934496.5715752677
0.9100000000000007,1934357.003830426
0.9120000000000007,1934217.3970313005
0.9140000000000007,1934077.7215217294
0.9160000000000007,1933938.0096806688
0.9180000000000007,1933798.2730101326
0.9200000000000007,1933658.5124279822
0.9220000000000007,1933518.8797824704
0.9240000000000007,1933379.6824726695
0.9260000000000007,1933240.8875998203
0.9280000000000007,1933102.3657925986
0.9300000000000007,1932963.9776297717
0.9320000000000007,1932826.0649957822
0.9340000000000007,1932688.559835663
0.9360000000000007,1932551.2683710898
0.9380000000000007,1932413.8265155747
0.9400000000000007,1932276.1543587225
0.9420000000000007,1932138.2298718556
0.9440000000000007,1932000.120362133
0.9460000000000007,1931861.8681191104
0.9480000000000007,1931723.4943584495
0.9500000000000007,1931585.0067571162
0.9520000000000007,1931444.3885301796
0.9540000000000007,1931301.001401073
0.9560000000000007,1931155.6165723593
0.9580000000000007,1931008.6703785905
0.9600000000000007,1930860.7620387326
0.9620000000000007,1930712.4109281849
0.9640000000000007,1930563.8118415384
0.9660000000000007,1930415.160714374
0.9680000000000007,1930266.450279848
0.9700000000000008,1930117.7663325272
0.9720000000000008,1929969.0477356992
0.9740000000000008,1929820.3566816908
0.9760000000000008,1929671.5474781701
0.9780000000000008,1929522.6311980947
0.9800000000000008,1929373.6298675817
0.9820000000000008,1929224.971630995
0.9840000000000008,1929076.7250922571
0.9860000000000008,1928928.7375305858
0.9880000000000008,1928780.825846533
0.9900000000000008,1928632.9726855266
0.9920000000000008,1928485.11075062
0.9940000000000008,1928337.1569462954
0.9960000000000008,1928189.1194071502
0.9980000000000008,1928041.0478777927
1.0000000000000007,1927892.8679086464
1.0020000000000007,1927744.5421299778
1.0040000000000007,1927596.1460018458
1.0060000000000007,1927447.6637358963
1.0080000000000007,1927299.0379244015
1.0100000000000007,1927150.0957023154
1.0120000000000007,1926999.357295754
1.0140000000000007,1926847.029386514
1.0160000000000007,1926693.6831177713
1.0180000000000007,1926539.7058001147
1.0200000000000007,1926385.3901550893
1.0220000000000007,1926230.9020148653
1.0240000000000007,1926076.8704220052
1.0260000000000007,1925923.2372403387
1.0280000000000007,1925769.8433175667
1.0300000000000007,1925616.553936818
1.0320000000000007,1925463.453255341
1.0340000000000007,1925310.828480118
1.0360000000000007,1925158.4836666076
1.0380000000000007,1925006.3307334757
1.0400000000000007,1924854.2394819919
1.0420000000000007,1924702.084784585
1.0440000000000007,1924549.1290888882
1.0460000000000007,1924394.2023504565
1.0480000000000007,1924237.5660058963
1.0500000000000007,1924079.8630343308
1.0520000000000007,1923921.5473523708
1.0540000000000007,1923762.9597351314
1.0560000000000007,1923604.2825101067
1.0580000000000007,1923445.601282846
1.0600000000000007,1923286.9966506928
1.0620000000000007,1923128.3905206895
1.0640000000000007,1922969.4147500258
1.0660000000000007,1922810.1245063953
1.0680000000000007,1922650.6348516645
1.0700000000000007,1922491.037841417
1.0720000000000007,1922330.5766117775
1.0740000000000007,1922168.724558383
1.0760000000000007,1922005.819771947
1.0780000000000007,1921842.2552414997
1.0800000000000007,1921678.406728087
1.0820000000000007,1921514.3881677114
1.0840000000000007,1921350.7558386521
1.0860000000000007,1921187.546715776
1.0880000000000007,1921024.6877134414
1.0900000000000007,1920862.0305910283
1.0920000000000007,1920699.4771180002
1.0940000000000007,1920536.9704946338
1.0960000000000008,1920374.4805110025
1.0980000000000008,1920211.9450453583
1.1000000000000008,1920049.4292149078
1.1020000000000008,1919886.9144484128
1.1040000000000008,1919724.3433743846
1.1060000000000008,1919561.7826917914
1.1080000000000008,1919399.2142755308
1.1100000000000008,1919236.5768242592
1.1120000000000008,1919073.7849174144
1.1140000000000008,1918910.8513915676
1.1160000000000008,1918747.4941466688
1.1180000000000008,1918583.653090917
1.1200000000000008,1918419.4675396031
1.1220000000000008,1918255.552799788
1.1240000000000008,1918092.0251984429
1.1260000000000008,1917928.7494863297
1.1280000000000008,1917765.5937654779
1.1300000000000008,1917602.4669865805
1.1320000000000008,1917439.2687615156
1.1340000000000008,1917275.132556512
1.1360000000000008,1917109.8652773602
1.1380000000000008,1916942.3076502825
1.1400000000000008,1916772.6121767235
1.1420000000000008,1916601.4417861227
1.1440000000000008,1916429.5174395014
1.1460000000000008,1916257.1876400583
1.1480000000000008,1916084.7417823195
1.1500000000000008,1915911.978164252
1.1520000000000008,1915739.0150033294
1.1540000000000008,1915565.9303821
1.1560000000000008,1915392.7429783894
1.1580000000000008,1915219.5668029273
1.1600000000000008,1915046.3632538242
1.1620000000000008,1914873.2108110336
1.1640000000000008,1914700.1464558463
1.1660000000000008,1914527.1565839164
1.1680000000000008,1914353.93280673
1.1700000000000008,1914180.3452550287
1.1720000000000008,1914006.546184602
1.1740000000000008,1913832.5692177818
1.1760000000000008,1913658.5010285033
1.1780000000000008,1913484.3905017145
1.1800000000000008,1913310.2614786616
1.1820000000000008,1913136.1236043405
1.1840000000000008,1912961.97934611
1.1860000000000008,1912787.9646276855
1.1880000000000008,1912614.3818043876
1.1900000000000008,1912441.2180495497
1.1920000000000008,1912268.369673355
1.1940000000000008,1912095.6484352846
1.1960000000000008,1911922.9950943985
1.1980000000000008,1911748.7907103626
1.2000000000000008,1911572.9988439914
1.2020000000000008,1911396.059488748
1.2040000000000008,1911218.5323836338
1.2060000000000008,1911040.6712089553
1.2080000000000009,1910862.7157368262
1.2100000000000009,1910684.6886175876
1.2120000000000009,1910506.691213209
1.2140000000000009,1910329.0625462628
1.2160000000000009,1910152.023700723
1.2180000000000009,1909975.4031686014
1.2200000000000009,1909798.7124360532
1.2220000000000009,1909621.8041240235
1.2240000000000009,1909444.662877438
1.2260000000000009,1909267.4256695686
1.2280000000000009,1909090.0841447064
1.2300000000000009,1908912.6877232152
1.2320000000000009,1908735.2634226317
1.2340000000000009,1908555.980158438
1.2360000000000009,1908375.028505843
1.2380000000000009,1908193.060567795
1.2400000000000009,1908011.02935542
1.2420000000000009,1907829.0413385339
1.2440000000000009,1907647.1211858182
1.2460000000000009,1907465.267239752
1.2480000000000009,1907283.4709235711
1.2500000000000009,1907101.4873295613
1.252000000000001,1906919.2715349575
1.254000000000001,1906736.9211378165
1.256000000000001,1906554.5144110483
1.258000000000001,1906372.0998970007
1.260000000000001,1906189.7029649206
1.262000000000001,1906006.08245742
1.264000000000001,1905820.7991102994
1.266000000000001,1905634.290738353
1.268000000000001,1905447.028441801
1.270000000000001,1905259.3469960312
1.272000000000001,1905071.114177743
1.274000000000001,1904882.4995382656
1.276000000000001,1904693.6708932521
1.278000000000001,1904504.7436301175
1.280000000000001,1904315.7379834417
1.282000000000001,1904126.7598897307
1.284000000000001,1903937.8106725137
1.286000000000001,1903748.8881539665
1.288000000000001,1903559.9894091142
1.290000000000001,1903371.1115977997
1.292000000000001,1903182.69474818
1.294000000000001,1902994.750956327
1.296000000000001,1902807.118822333
1.298000000000001,1902619.6662526105
1.300000000000001,1902432.308193563
1.302000000000001,1902244.9951641143
1.304000000000001,1902057.700403759
1.306000000000001,1901870.4104515584
1.308000000000001,1901683.165010745
1.310000000000001,1901496.327438404
1.312000000000001,1901310.0322424306
1.314000000000001,1901124.1205721076
1.316000000000001,1900938.4790453855
1.318000000000001,1900752.9702812745
1.320000000000001,1900567.4695110435
1.322000000000001,1900381.7785190642
1.324000000000001,1900195.6812094722
1.326000000000001,1900009.2749810785
1.328000000000001,1899820.9509260394
1.330000000000001,1899629.0267497238
1.332000000000001,1899434.2008853173
1.334000000000001,1899237.5180898947
1.336000000000001,1899039.8804424838
1.338000000000001,1898841.8309030733
1.340000000000001,1898643.7025326171
1.342000000000001,1898445.5586166845
1.344000000000001,1898247.871005427
1.346000000000001,1898050.5006959287
1.348000000000001,1897853.2792807964
1.350000000000001,1897656.1474140403
1.352000000000001,1897459.0897942476
1.354000000000001,1897262.1517247467
1.356000000000001,1897065.2633948743
1.358000000000001,1896868.4853191425
1.360000000000001,1896671.7523373829
1.362000000000001,1896475.1257670298
1.364000000000001,1896278.5862147983
1.366000000000001,1896082.0900415771
1.368000000000001,1895885.4925954607
1.370000000000001,1895688.8746840782
1.372000000000001,1895492.1629000984
1.374000000000001,1895295.0384786928
1.376000000000001,1895097.583752263
1.378000000000001,1894899.9313028278
1.380000000000001,1894702.1850549474
1.382000000000001,1894504.3634840923
1.384000000000001,1894306.572860668
1.386000000000001,1894108.8160001398
1.388000000000001,1893911.0917220481
1.390000000000001,1893713.3975480772
1.392000000000001,1893515.730847535
1.394000000000001,1893317.2633159747
1.396000000000001,1893117.1512243904
1.398000000000001,1892915.9501163478
1.400000000000001,1892714.207063636
1.402000000000001,1892512.162010753
1.404000000000001,1892310.4860340857
1.406000000000001,1892109.377328052
1.408000000000001,1891908.6965264159
1.410000000000001,1891708.2842494906
1.412000000000001,1891508.0701199297
1.414000000000001,1891307.911831604
1.416000000000001,1891107.8302793934
1.418000000000001,1890907.7420039168
1.420000000000001,1890707.6548039548
1.422000000000001,1890507.6194290142
1.424000000000001,1890307.2423836607
1.426000000000001,1890106.4899426603
1.428000000000001,1889903.6717299288
1.430000000000001,1889698.9615889292
1.432000000000001,1889493.028237153
1.434000000000001,1889286.5049243167
1.436000000000001,1889079.6848816352
1.438000000000001,1888872.8249734694
1.440000000000001,1888665.6951858571
1.442000000000001,1888458.3218807757
1.444000000000001,1888250.881227625
1.446000000000001,1888043.4391935614
1.448000000000001,1887836.036631925
1.450000000000001,1887629.100859071
1.452000000000001,1887422.6965049831
1.454000000000001,1887216.7246649081
1.456000000000001,1887010.987866415
1.458000000000001,1886805.461475499
1.460000000000001,1886600.0783733828
1.462000000000001,1886393.967674251
1.464000000000001,1886186.0799175715
1.466000000000001,1885976.6966670959
1.468000000000001,1885766.3669257627
1.470000000000001,1885555.5619354022
1.472000000000001,1885344.6128313504
1.474000000000001,1885133.3276327536
1.476000000000001,1884921.6595500135
1.478000000000001,1884709.757646418
1.480000000000001,1884497.7493830116
1.482000000000001,1884285.7173838862
1.484000000000001,1884073.707454076
1.486000000000001,1883861.7417944067
1.488000000000001,1883649.770215181
1.490000000000001,1883437.731835428
1.492000000000001,1883225.645944547
1.494000000000001,1883013.5455092008
1.496000000000001,1882801.7856434216
1.498000000000001,1882590.6545739577
1.500000000000001,1882380.0687622942
1.5020000000000011,1882169.9103571887
1.5040000000000011,1881960.4533298595
1.5060000000000011,1881751.5183478757
1.5080000000000011,1881542.9127794765
1.5100000000000011,1881334.4986390888
1.5120000000000011,1881126.2387019687
1.5140000000000011,1880918.0158400496
1.5160000000000011,1880709.864965195
1.5180000000000011,1880501.7105031412
1.5200000000000011,1880293.563488454
1.5220000000000011,1880085.4758220364
1.5240000000000011,1879877.0981470789
1.5260000000000011,1879666.8772639474
1.5280000000000011,1879454.5906270898
1.5300000000000011,1879240.6267369129
1.5320000000000011,1879023.980901145
1.5340000000000011,1878804.8616194576
1.5360000000000011,1878584.150073046
1.5380000000000011,1878362.6052011491
1.5400000000000011,1878140.7478849888
1.5420000000000011,1877918.7668166154
1.5440000000000011,1877696.84709618
1.5460000000000012,1877475.0245935812
1.5480000000000012,1877253.3080881773
1.5500000000000012,1877031.6952557499
1.5520000000000012,1876810.2267718678
1.5540000000000012,1876588.826711816
1.5560000000000012,1876367.7831487076
1.5580000000000012,1876147.2539708898
1.5600000000000012,1875927.193051384
1.5620000000000012,1875707.4478958014
1.5640000000000012,1875487.9076971542
1.5660000000000012,1875268.5049670988
1.5680000000000012,1875049.2485775931
1.5700000000000012,1874830.0488950694
1.5720000000000012,1874610.9553389864
1.5740000000000012,1874391.596041224
1.5760000000000012,1874171.8737279624
1.5780000000000012,1873951.9154042664
1.5800000000000012,1873731.7973969297
1.5820000000000012,1873511.6771286174
1.5840000000000012,1873291.592763266
1.5860000000000012,1873071.6131150555
1.5880000000000012,1872852.3296394919
1.5900000000000012,1872633.7222636226
1.5920000000000012,1872415.5773804537
1.5940000000000012,1872197.7653142791
1.5960000000000012,1871980.1018022017
1.5980000000000012,1871762.5809512215
1.6000000000000012,1871545.105845032
1.6020000000000012,1871326.4433937892
1.6040000000000012,1871105.8777449068
1.6060000000000012,1870883.8481582
1.6080000000000012,1870660.8191958421
1.6100000000000012,1870437.608126078
1.6120000000000012,1870214.5935218756
1.6140000000000012,1869991.8481223877
1.6160000000000012,1869769.2532620137
1.6180000000000012,1869546.71125349
1.6200000000000012,1869323.9703873289
1.6220000000000012,1869100.9974909108
1.6240000000000012,1868877.4920414148
1.6260000000000012,1868651.7646827854
1.6280000000000012,1868423.998686652
1.6300000000000012,1868194.9162902692
1.6320000000000012,1867965.1567965413
1.6340000000000012,1867735.122567037
1.6360000000000012,1867505.0343209065
1.6380000000000012,1867275.045423124
1.6400000000000012,1867045.176944945
1.6420000000000012,1866815.4322238339
1.6440000000000012,1866585.8084061632
1.6460000000000012,1866356.301091315
1.6480000000000012,1866126.95155251
1.6500000000000012,1865897.6841014435
1.6520000000000012,1865668.5517713055
1.6540000000000012,1865439.5323971051
1.6560000000000012,1865210.6135853722
1.6580000000000013,1864981.788502874
1.6600000000000013,1864753.0986639245
1.6620000000000013,1864524.470837471
1.6640000000000013,1864296.3457566681
1.6660000000000013,1864068.730680318
1.6680000000000013,1863841.5430129012
1.6700000000000013,1863614.6334852749
1.6720000000000013,1863387.763779879
1.6740000000000013,1863158.8725467261
1.6760000000000013,1862927.8524257697
1.6780000000000013,1862696.0301940187
1.6800000000000013,1862463.912815511
1.6820000000000013,1862231.851754495
1.6840000000000013,1861999.8471257163
1.6860000000000013,1861767.968931881
1.6880000000000013,1861536.1469390814
1.6900000000000013,1861304.4326711576
1.6920000000000013,1861072.8016345764
1.6940000000000013,1860841.2397697177
1.6960000000000013,1860609.7395244928
1.6980000000000013,1860378.2969378876
1.7000000000000013,1860146.9097605734
1.7020000000000013,1859915.5764954116
1.7040000000000013,1859684.342889549
1.7060000000000013,1859452.831601733
1.7080000000000013,1859221.0764738051
1.7100000000000013,1858989.1824599153
1.7120000000000013,1858757.2405284473
1.7140000000000013,1858525.3102256334
1.7160000000000013,1858293.4692612311
1.7180000000000013,1858062.0278867173
1.7200000000000013,1857831.0911595267
1.7220000000000013,1857600.1909611255
1.7240000000000013,1857368.94164199
1.7260000000000013,1857135.9518955636
1.7280000000000013,1856900.9957629528
1.7300000000000013,1856664.6691883989
1.7320000000000013,1856427.551179117
1.7340000000000013,1856190.1329500237
1.7360000000000013,1855952.644679304
1.7380000000000013,1855715.2033566113
1.7400000000000013,1855477.9067768636
1.7420000000000013,1855240.7043281621
1.7440000000000013,1855003.6583295134
1.7460000000000013,1854765.628604659
1.7480000000000013,1854525.8330551435
1.7500000000000013,1854284.6794533527
1.7520000000000013,1854042.6862894716
1.7540000000000013,1853800.2898049469
1.7560000000000013,1853557.7967808088
1.7580000000000013,1853315.3208456666
1.7600000000000013,1853072.8692976923
1.7620000000000013,1852830.5783710459
1.7640000000000013,1852588.3717097286
1.7660000000000013,1852346.816909905
1.7680000000000013,1852106.0159449345
1.7700000000000014,1851865.6771775854
1.7720000000000014,1851625.6299782807
1.7740000000000014,1851385.864113299
1.7760000000000014,1851146.3173164257
1.7780000000000014,1850906.9322640018
1.7800000000000014,1850667.6694331993
1.7820000000000014,1850428.5491542246
1.7840000000000014,1850189.4867887413
1.7860000000000014,1849950.531747133
1.7880000000000014,1849711.6164772175
1.7900000000000014,1849472.6262816852
1.7920000000000014,1849233.3417232155
1.7940000000000014,1848993.909428353
1.7960000000000014,1848754.4500266733
1.7980000000000014,1848515.1739004464
1.8000000000000014,1848276.0119018976
1.8020000000000014,1848036.9571565124
1.8040000000000014,1847798.0428380219
1.8060000000000014,1847559.1888867856
1.8080000000000014,1847320.4456718937
1.8100000000000014,1847081.790826944
1.8120000000000014,1846843.2123609981
1.8140000000000014,1846604.7031065426
1.8160000000000014,1846366.2580691155
1.8180000000000014,1846127.8739633716
1.8200000000000014,1845887.6916727475
1.8220000000000014,1845645.2101110918
1.8240000000000014,1845401.1177646548
1.8260000000000014,1845156.0124341187
1.8280000000000014,1844908.9363013513
1.8300000000000014,1844660.3441591077
1.8320000000000014,1844410.8692082055
1.8340000000000014,1844160.9570673527
1.8360000000000014,1843910.799833319
1.8380000000000014,1843660.5143910868
1.8400000000000014,1843410.2758757619
1.8420000000000014,1843160.176177705
1.8440000000000014,1842910.1674584919
1.8460000000000014,1842660.3144227688
1.8480000000000014,1842410.5539335583
1.8500000000000014,1842160.943890588
1.8520000000000014,1841911.4648202267
1.8540000000000014,1841662.1504230467
1.8560000000000014,1841412.924431444
1.8580000000000014,1841163.7948492428
1.8600000000000014,1840915.4637130583
1.8620000000000014,1840667.9211337497
1.8640000000000014,1840420.9366655848
1.8660000000000014,1840174.3141664315
1.8680000000000014,1839927.726465572
1.8700000000000014,1839680.8574524994
1.8720000000000014,1839433.7222779791
1.8740000000000014,1839186.0784695393
1.8760000000000014,1838938.0919797518
1.8780000000000014,1838689.982441501
1.8800000000000014,1838442.0177521312
1.8820000000000014,1838194.5223864377
1.8840000000000015,1837947.4446398513
1.8860000000000015,1837700.7191213588
1.8880000000000015,1837454.2733018908
1.8900000000000015,1837207.9636669825
1.8920000000000015,1836961.760894375
1.8940000000000015,1836714.9256128857
1.8960000000000015,1836466.301577
1.8980000000000015,1836216.1935569781
1.9000000000000015,1835965.076876281
1.9020000000000015,1835713.486810109
1.9040000000000015,1835461.6569499555
1.9060000000000015,1835209.809065864
1.9080000000000015,1834958.005536289
1.9100000000000015,1834706.315679045
1.9120000000000015,1834454.6761106236
1.9140000000000015,1834203.0979764697
1.9160000000000015,1833951.5062451968
1.9180000000000015,1833699.580146551
1.9200000000000015,1833447.2655763754
1.9220000000000015,1833194.7728127884
1.9240000000000015,1832942.1596648446
1.9260000000000015,1832689.5625391896
1.9280000000000015,1832436.7795384775
1.9300000000000015,1832181.9332847067
1.9320000000000015,1831925.6820843492
1.9340000000000015,1831668.3615464151
1.9360000000000015,1831410.8984172991
1.9380000000000015,1831153.634984301
1.9400000000000015,1830896.6611925622
1.9420000000000015,1830639.929227526
1.9440000000000015,1830383.393056326
1.9460000000000015,1830126.9176858973
1.9480000000000015,1829871.1417116448
1.9500000000000015,1829616.0996170999
1.9520000000000015,1829361.6401097083
1.9540000000000015,1829107.3738558982
1.9560000000000015,1828853.0394995357
1.9580000000000015,1828598.583077166
1.9600000000000015,1828344.1315814846
1.9620000000000015,1828089.685373431
1.9640000000000015,1827835.3154930237
1.9660000000000015,1827580.6030761553
1.9680000000000015,1827325.554266059
1.9700000000000015,1827069.3325294207
1.9720000000000015,1826811.2594743548
1.9740000000000015,1826551.717735952
1.9760000000000015,1826291.2715036324
1.9780000000000015,1826030.4317116258
1.9800000000000015,1825769.4539828065
1.9820000000000015,1825508.4746042232
1.9840000000000015,1825247.5581828235
1.9860000000000015,1824986.7762552756
1.9880000000000015,1824726.0681592394
1.9900000000000015,1824465.8649595466
1.9920000000000015,1824206.2102706817
1.9940000000000015,1823946.9570976428
1.9960000000000016,1823687.9748088731
1.9980000000000016,1823429.1751240015
2.0000000000000013,1823170.5512562648
2.002000000000001,1822912.0068019028
2.004000000000001,1822653.5842577356
2.0060000000000007,1822395.2133317727
2.0080000000000005,1822136.94965808
2.0100000000000002,1821878.7748078383
2.012,1821620.6788627624
2.014,1821362.235800319
2.0159999999999996,1821103.3986698599
2.0179999999999993,1820844.314518565
2.019999999999999,1820585.1143908738
2.021999999999999,1820325.8862100584
2.0239999999999987,1820066.680562271
2.0259999999999985,1819807.568116476
2.0279999999999982,1819548.4914685523
2.029999999999998,1819289.4664405754
2.031999999999998,1819029.1736330523
2.0339999999999976,1818767.0949876672
2.0359999999999974,1818504.0354730408
2.037999999999997,1818240.5375090193
2.039999999999997,1817976.9595850247
2.0419999999999967,1817713.3939032254
2.0439999999999965,1817450.27204045
2.0459999999999963,1817187.3494752815
2.047999999999996,1816923.1062850214
2.049999999999996,1816657.5785239106
2.0519999999999956,1816391.193513883
2.0539999999999954,1816124.304847519
2.055999999999995,1815857.1554864093
2.057999999999995,1815589.9227357362
2.0599999999999947,1815322.7153293558
2.0619999999999945,1815055.1667042342
2.0639999999999943,1814787.3011692916
2.065999999999994,1814519.2542503057
2.067999999999994,1814251.1040089019
2.0699999999999936,1813983.0019197678
2.0719999999999934,1813714.9838109573
2.073999999999993,1813447.1115504836
2.075999999999993,1813179.323021684
2.0779999999999927,1812911.6760159938
2.0799999999999925,1812644.1076962217
2.0819999999999923,1812376.6760232446
2.083999999999992,1812109.363353616
2.085999999999992,1811842.159477921
2.0879999999999916,1811575.103401519
2.0899999999999914,1811308.123050776
2.091999999999991,1811041.2278015357
2.093999999999991,1810774.467299609
2.0959999999999908,1810507.8192498307
2.0979999999999905,1810241.3252749676
2.0999999999999903,1809975.351347051
2.10199999999999,1809709.885878762
2.10399999999999,1809444.8222881637
2.1059999999999897,1809179.97084755
2.1079999999999894,1808915.2650854879
2.109999999999989,1808650.2919505269
2.111999999999989,1808384.796410784
2.1139999999999888,1808118.6788595163
2.1159999999999886,1807852.14560671
2.1179999999999883,1807585.39909606
2.119999999999988,1807318.787500818
2.121999999999988,1807052.8890638864
2.1239999999999877,1806786.9295368898
2.1259999999999875,1806519.714908699
2.1279999999999872,1806251.2602289922
2.129999999999987,1805982.0684174367
2.131999999999987,1805712.44260399
2.1339999999999866,1805442.6338482455
2.1359999999999864,1805171.127784539
2.137999999999986,1804897.760641257
2.139999999999986,1804623.1705493254
2.1419999999999857,1804347.9268461787
2.1439999999999855,1804072.4129977666
2.1459999999999853,1803796.8507037759
2.147999999999985,1803521.3537402323
2.149999999999985,1803246.0182359412
2.1519999999999846,1802970.839941558
2.1539999999999844,1802696.1474868723
2.155999999999984,1802422.034093937
2.157999999999984,1802147.908627419
2.1599999999999837,1801873.5726226906
2.1619999999999835,1801599.0805531929
2.1639999999999833,1801324.4600687567
2.165999999999983,1801049.8123579873
2.167999999999983,1800775.2052778292
2.1699999999999826,1800500.7222291129
2.1719999999999824,1800226.3597821044
2.173999999999982,1799952.070767543
2.175999999999982,1799677.9213758693
2.1779999999999817,1799403.9428652765
2.1799999999999815,1799130.058501451
2.1819999999999813,1798856.3190641114
2.183999999999981,1798582.6595416924
2.185999999999981,1798309.1368956785
2.1879999999999806,1798035.7326754679
2.1899999999999804,1797762.1247638203
2.19199999999998,1797488.280783789
2.19399999999998,1797214.2489965206
2.1959999999999797,1796940.1955834534
2.1979999999999795,1796666.179245619
2.1999999999999793,1796392.1907705248
2.201999999999979,1796118.0283558897
2.203999999999979,1795842.1163967028
2.2059999999999786,1795564.5967719096
2.2079999999999784,1795286.5795189743
2.209999999999978,1795008.747251002
2.211999999999978,1794731.2747108485
2.2139999999999778,1794454.1522446875
2.2159999999999775,1794177.279762923
2.2179999999999773,1793900.5836841369
2.219999999999977,1793624.0178240614
2.221999999999977,1793347.5563740176
2.2239999999999767,1793071.186045604
2.2259999999999764,1792794.9003923547
2.227999999999976,1792518.6963406529
2.229999999999976,1792242.6167737055
2.231999999999976,1791966.5925739163
2.2339999999999756,1791690.6786372978
2.2359999999999753,1791414.8570848396
2.237999999999975,1791139.1181394549
2.239999999999975,1790862.2203481405
2.2419999999999747,1790583.4582997805
2.2439999999999745,1790303.2811104185
2.2459999999999742,1790022.2860602117
2.247999999999974,1789740.910630483
2.249999999999974,1789459.4213927097
2.2519999999999736,1789177.8552148524
2.2539999999999734,1788895.9050882037
2.255999999999973,1788613.6195324853
2.257999999999973,1788331.2144135933
2.2599999999999727,1788048.7970030124
2.2619999999999725,1787766.4409713692
2.2639999999999723,1787484.5902026342
2.265999999999972,1787202.8371680886
2.267999999999972,1786921.0124645033
2.2699999999999716,1786639.1989653765
2.2719999999999714,1786357.3876608373
2.273999999999971,1786075.6807141765
2.275999999999971,1785794.0900532121
2.2779999999999707,1785512.6206648874
2.2799999999999705,1785231.3179494168
2.2819999999999703,1784949.1803392821
2.28399999999997,1784665.687134349
2.28599999999997,1784381.1304611317
2.2879999999999696,1784095.9083260035
2.2899999999999694,1783810.3745691304
2.291999999999969,1783524.7902182282
2.293999999999969,1783239.538501023
2.2959999999999687,1782954.9181701003
2.2979999999999685,1782670.8771075138
2.2999999999999683,1782386.9611425395
2.301999999999968,1782102.8164340109
2.303999999999968,1781818.4689504288
2.3059999999999676,1781534.0139220748
2.3079999999999674,1781249.579837729
2.309999999999967,1780965.1551106016
2.311999999999967,1780680.7830270163
2.3139999999999668,1780396.5304678162
2.3159999999999665,1780112.339843741
2.3179999999999663,1779828.5318340312
2.319999999999966,1779545.2213389056
2.321999999999966,1779262.3628585204
2.3239999999999656,1778979.8594655422
2.3259999999999654,1778697.6281686139
2.327999999999965,1778415.7973864963
2.329999999999965,1778134.219548362
2.3319999999999648,1777852.8720215652
2.3339999999999645,1777571.6827646224
2.3359999999999643,1777290.564346418
2.337999999999964,1777009.5604038509
2.339999999999964,1776728.439739108
2.3419999999999637,1776446.9782855737
2.3439999999999634,1776165.2857077827
2.3459999999999632,1775881.5197398139
2.347999999999963,1775595.4143274934
2.349999999999963,1775307.570550496
2.3519999999999626,1775018.6772167622
2.3539999999999623,1774729.3341091576
2.355999999999962,1774439.8541219502
2.357999999999962,1774150.449282129
2.3599999999999617,1773861.1320035604
2.3619999999999615,1773570.9292469213
2.3639999999999612,1773279.1972089775
2.365999999999961,1772986.2937430798
2.367999999999961,1772692.6400297817
2.3699999999999606,1772398.5863486351
2.3719999999999604,1772104.488363715
2.37399999999996,1771810.8378888085
2.37599999999996,1771517.6275179496
2.3779999999999597,1771224.8079470033
2.3799999999999595,1770932.2661417343
2.3819999999999593,1770639.9264919285
2.383999999999959,1770347.744681073
2.385999999999959,1770055.696915394
2.3879999999999586,1769764.149430709
2.3899999999999584,1769473.472756107
2.391999999999958,1769183.566956311
2.393999999999958,1768894.171956071
2.3959999999999577,1768604.613261334
2.3979999999999575,1768314.8344862894
2.3999999999999573,1768024.9145982128
2.401999999999957,1767734.9008527726
2.403999999999957,1767444.928529238
2.4059999999999566,1767155.0282335067
2.4079999999999564,1766865.2156947956
2.409999999999956,1766575.5419581071
2.411999999999956,1766285.941782846
2.4139999999999557,1765996.11593802
2.4159999999999555,1765705.9573760675
2.4179999999999553,1765415.654410042
2.419999999999955,1765125.308231711
2.421999999999955,1764834.9888773784
2.4239999999999546,1764544.7804408714
2.4259999999999544,1764254.635427092
2.427999999999954,1763965.0155526823
2.429999999999954,1763675.8972203622
2.4319999999999538,1763387.2004225464
2.4339999999999535,1763098.7868324446
2.4359999999999533,1762810.564316919
2.437999999999953,1762522.5235264353
2.439999999999953,1762234.5691420846
2.4419999999999527,1761945.9135706446
2.4439999999999524,1761655.1840855728
2.445999999999952,1761362.6184730954
2.447999999999952,1761068.9013548698
2.4499999999999518,1760774.571648615
2.4519999999999516,1760477.9119572432
2.4539999999999513,1760179.245058119
2.455999999999951,1759879.3256791038
2.457999999999951,1759578.716348715
2.4599999999999507,1759277.8756951145
2.4619999999999505,1758977.013320635
2.4639999999999502,1758676.2775430786
2.46599999999995,1758375.646702027
2.46799999999995,1758075.1588914827
2.4699999999999496,1757774.7443563293
2.4719999999999493,1757474.4510712314
2.473999999999949,1757175.0275040122
2.475999999999949,1756876.5036029108
2.4779999999999487,1756578.6206578827
2.4799999999999485,1756281.2044903531
2.4819999999999482,1755984.3047665593
2.483999999999948,1755688.0600667803
2.485999999999948,1755391.9987446503
2.4879999999999476,1755095.8686054954
2.4899999999999474,1754799.212147179
2.491999999999947,1754502.0475237865
2.493999999999947,1754204.585105121
2.4959999999999467,1753907.003266228
2.4979999999999465,1753609.4638592356
2.4999999999999463,1753311.967619588
2.501999999999946,1753014.6040909565
2.503999999999946,1752717.3721023744
2.5059999999999456,1752420.2680965841
2.5079999999999454,1752123.2875652045
2.509999999999945,1751826.4697173953
2.511999999999945,1751529.743613559
2.5139999999999447,1751233.1610113434
2.5159999999999445,1750936.7030899774
2.5179999999999443,1750640.3592177026
2.519999999999944,1750344.1235950997
2.521999999999944,1750047.9930032347
2.5239999999999436,1749750.7704461508
2.5259999999999434,1749452.005248736
2.527999999999943,1749152.137075936
2.529999999999943,1748851.5843093516
2.5319999999999427,1748550.7487939603
2.5339999999999425,1748249.7800528337
2.5359999999999423,1747948.8332517233
2.537999999999942,1747647.8747262459
2.539999999999942,1747346.923101774
2.5419999999999416,1747045.9613806147
2.5439999999999414,1746745.0775725152
2.545999999999941,1746444.2742916825
2.547999999999941,1746143.5523044516
2.5499999999999408,1745842.9114246864
2.5519999999999405,1745542.3950048005
2.5539999999999403,1745241.9354735054
2.55599999999994,1744941.4917658365
2.55799999999994,1744640.299694887
2.5599999999999397,1744337.5747452565
2.5619999999999394,1744033.6431122501
2.563999999999939,1743729.01052978
2.565999999999939,1743424.0613173535
2.5679999999999388,1743118.9637927131
2.5699999999999386,1742813.8361290747
2.5719999999999383,1742508.7633614277
2.573999999999938,1742203.840378955
2.575999999999938,1741899.070849086
2.5779999999999377,1741594.4541607583
2.5799999999999375,1741289.9880196452
2.5819999999999372,1740985.669703875
2.583999999999937,1740681.0222347493
2.585999999999937,1740376.042086777
2.5879999999999366,1740070.819693927
2.5899999999999364,1739765.649546931
2.591999999999936,1739460.9325223065
2.593999999999936,1739156.7037309806
2.5959999999999357,1738852.8458038773
2.5979999999999355,1738549.2994790487
2.5999999999999353,1738245.9279829736
2.601999999999935,1737942.7440479295
2.603999999999935,1737639.7088216725
2.6059999999999346,1737335.2617384044
2.6079999999999344,1737029.3671358558
2.609999999999934,1736722.462648942
2.611999999999934,1736415.0088268768
2.6139999999999337,1736107.3178674632
2.6159999999999335,1735799.6160463358
2.6179999999999333,1735491.9754127683
2.619999999999933,1735184.4264397724
2.621999999999933,1734876.9786816568
2.6239999999999326,1734569.6329747036
2.6259999999999324,1734262.3649133055
2.627999999999932,1733954.7827255027
2.629999999999932,1733646.6494027977
2.6319999999999317,1733337.7919531688
2.6339999999999315,1733028.446758283
2.6359999999999313,1732718.8483011595
2.637999999999931,1732409.2067320559
2.639999999999931,1732099.8581712004
2.6419999999999306,1731791.4267696443
2.6439999999999304,1731483.8345811
2.64599999999993,1731177.296864947
2.64799999999993,1730871.5305086144
2.6499999999999297,1730566.3084150606
2.6519999999999295,1730261.3738582325
2.6539999999999293,1729956.6668142395
2.655999999999929,1729652.1095912184
2.657999999999929,1729347.6197807253
2.6599999999999286,1729043.2466180732
2.6619999999999284,1728738.972775292
2.663999999999928,1728434.77194385
2.665999999999928,1728128.7709220545
2.6679999999999278,1727820.763206707
2.6699999999999275,1727511.3375627669
2.6719999999999273,1727201.0837061722
2.673999999999927,1726890.5090761995
2.675999999999927,1726579.8268092931
2.6779999999999267,1726268.6878794907
2.6799999999999264,1725957.1498493752
2.681999999999926,1725645.4064073213
2.683999999999926,1725333.6537421613
2.685999999999926,1725021.9220240752
2.6879999999999256,1724708.7418100983
2.6899999999999253,1724394.169409449
2.691999999999925,1724078.655746043
2.693999999999925,1723762.6505211603
2.6959999999999247,1723446.2600936787
2.6979999999999245,1723129.5641748179
2.6999999999999242,1722812.9919894636
2.701999999999924,1722496.7069354053
2.703999999999924,1722180.6871145344
2.7059999999999236,1721864.931745946
2.7079999999999234,1721549.380075532
2.709999999999923,1721233.9942235192
2.711999999999923,1720918.7527196836
2.7139999999999227,1720603.6441463141
2.7159999999999225,1720288.7836569748
2.7179999999999223,1719974.3542598998
2.719999999999922,1719660.294656497
2.721999999999922,1719346.5163085742
2.7239999999999216,1719032.5302411763
2.7259999999999214,1718718.3619446452
2.727999999999921,1718404.4865443667
2.729999999999921,1718091.000981745
2.7319999999999207,1717777.8280872344
2.7339999999999205,1717464.8871655012
2.7359999999999203,1717152.1628911037
2.73799999999992,1716839.5525647767
2.73999999999992,1716527.0897961673
2.7419999999999196,1716214.7478299413
2.7439999999999194,1715902.4691774114
2.745999999999919,1715590.3131680605
2.747999999999919,1715278.3099417693
2.7499999999999187,1714966.3856012353
2.7519999999999185,1714654.73784142
2.7539999999999183,1714343.6147433023
2.755999999999918,1714032.936833687
2.757999999999918,1713722.6230915315
2.7599999999999176,1713412.5050679536
2.7619999999999174,1713102.4667277546
2.763999999999917,1712792.2587415027
2.765999999999917,1712481.6559479118
2.7679999999999167,1712170.7172289873
2.7699999999999165,1711858.1386688182
2.7719999999999163,1711543.7469593065
2.773999999999916,1711226.4308745814
2.775999999999916,1710906.2724437318
2.7779999999999156,1710584.263282289
2.7799999999999154,1710261.2058126668
2.781999999999915,1709937.730521766
2.783999999999915,1709614.1524666399
2.7859999999999148,1709290.6325053887
2.7879999999999145,1708967.2865964181
2.7899999999999143,1708644.1193555146
2.791999999999914,1708321.1684765487
2.793999999999914,1707998.3602213573
2.7959999999999137,1707675.7415163266
2.7979999999999134,1707353.2908207527
2.7999999999999132,1707030.9952296752
2.801999999999913,1706708.8471572474
2.803999999999913,1706386.8855113687
2.8059999999999126,1706065.315220107
2.8079999999999123,1705744.3410577383
2.809999999999912,1705423.8417026466
2.811999999999912,1705103.7282372937
2.8139999999999117,1704783.8364398165
2.8159999999999115,1704463.9817701913
2.8179999999999112,1704143.7504067458
2.819999999999911,1703823.1922924926
2.821999999999911,1703502.4035253648
2.8239999999999106,1703181.8703093212
2.8259999999999104,1702862.2332209009
2.82799999999991,1702543.422007133
2.82999999999991,1702225.2363208586
2.8319999999999097,1701907.0133883695
2.8339999999999095,1701588.581334413
2.8359999999999093,1701270.053488979
2.837999999999909,1700951.456903228
2.839999999999909,1700632.9175551203
2.8419999999999086,1700314.4651595186
2.8439999999999084,1699996.1161308812
2.845999999999908,1699677.8782335853
2.847999999999908,1699359.7542731783
2.8499999999999077,1699041.7880275778
2.8519999999999075,1698722.508328097
2.8539999999999073,1698401.7482679484
2.855999999999907,1698079.9663627387
2.857999999999907,1697757.6892382216
2.8599999999999066,1697435.553534148
2.8619999999999064,1697113.7127162658
2.863999999999906,1696791.5919123455
2.865999999999906,1696469.183625332
2.8679999999999057,1696146.593330184
2.8699999999999055,1695823.9272640683
2.8719999999999053,1695501.2614985183
2.873999999999905,1695178.642218632
2.875999999999905,1694856.0941673378
2.8779999999999046,1694533.629038414
2.8799999999999044,1694211.2950048945
2.881999999999904,1693888.2635882432
2.883999999999904,1693563.1718125083
2.8859999999999038,1693236.325443533
2.8879999999999035,1692908.3970096856
2.8899999999999033,1692579.9233464417
2.891999999999903,1692251.2948653302
2.893999999999903,1691922.6421218927
2.8959999999999027,1691594.1172476548
2.8979999999999024,1691265.3642101095
2.899999999999902,1690936.3597418964
2.901999999999902,1690607.1738995966
2.9039999999999018,1690277.989979945
2.9059999999999016,1689948.9161779901
2.9079999999999013,1689620.850482567
2.909999999999901,1689293.2687191793
2.911999999999901,1688966.213631557
2.9139999999999007,1688639.7318065402
2.9159999999999004,1688313.6486456993
2.9179999999999002,1687987.946056435
2.9199999999999,1687662.4647416936
2.9219999999999,1687337.1596919294
2.9239999999998996,1687012.0509943655
2.9259999999998993,1686687.0618241339
2.927999999999899,1686362.2401430763
2.929999999999899,1686037.5672563792
2.9319999999998987,1685713.0760479425
2.9339999999998985,1685387.1978252982
2.9359999999998982,1685060.0012155115
2.937999999999898,1684731.84616478
2.939999999999898,1684403.2208141654
2.9419999999998976,1684074.4008396203
2.9439999999998974,1683745.5724309355
2.945999999999897,1683416.6993185158
2.947999999999897,1683087.835678417
2.9499999999998967,1682759.0664819942
2.9519999999998965,1682430.3526154847
2.9539999999998963,1682101.7616925398
2.955999999999896,1681772.7621448152
2.957999999999896,1681443.2976727264
2.9599999999998956,1681113.5344554074
2.9619999999998954,1680783.5189678401
2.963999999999895,1680453.3416755022
2.965999999999895,1680123.200877243
2.9679999999998947,1679793.1731779173
2.9699999999998945,1679463.3231853463
2.9719999999998943,1679133.585440654
2.973999999999894,1678804.0068396807
2.975999999999894,1678474.56509235
2.9779999999998936,1678145.2464855253
2.9799999999998934,1677816.0866872042
2.981999999999893,1677487.0163341162
2.983999999999893,1677158.0864880905
2.9859999999998927,1676829.23680502
2.9879999999998925,1676500.5230022853
2.9899999999998923,1676172.7962558672
2.991999999999892,1675844.5372072991
2.993999999999892,1675514.9011193016
2.9959999999998916,1675184.07932849
2.9979999999998914,1674852.5573416308
2.999999999999891,1674520.7200441451
3.001999999999891,1674188.3547489839
3.0039999999998908,1673855.4974681656
3.0059999999998905,1673522.4132349268
3.0079999999998903,1673189.2248142182
3.00999999999989,1672856.1101284784
3.01199999999989,1672523.124632717
3.0139999999998897,1672189.848470143
3.0159999999998894,1671855.685916967
3.017999999999889,1671520.8296029137
3.019999999999889,1671185.5256772668
3.0219999999998888,1670850.0298806077
3.0239999999998886,1670514.549610287
3.0259999999998883,1670179.0738061424
3.027999999999888,1669843.2580999897
3.029999999999888,1669507.127668987
3.0319999999998877,1669170.8446251694
3.0339999999998875,1668834.481855007
3.0359999999998872,1668498.1129565209
3.037999999999887,1668161.8459471317
3.039999999999887,1667825.6592134947
3.0419999999998866,1667489.6292349938
3.0439999999998864,1667153.7501136397
3.045999999999886,1666818.0592138276
3.047999999999886,1666481.9166249332
3.0499999999998857,1666145.3542421134
3.0519999999998855,1665808.536443674
3.0539999999998853,1665471.5744452293
3.055999999999885,1665134.6411482147
3.057999999999885,1664797.8344628473
3.0599999999998846,1664461.1175116373
3.0619999999998844,1664124.5558833608
3.063999999999884,1663788.0952897086
3.065999999999884,1663452.0270376918
3.0679999999998837,1663116.5418736378
3.0699999999998835,1662781.8915951916
3.0719999999998833,1662448.503033277
3.073999999999883,1662116.1719809193
3.075999999999883,1661784.5991100895
3.0779999999998826,1661453.5000081768
3.0799999999998824,1661122.6959068298
3.081999999999882,1660792.0876537156
3.083999999999882,1660461.6690769948
3.0859999999998817,1660131.3537876583
3.0879999999998815,1659801.187034272
3.0899999999998813,1659470.8096713524
3.091999999999881,1659140.0909625604
3.093999999999881,1658808.15275716
3.0959999999998806,1658474.076200013
3.0979999999998804,1658138.2028021787
3.09999999999988,1657801.234115248
3.10199999999988,1657461.9494361714
3.1039999999998797,1657120.3216073296
3.1059999999998795,1656777.052622789
3.1079999999998793,1656432.954747111
3.109999999999879,1656088.5332694266
3.111999999999879,1655744.0866802845
3.1139999999998786,1655399.8141583507
3.1159999999998784,1655055.9985070599
3.117999999999878,1654712.906047842
3.119999999999878,1654370.3644406642
3.1219999999998778,1654028.262830788
3.1239999999998775,1653686.4834163608
3.1259999999998773,1653344.9601657642
3.127999999999877,1653003.6591175415
3.129999999999877,1652662.6071649233
3.1319999999998767,1652322.0164992185
3.1339999999998764,1651982.026821732
3.135999999999876,1651642.5194775593
3.137999999999876,1651303.241616123
3.139999999999876,1650963.699701413
3.1419999999998756,1650623.8606749715
3.1439999999998753,1650283.870604483
3.145999999999875,1649943.9058949654
3.147999999999875,1649603.994693386
3.1499999999998747,1649264.2455520122
3.1519999999998745,1648924.4553408062
3.1539999999998742,1648584.331003726
3.155999999999874,1648244.0341070793
3.157999999999874,1647903.6562911256
3.1599999999998736,1647563.373221078
3.1619999999998734,1647223.248762012
3.163999999999873,1646883.6272184355
3.165999999999873,1646545.2870388664
3.1679999999998727,1646208.1029023365
3.1699999999998725,1645871.799100067
3.1719999999998723,1645535.872214621
3.173999999999872,1645198.8493403972
3.175999999999872,1644860.752576916
3.1779999999998716,1644521.9278830031
3.1799999999998714,1644182.7585146786
3.181999999999871,1643843.5536322
3.183999999999871,1643504.0798943914
3.1859999999998707,1643164.2198602792
3.1879999999998705,1642824.1179273021
3.1899999999998703,1642484.1662834145
3.19199999999987,1642144.6734737835
3.19399999999987,1641805.6904801396
3.1959999999998696,1641467.1424437386
3.1979999999998694,1641128.9650309721
3.199999999999869,1640791.2041694978
3.201999999999869,1640453.686072705
3.2039999999998687,1640116.4466375026
3.2059999999998685,1639779.4897687866
3.2079999999998683,1639442.8356798817
3.209999999999868,1639106.5945328607
3.211999999999868,1638769.3941536217
3.2139999999998676,1638430.4501010317
3.2159999999998674,1638090.2348705446
3.217999999999867,1637749.5045850992
3.219999999999867,1637408.8415732419
3.2219999999998667,1637068.6205506404
3.2239999999998665,1636729.0594701904
3.2259999999998663,1636390.3229472772
3.227999999999866,1636052.5045442525
3.229999999999866,1635715.0597823532
3.2319999999998656,1635377.975767536
3.2339999999998654,1635041.5288490457
3.235999999999865,1634705.9887266106
3.237999999999865,1634371.5879660149
3.2399999999998648,1634038.536139638
3.2419999999998645,1633707.1027097043
3.2439999999998643,1633377.6376347158
3.245999999999864,1633048.7769248195
3.247999999999864,1632721.1720296536
3.2499999999998637,1632396.4914110093
3.2519999999998634,1632078.2818288095
3.2539999999998632,1430961.8468076023
3.255999999999863,1223275.3740688565
3.257999999999863,1059681.3557009362
3.2599999999998626,944464.4993100725
3.2619999999998623,868460.9995295664
3.263999999999862,820527.0581886938
3.265999999999862,791253.2532652086
3.2679999999998617,773747.2037788751
3.2699999999998615,763362.4312390095
3.2719999999998612,757140.0316649817
3.273999999999861,753277.9997011317
3.275999999999861,750717.4373057106
3.2779999999998606,748854.701042418
3.2799999999998604,747355.5047159386
3.28199999999986,746039.9478776506
3.28399999999986,744813.9670487936
3.2859999999998597,743630.0268102535
3.2879999999998595,742464.6286137888
3.2899999999998593,741306.5691832316
3.291999999999859,740151.2733740334
3.293999999999859,738997.61079297
3.2959999999998586,737845.7827668694
3.2979999999998584,736695.7785608986
3.299999999999858,735547.5754315628
3.301999999999858,734400.7378483961
3.3039999999998577,733254.8640076845
3.3059999999998575,732110.0203847935
3.3079999999998573,730966.4005978085
3.309999999999857,729824.169544241
3.311999999999857,728683.4988083896
3.3139999999998566,727544.4483237241
3.3159999999998564,726407.1996929892
3.317999999999856,725271.8092317401
3.319999999999856,724138.2370371451
3.3219999999998557,723006.4983341058
3.3239999999998555,721876.5955607869
3.3259999999998553,720748.47472251
3.327999999999855,719622.1008064257
3.329999999999855,718496.9438084675
3.3319999999998546,717372.6552979295
3.3339999999998544,716249.3293536622
3.335999999999854,715127.2255789189
3.337999999999854,714007.0904335126
3.3399999999998538,712889.4081883299
3.3419999999998535,711774.1866135292
3.3439999999998533,710660.7990393447
3.345999999999853,709548.7137491716
3.347999999999853,708437.7947116536
3.3499999999998527,707328.2085830703
3.3519999999998524,706219.99829931
3.353999999999852,705113.3460447685
3.355999999999852,704008.2226803734
3.3579999999998518,702904.3863951581
3.3599999999998515,701801.4898794813
3.3619999999998513,700700.4299767875
3.363999999999851,699601.4394410525
3.365999999999851,698504.4989092617
3.3679999999998507,697409.4895722661
3.3699999999998504,696316.363955654
3.3719999999998502,695224.8894758868
3.37399999999985,694134.3403655494
3.37599999999985,693044.6433238655
3.3779999999998496,691955.9906831789
3.3799999999998493,690868.5632473971
3.381999999999849,689782.4999260269
3.383999999999849,688698.3757269677
3.3859999999998487,687616.7754403241
3.3879999999998485,686536.9342896533
3.3899999999998482,685458.5521489872
3.391999999999848,684381.5943279311
3.393999999999848,683306.0359787977
3.3959999999998476,682231.9896005559
3.3979999999998474,681159.4817750982
3.399999999999847,680088.5845502702
3.401999999999847,679018.8098298521
3.4039999999998467,677949.7778257277
3.4059999999998465,676881.5767033867
3.4079999999998463,675814.9781025216
3.409999999999846,674750.6080621607
3.411999999999846,673688.4710127412
3.4139999999998456,672628.4574829125
3.4159999999998454,671570.3833083642
3.417999999999845,670513.3704315863
3.419999999999845,669457.2572207908
3.4219999999998447,668402.1347429747
3.4239999999998445,667348.178222817
3.4259999999998443,666295.5256914839
3.427999999999844,665244.3268677846
3.429999999999844,664194.6251147507
3.4319999999998436,663146.4671101376
3.4339999999998434,662099.9944790893
3.435999999999843,661055.2508661991
3.437999999999843,660012.1879454941
3.4399999999998427,658970.8171889237
3.4419999999998425,657931.0870933956
3.4439999999998423,656892.9631367585
3.445999999999842,655856.4227033433
3.447999999999842,654820.6998631977
3.4499999999998416,653785.6874782412
3.4519999999998414,652751.5793095736
3.453999999999841,651718.5168222162
3.455999999999841,650686.8793821606
3.4579999999998408,649657.5989438624
3.4599999999998405,648630.6880077197
3.4619999999998403,647605.8592960339
3.46399999999984,646582.257528424
3.46599999999984,645559.7369476211
3.4679999999998397,644538.3739814695
3.4699999999998394,643518.218601361
3.471999999999839,642499.3808441939
3.473999999999839,641481.9930118246
3.4759999999998388,640466.0350675263
3.4779999999998386,639451.2317649177
3.4799999999998383,638437.0992049674
3.481999999999838,637424.4014664361
3.483999999999838,636413.652416729
3.4859999999998377,635404.8996475767
3.4879999999998375,634398.0894085665
3.4899999999998372,633393.0949660172
3.491999999999837,632389.8720652013
3.493999999999837,631387.8390276902
3.4959999999998366,630386.5882906233
3.4979999999998364,629386.1242370182
3.499999999999836,628386.657032283
3.501999999999836,627388.3644792221
3.5039999999998357,626391.4313209273
3.5059999999998355,625395.8748775709
3.5079999999998353,624402.714759613
3.509999999999835,623411.5306707954
3.511999999999835,622421.8821797154
3.5139999999998346,621433.6107753095
3.5159999999998344,620446.7306902986
3.517999999999834,619461.2281247815
3.519999999999834,618477.2156244491
3.5219999999998337,617494.6964513741
3.5239999999998335,616513.6657030392
3.5259999999998333,615533.7756101642
3.527999999999833,614554.6015694733
3.529999999999833,613576.2426670028
3.5319999999998326,612598.878490863
3.5339999999998324,611623.5948402124
3.535999999999832,610650.708099995
3.537999999999832,609680.0482982738
3.5399999999998317,608711.4876825453
3.5419999999998315,607744.5074384636
3.5439999999998313,606778.4897718121
3.545999999999831,605813.4439263988
3.547999999999831,604849.5293001918
3.5499999999998306,603886.8468292874
3.5519999999998304,602925.5388795339
3.55399999999983,601965.7071727156
3.55599999999983,601007.4218007938
3.5579999999998297,600050.5595300052
3.5599999999998295,599095.3036500221
3.5619999999998293,598141.8695582368
3.563999999999829,597190.2739930733
3.565999999999829,596240.5486590262
3.5679999999998286,595292.595472163
3.5699999999998284,594346.4540180427
3.571999999999828,593402.0964898593
3.573999999999828,592459.5104518741
3.5759999999998278,591518.0060184101
3.5779999999998275,590577.4012784451
3.5799999999998273,589637.8492541232
3.581999999999827,588699.5280283986
3.583999999999827,587762.6423657311
3.5859999999998267,586827.714321542
3.5879999999998264,585895.3663900665
3.589999999999826,584965.7362813896
3.591999999999826,584038.2657791174
3.593999999999826,583112.3481208148
3.5959999999998256,582187.8985345075
3.5979999999998253,581264.9656984892
3.599999999999825,580343.6347845064
3.601999999999825,579424.0400488656
3.6039999999998247,578506.283834531
3.6059999999998245,577590.4425711378
3.6079999999998242,576676.5742085781
3.609999999999824,575763.9809047615
3.611999999999824,574852.6102349194
3.6139999999998236,573943.1615043661
3.6159999999998234,573036.2420947833
3.617999999999823,572132.0056966124
3.619999999999823,571230.3647870495
3.6219999999998227,570331.2291643211
3.6239999999998225,569434.5318476496
3.6259999999998223,568540.0235243102
3.627999999999822,567647.0846630228
3.629999999999822,566755.7637466198
3.6319999999998216,565866.1724760738
3.6339999999998214,564978.5472332458
3.635999999999821,564093.0289718302
3.637999999999821,563209.7787936073
3.6399999999998207,562328.9165338953
3.6419999999998205,561450.9746207368
3.6439999999998203,560576.0715601617
3.64599999999982,559703.8237637535
3.64799999999982,558834.0875620468
3.6499999999998196,557966.923105031
3.6519999999998194,557102.4091283449
3.653999999999819,556240.5677743601
3.655999999999819,555381.4825662617
3.6579999999998187,554525.1797108272
3.6599999999998185,553671.7365971848
3.6619999999998183,552820.6660798326
3.663999999999818,551971.7831126625
3.665999999999818,551125.2007936423
3.6679999999998176,550281.1338359879
3.6699999999998174,549439.9424573961
3.671999999999817,548602.4877519141
3.673999999999817,547768.9355843018
3.6759999999998167,546939.1860463634
3.6779999999998165,546113.162120677
3.6799999999998163,545290.1550155921
3.681999999999816,544469.8973768428
3.683999999999816,543652.4282496704
3.6859999999998156,542837.9010288038
3.6879999999998154,542026.4611327709
3.689999999999815,541218.2650371919
3.691999999999815,540413.3894780584
3.6939999999998148,539611.89304226
3.6959999999998145,538813.8560019049
3.6979999999998143,538018.8215784248
3.699999999999814,537226.9362644283
3.701999999999814,536438.7321914543
3.7039999999998137,535654.3273049343
3.7059999999998134,534873.7574892695
3.7079999999998132,534096.9672569698
3.709999999999813,533323.8648354826
3.711999999999813,532554.3790639848
3.7139999999998126,531788.4851684078
3.7159999999998123,531025.7942259122
3.717999999999812,530265.8833470293
3.719999999999812,529508.7699754871
3.7219999999998117,528754.5782721585
3.7239999999998115,528003.4183737307
3.7259999999998112,527255.3656491116
3.727999999999811,526510.488523619
3.729999999999811,525769.0112876904
3.7319999999998106,525031.4265923568
3.7339999999998104,524297.6080002271
3.73599999999981,523566.8273654717
3.73799999999981,522838.87405117555
3.7399999999998097,522113.6479348693
3.7419999999998095,521391.13050771435
3.7439999999998093,520671.305589107
3.745999999999809,519954.1718261458
3.747999999999809,519239.70523141685
3.7499999999998086,518527.8388690141
3.7519999999998084,517818.5286130105
3.753999999999808,517111.156520239
3.755999999999808,516405.4822851808
3.7579999999998077,515701.57928315754
3.7599999999998075,514999.4934130622
3.7619999999998073,514299.7753833319
3.763999999999807,513602.7726732558
3.765999999999807,512908.41358430043
3.7679999999998066,512216.50641756057
3.7699999999998064,511526.88215414615
3.771999999999806,510839.12687633757
3.773999999999806,510152.68289795495
3.7759999999998057,509467.4003099194
3.7779999999998055,508783.3241427372
3.7799999999998053,508100.51959671493
3.781999999999805,507419.0592216993
3.783999999999805,506738.9598962221
3.7859999999998046,506060.2675382475
3.7879999999998044,505382.95072339947
3.789999999999804,504706.99951214105
3.791999999999804,505006.1280647017
3.7939999999998038,504960.75617085083
3.7959999999998035,504699.7103373332
3.7979999999998033,504307.1334316416
3.799999999999803,503836.1599281597
3.801999999999803,503319.47781402536
3.8039999999998027,502776.7708442075
3.8059999999998024,502219.6714654202
3.807999999999802,501654.9474291886
3.809999999999802,501086.46729755314
3.8119999999998018,500515.936553022
3.8139999999998015,499944.4505520033
3.8159999999998013,499372.76549811795
3.817999999999801,498801.37610725913
3.819999999999801,498230.594623305
3.8219999999998007,497660.6125094565
3.8239999999998004,497091.54412713664
3.8259999999998002,496523.45594230155
3.8279999999998,495956.5109639184
3.8299999999998,495391.2189603955
3.8319999999997996,494827.08887587587
3.8339999999997993,494263.9169661862
3.835999999999799,493701.6601502481
3.837999999999799,493140.3257487575
3.8399999999997987,492579.9464775079
3.8419999999997985,492020.5450087903
3.8439999999997982,491462.1418351999
3.845999999999798,490904.74993396725
3.847999999999798,490348.3772321601
3.8499999999997976,489793.0272388976
3.8519999999997974,489238.2129066787
3.853999999999797,488683.8142302144
3.855999999999797,488129.9223909414
3.8579999999997967,487576.6702844625
3.8599999999997965,487024.17895230796
3.8619999999997963,486472.53842336655
3.863999999999796,485922.3806953179
3.865999999999796,485373.83646119974
3.8679999999997956,484826.8178714811
3.8699999999997954,484281.1872878553
3.871999999999795,483736.44488947355
3.873999999999795,483192.2776007158
3.8759999999997947,482648.6743507716
3.8779999999997945,482105.71983080567
3.8799999999997943,481563.50915418006
3.881999999999794,481022.1249580404
3.883999999999794,480481.6216300198
3.8859999999997936,479942.03743298375
3.8879999999997934,479403.3959857852
3.889999999999793,478865.7108623888
3.891999999999793,478328.80636024586
3.8939999999997927,477792.2895977506
3.8959999999997925,477256.16430018394
3.8979999999997923,476720.7009171431
3.899999999999792,476186.5044190693
3.901999999999792,475653.692019266
3.9039999999997916,475122.2113864051
3.9059999999997914,474591.9659059168
3.907999999999791,474062.86592325685
3.909999999999791,473534.84354952385
3.9119999999997908,473007.84644901654
3.9139999999997905,472481.3751204386
3.9159999999997903,471955.26860233117
3.91799999999979,471429.59589049005
3.91999999999979,470904.4832668
3.9219999999997897,470380.0484921307
3.9239999999997894,469856.3791903719
3.925999999999789,469333.53885980987
3.927999999999789,468811.56508848735
3.9299999999997888,468290.4822297474
3.9319999999997886,467770.3039418213
3.9339999999997883,467251.00249112066
3.935999999999788,466732.65854160266
3.937999999999788,466215.2865119412
3.9399999999997877,465698.877829038
3.9419999999997875,465183.416652717
3.9439999999997872,464668.89103035175
3.945999999999787,464155.28800188785
3.947999999999787,463642.60036582605
3.9499999999997866,463130.81968167325
3.9519999999997864,462619.94081110106
3.953999999999786,462109.9582686657
3.955999999999786,461600.6594459648
3.9579999999997857,461091.66469
3.9599999999997855,460582.9829422658
3.9619999999997852,460074.7381789182
3.963999999999785,459567.06232783274
3.965999999999785,459060.062652266
3.9679999999997846,458553.81373749895
3.9699999999997844,458048.36694209604
3.971999999999784,457544.0564090072
3.973999999999784,457041.2369874743
3.9759999999997837,456539.8825347495
3.9779999999997835,456039.6244269005
3.9799999999997833,455539.9622579594
3.981999999999783,455040.79939983686
3.983999999999783,454542.18418523367
3.9859999999997826,454044.1950409968
3.9879999999997824,453546.9058580135
3.989999999999782,453050.3697860384
3.991999999999782,452554.6236053057
3.9939999999997817,452059.6904262001
3.9959999999997815,451565.58285412326
3.9979999999997813,451072.30828224786
3.999999999999781,450579.7134425475
4.001999999999781,450087.3684934319
4.003999999999781,449595.2701306451
4.005999999999781,449103.5447431094
4.007999999999781,448612.3305157547
4.00999999999978,448121.9792217167
4.01199999999978,447632.96921729675
4.01399999999978,447145.3322081781
4.01599999999978,446658.95963534893
4.0179999999997795,446173.7213719456
4.019999999999779,445689.510235015
4.021999999999779,445206.24698557204
4.023999999999779,444723.3149150585
4.025999999999779,444240.61770238995
4.027999999999778,443758.25101186906
4.029999999999778,443276.34343382367
4.031999999999778,442795.0146062395
4.033999999999778,442314.3498976629
4.0359999999997775,441834.40103301645
4.037999999999777,441355.2032346425
4.039999999999777,440876.7777140483
4.041999999999777,440399.13625453244
4.043999999999777,439922.2846794577
4.045999999999776,439445.9356803232
4.047999999999776,438969.7734480622
4.049999999999776,438494.3185297627
4.051999999999776,438019.88899249403
4.053999999999776,437546.52717856143
4.055999999999775,437074.1836044344
4.057999999999775,436602.7913164857
4.059999999999775,436132.2919825096
4.061999999999775,435662.6425028988
4.0639999999997745,435193.81297950144
4.065999999999774,434725.7833904717
4.067999999999774,434258.5404244405
4.069999999999774,433791.5808801543
4.071999999999774,433324.7689877822
4.073999999999773,432858.20086130424
4.075999999999773,432392.020083905
4.077999999999773,431926.3523756177
4.079999999999773,431461.2901057646
4.0819999999997725,430996.89525887003
4.083999999999772,430533.2066934589
4.085999999999772,430070.24730685196
4.087999999999772,429608.02987964154
4.089999999999772,429146.9476884465
4.091999999999771,428687.2782003851
4.093999999999771,428228.36336792423
4.095999999999771,427770.0075094949
4.097999999999771,427312.19415461
4.0999999999997705,426854.96279757837
4.10199999999977,426398.3603536451
4.10399999999977,425942.42504259245
4.10599999999977,425487.18365820317
4.10799999999977,425032.65324990853
4.109999999999769,424578.84368667717
4.111999999999769,424125.7602138548
4.113999999999769,423673.4049116285
4.115999999999769,423221.77798452036
4.1179999999997685,422770.2968632346
4.119999999999768,422318.905183663
4.121999999999768,421867.7293472478
4.123999999999768,421416.9210353908
4.125999999999768,420966.60504306457
4.127999999999767,420516.8700473992
4.129999999999767,420067.77394097013
4.131999999999767,419619.9220047827
4.133999999999767,419173.4469120893
4.1359999999997665,418728.2372511256
4.137999999999766,418284.1353940591
4.139999999999766,417841.00452504336
4.141999999999766,417398.29223505483
4.143999999999766,416955.750540181
4.145999999999765,416513.4279453314
4.147999999999765,416071.4482332572
4.149999999999765,415629.92897930235
4.151999999999765,415188.9587595235
4.1539999999997645,414748.5978825505
4.155999999999764,414308.88368221046
4.157999999999764,413869.8392670336
4.159999999999764,413431.47635752236
4.161999999999764,412993.80168277555
4.1639999999997634,412556.8177220051
4.165999999999763,412120.32866108045
4.167999999999763,411683.90903362236
4.169999999999763,411247.57758289704
4.171999999999763,410811.4774165264
4.173999999999762,410376.1252616376
4.175999999999762,409941.9407115987
4.177999999999762,409508.9337463597
4.179999999999762,409076.9939114815
4.1819999999997615,408645.9997768064
4.183999999999761,408215.8550024516
4.185999999999761,407786.49118499266
4.187999999999761,407357.8637486069
4.189999999999761,406929.9440694373
4.19199999999976,406502.29058919696
4.19399999999976,406074.67690202885
4.19599999999976,405647.18306221755
4.19799999999976,405219.95921190095
4.1999999999997595,404793.13981035387
4.201999999999759,404366.8241409774
4.203999999999759,403941.0788589479
4.205999999999759,403515.94520447066
4.207999999999759,403091.44690247154
4.209999999999758,402667.59681727056
4.211999999999758,402244.40139767696
4.213999999999758,401821.999360841
4.215999999999758,401400.5656245228
4.2179999999997575,400979.5659796589
4.219999999999757,400558.81367277564
4.221999999999757,400138.68731758505
4.223999999999757,399719.2996385054
4.225999999999757,399300.6633359986
4.227999999999756,398882.7576033299
4.229999999999756,398465.55697817926
4.231999999999756,398049.0407058023
4.233999999999756,397633.1928033822
4.2359999999997555,397218.00243628066
4.237999999999755,396803.4621867118
4.239999999999755,396389.5684411021
4.241999999999755,395976.31637984264
4.243999999999755,395563.2189840193
4.245999999999754,395150.1074706978
4.247999999999754,394737.08629809454
4.249999999999754,394324.31391545746
4.251999999999754,393911.92673097906
4.2539999999997535,393500.0228272227
4.255999999999753,393088.8221289722
4.257999999999753,392678.5359619915
4.259999999999753,392269.1562022397
4.261999999999753,391860.6152016825
4.263999999999752,391452.8442927163
4.265999999999752,391045.78833448613
4.267999999999752,390639.4108705362
4.269999999999752,390233.70514052984
4.2719999999997516,389828.3576551083
4.273999999999751,389423.3430098443
4.275999999999751,389018.7220915285
4.277999999999751,388614.5656788703
4.279999999999751,388210.9295079348
4.2819999999997505,387807.85277743085
4.28399999999975,387405.3592444032
4.28599999999975,387003.46349414263
4.28799999999975,386602.1717947977
4.28999999999975,386201.48956343334
4.291999999999749,385801.41728089645
4.293999999999749,385401.9544440088
4.295999999999749,385003.1001309799
4.297999999999749,384604.2502078309
4.2999999999997485,384205.5655698991
4.301999999999748,383807.31460262794
4.303999999999748,383409.61288426263
4.305999999999748,383012.5056840012
4.307999999999748,382616.0074045558
4.309999999999747,382220.1210645454
4.311999999999747,381824.84414960793
4.313999999999747,381430.17407917004
4.315999999999747,381036.10724598606
4.3179999999997465,380642.6416199533
4.319999999999746,380250.0909899272
4.321999999999746,379858.4955017363
4.323999999999746,379467.67189058405
4.325999999999746,379076.9802711266
4.327999999999745,378686.3547730227
4.329999999999745,378295.90442822134
4.331999999999745,377905.75957781385
4.333999999999745,377516.0244336284
4.3359999999997445,377126.7717371966
4.337999999999744,376738.046540675
4.339999999999744,376349.8763650157
4.341999999999744,375962.27556291205
4.343999999999744,375575.284105841
4.345999999999743,375189.222364698
4.347999999999743,374804.0926315875
4.349999999999743,374419.80830719724
4.351999999999743,374036.194996879
4.3539999999997425,373652.6230275425
4.355999999999742,373269.051532236
4.357999999999742,372885.6085823406
4.359999999999742,372502.43862130225
4.361999999999742,372119.65529837395
4.363999999999741,371737.33494709356
4.365999999999741,371355.5262790461
4.367999999999741,370974.2568420926
4.369999999999741,370593.58007967967
4.3719999999997405,370213.80690284335
4.37399999999974,369834.9397381039
4.37599999999974,369456.89580528834
4.37799999999974,369079.58842798084
4.37999999999974,368702.95069592004
4.381999999999739,368326.3751544352
4.383999999999739,367949.7561087218
4.385999999999739,367573.11274496635
4.387999999999739,367196.68017075193
4.3899999999997386,366820.5863921085
4.391999999999738,366445.16160267516
4.393999999999738,366070.59780760895
4.395999999999738,365696.87127940863
4.397999999999738,365323.9062522373
4.3999999999997375,364951.63156500284
4.401999999999737,364579.9930509077
4.403999999999737,364208.954444585
4.405999999999737,363838.494142136
4.407999999999737,363468.59794425603
4.409999999999736,363099.0692535927
4.411999999999736,362729.4306102099
4.413999999999736,362359.7185102472
4.415999999999736,361990.0953003312
4.4179999999997355,361620.7210913024
4.419999999999735,361251.73617602437
4.421999999999735,360883.16206192755
4.423999999999735,360515.2255083114
4.425999999999735,360148.14478176134
4.427999999999734,359781.898049096
4.429999999999734,359416.40573095303
4.431999999999734,359051.5953303655
4.433999999999734,358687.40919126326
4.4359999999997335,358323.8113666366
4.437999999999733,357960.7793401353
4.439999999999733,357598.0822612298
4.441999999999733,357235.6358336809
4.443999999999733,356873.48689849215
4.445999999999732,356511.70926543884
4.447999999999732,356150.3619841375
4.449999999999732,355789.4873046976
4.451999999999732,355429.1105544496
4.4539999999997315,355069.24740925344
4.455999999999731,354709.90519726445
4.457999999999731,354351.08856969577
4.459999999999731,353992.79825787025
4.461999999999731,353635.03516736603
4.46399999999973,353277.79913192836
4.46599999999973,352921.0883950875
4.46799999999973,352564.9025088551
4.46999999999973,352209.019951365
4.4719999999997295,351852.98577685206
4.473999999999729,351496.8487686551
4.475999999999729,351140.7826621267
4.477999999999729,350784.9465782172
4.479999999999729,350429.7386572799
4.481999999999728,350075.27876585035
4.483999999999728,349721.54300213873
4.485999999999728,349368.47235499125
4.487999999999728,349016.01356611936
4.4899999999997275,348664.12899519096
4.491999999999727,348313.1904576785
4.493999999999727,347963.1840008635
4.495999999999727,347613.9989874469
4.497999999999727,347265.52580209164
4.499999999999726,346917.6836603433
4.501999999999726,346569.80575268116
4.503999999999726,346221.7887999687
4.505999999999726,345873.76932883513
4.507999999999726,345525.91495222895
4.509999999999725,345178.3570010475
4.511999999999725,344831.18420671584
4.513999999999725,344484.450103913
4.515999999999725,344138.1867470589
4.5179999999997245,343792.41041335446
4.519999999999724,343447.1304891058
4.521999999999724,343102.35021099914
4.523999999999724,342758.07281461946
4.525999999999724,342414.2960476377
4.527999999999723,342071.02035515243
4.529999999999723,341728.24538645335
4.531999999999723,341385.8553166742
4.533999999999723,341043.2758393281
4.5359999999997225,340700.63912758697
4.537999999999722,340358.3327047285
4.539999999999722,340016.4999875698
4.541999999999722,339675.1933718974
4.543999999999722,339334.6964841981
4.545999999999721,338995.1395306084
4.547999999999721,338656.4369866088
4.549999999999721,338318.4731668155
4.551999999999721,337981.1511709777
4.5539999999997205,337644.40692194673
4.55599999999972,337308.20000277105
4.55799999999972,336972.5051414444
4.55999999999972,336637.3088641473
4.56199999999972,336302.6034919502
4.563999999999719,335968.3072171006
4.565999999999719,335633.79981332726
4.567999999999719,335299.1014589774
4.569999999999719,334964.39227150334
4.5719999999997185,334629.8460745713
4.573999999999718,334295.59325506026
4.575999999999718,333961.71678938705
4.577999999999718,333628.265041318
4.579999999999718,333295.2652857062
4.581999999999717,332962.73414428433
4.583999999999717,332630.6776100176
4.585999999999717,332299.0981877294
4.587999999999717,331967.9976749798
4.5899999999997165,331637.37640551897
4.591999999999716,331307.2328521236
4.593999999999716,330977.5667467845
4.595999999999716,330648.6088030552
4.597999999999716,330320.0606811165
4.599999999999715,329991.9688912719
4.601999999999715,329664.3502269737
4.603999999999715,329337.21915939474
4.605999999999715,329010.5573583044
4.6079999999997145,328684.3553291316
4.609999999999714,328358.6289693336
4.611999999999714,328033.37490737514
4.613999999999714,327708.59074729466
4.615999999999714,327384.27362412534
4.6179999999997134,327060.42255036155
4.619999999999713,326737.03555732704
4.621999999999713,326414.11219160043
4.623999999999713,326091.6516833448
4.625999999999713,325769.65213873755
4.627999999999712,325448.11312253925
4.629999999999712,325127.03392275795
4.631999999999712,324805.72102686804
4.633999999999712,324484.16383900144
4.6359999999997115,324162.5468470518
4.637999999999711,323841.0536991593
4.639999999999711,323519.81952231657
4.641999999999711,323198.9340625336
4.643999999999711,322878.4483598165
4.64599999999971,322558.3921835572
4.64799999999971,322238.7800481413
4.64999999999971,321919.62019757956
4.65199999999971,321600.9163062068
4.6539999999997095,321282.6685151361
4.655999999999709,320965.2479088787
4.657999999999709,320649.03405234904
4.659999999999709,320333.9236863104
4.661999999999709,320019.71530768246
4.663999999999708,319706.236274542
4.665999999999708,319392.7398492526
4.667999999999708,319079.0720524944
4.669999999999708,318765.3566353269
4.6719999999997075,318451.7556220166
4.673999999999707,318138.39824928413
4.675999999999707,317825.3710766773
4.677999999999707,317512.7266518754
4.679999999999707,317200.4937152288
4.681999999999706,316888.68870982644
4.683999999999706,316577.31982740975
4.685999999999706,316266.3896524494
4.687999999999706,315955.9000672242
4.6899999999997055,315645.8513839104
4.691999999999705,315336.2432462437
4.693999999999705,315027.0739718176
4.695999999999705,314718.3421650606
4.697999999999705,314410.04875258706
4.699999999999704,314101.90433782566
4.701999999999704,313793.47813660605
4.703999999999704,313484.8550572829
4.705999999999704,313176.226201579
4.7079999999997035,312867.75835495477
4.709999999999703,312559.56718507386
4.711999999999703,312251.72695013206
4.713999999999703,311944.2784776797
4.715999999999703,311637.24513215263
4.717999999999702,311331.36475082044
4.719999999999702,311026.67022369336
4.721999999999702,310722.9671328465
4.723999999999702,310420.0553333646
4.7259999999997016,310117.7859479776
4.727999999999701,309816.06336032343
4.729999999999701,309514.8302044951
4.731999999999701,309214.0528204167
4.733999999999701,308913.71354972955
4.7359999999997004,308613.4190395124
4.7379999999997,308312.8271362762
4.7399999999997,308012.04598952446
4.7419999999997,307711.2666052116
4.7439999999997,307410.651475082
4.745999999999699,307110.3107640642
4.747999999999699,306810.3112755657
4.749999999999699,306510.69231164496
4.751999999999699,306211.475031859
4.7539999999996985,305912.67011340207
4.755999999999698,305614.2815535613
4.757999999999698,305316.31182676775
4.759999999999698,305018.7616140948
4.761999999999698,304721.62976678985
4.763999999999697,304424.9162008821
4.765999999999697,304128.62036187825
4.767999999999697,303832.7415480129
4.769999999999697,303537.27794577327
4.7719999999996965,303242.047227619
4.773999999999696,302946.49959805363
4.775999999999696,302650.69715364
4.777999999999696,302354.8358845821
4.779999999999696,302059.243988946
4.781999999999695,301764.6711501382
4.783999999999695,301471.140214835
4.785999999999695,301178.4855615745
4.787999999999695,300886.54043458786
4.7899999999996945,300595.1805952969
4.791999999999694,300304.3261143659
4.793999999999694,300013.93133204005
4.795999999999694,299723.9683247558
4.797999999999694,299434.42186198285
4.799999999999693,299145.2855809753
4.801999999999693,298856.5540236279
4.803999999999693,298568.2251327954
4.805999999999693,298280.29733435705
4.8079999999996925,297992.76869085286
4.809999999999692,297705.23782173835
4.811999999999692,297417.37468088255
4.813999999999692,297129.2959353098
4.815999999999692,296841.1999365079
4.817999999999691,296553.24836217205
4.819999999999691,296265.5528613909
4.821999999999691,295978.17962020077
4.823999999999691,295691.167165828
4.8259999999996905,295404.53607535
4.82799999999969,295118.2967142533
4.82999999999969,294832.452962285
4.83199999999969,294547.0071320688
4.83399999999969,294261.9598551496
4.835999999999689,293977.3100590729
4.837999999999689,293693.05855223344
4.839999999999689,293409.2033842934
4.841999999999689,293125.7433075051
4.8439999999996886,292842.67890803365
4.845999999999688,292560.1148138148
4.847999999999688,292278.43835546746
4.849999999999688,291997.1515961097
4.851999999999688,291716.1321160597
4.8539999999996875,291435.38359620294
4.855999999999687,291154.93792735075
4.857999999999687,290874.82672228676
4.859999999999687,290595.08585317776
4.861999999999687,290315.7033258328
4.863999999999686,290036.68685704086
4.865999999999686,289758.0578351981
4.867999999999686,289479.81436247955
4.869999999999686,289201.95581114327
4.8719999999996855,288924.48070193635
4.873999999999685,288647.38939151674
4.875999999999685,288370.6801490259
4.877999999999685,288094.3524623736
4.879999999999685,287818.40561546665
4.881999999999684,287542.8381516519
4.883999999999684,287267.6504462544
4.885999999999684,286992.84074616525
4.887999999999684,286717.82802046486
4.8899999999996835,286442.4566490246
4.891999999999683,286166.89169507934
4.893999999999683,285891.33156774036
4.895999999999683,285615.9281224749
4.897999999999683,285340.780504874
4.899999999999682,285065.94680789614
4.901999999999682,284791.4601420714
4.903999999999682,284517.3385428304
4.905999999999682,284243.5886633888
4.9079999999996815,283970.21556735603
4.909999999999681,283697.22052730626
4.911999999999681,283424.60302705225
4.913999999999681,283152.36299567105
4.915999999999681,282881.0387405264
4.91799999999968,282610.870343906
4.91999999999968,282341.70084630826
4.92199999999968,282073.3165084982
4.92399999999968,281805.5491457716
4.9259999999996795,281538.2886686748
4.927999999999679,281270.96232965117
4.929999999999679,281003.29484000994
4.931999999999679,280735.4137236133
4.933999999999679,280467.51011716353
4.935999999999678,280199.73775551294
4.937999999999678,279932.1991174793
4.939999999999678,279664.9558230522
4.941999999999678,279398.04241929326
4.9439999999996775,279131.47646865394
4.945999999999677,278865.2679558885
4.947999999999677,278599.42015777173
4.949999999999677,278333.9348989337
4.951999999999677,278068.8119433376
4.953999999999676,277804.05197802786
4.955999999999676,277539.6536813492
4.957999999999676,277275.61720229563
4.959999999999676,277011.94103161513
4.961999999999676,276748.6240018477
4.963999999999675,276485.6663904892
4.965999999999675,276223.0672659425
4.967999999999675,275960.78887847945
4.969999999999675,275698.1040877052
4.9719999999996745,275435.04714083817
4.973999999999674,275171.8296512565
4.975999999999674,274908.647488325
4.977999999999674,274645.6377530621
4.979999999999674,274382.8869158729
4.981999999999673,274120.443527835
4.983999999999673,273858.3344425017
4.985999999999673,273596.85662460444
4.987999999999673,273336.2471693082
4.9899999999996725,273076.4589817592
4.991999999999672,272817.5964000293
4.993999999999672,272559.5253654591
4.995999999999672,272302.0897561557
4.997999999999672,272045.17204801796
4.999999999999671,271788.69593417476
5.001999999999671,271532.615995674
5.003999999999671,271276.9061370782
5.005999999999671,271021.552711313
5.0079999999996705,270766.5487957361
5.00999999999967,270511.88979855244
5.01199999999967,270256.88387546054
5.01399999999967,270001.47486081085
5.01599999999967,269745.857033757
5.017999999999669,269490.23118470295
5.019999999999669,269234.74486689107
5.021999999999669,268979.49075335276
5.023999999999669,268724.5235878943
5.0259999999996685,268469.87239472294
5.027999999999668,268215.5525768763
5.029999999999668,267961.571490542
5.031999999999668,267707.93239167833
5.033999999999668,267454.6360458777
5.035999999999667,267201.68310601945
5.037999999999667,266949.0727438093
5.039999999999667,266696.80451522855
5.041999999999667,266444.8781939217
5.0439999999996665,266193.29220027133
5.045999999999666,265942.04645187146
5.047999999999666,265691.1401957319
5.049999999999666,265440.57239297667
5.051999999999666,265190.3428170084
5.053999999999665,264940.3094356742
5.055999999999665,264689.8425568504
5.057999999999665,264439.22125102085
5.059999999999665,264188.9806611337
5.0619999999996645,263939.23821227945
5.063999999999664,263689.9772844886
5.065999999999664,263441.1535494778
5.067999999999664,263192.7275815912
5.069999999999664,262944.6723578363
5.0719999999996634,262697.07218884677
5.073999999999663,262450.0814108953
5.075999999999663,262203.6595634401
5.077999999999663,261957.72997413445
5.079999999999663,261712.22859931362
5.081999999999662,261467.11177899543
5.083999999999662,261222.35254739094
5.085999999999662,260977.93581293264
5.087999999999662,260733.85269792622
5.0899999999996615,260490.0985341004
5.091999999999661,260246.67065031233
5.093999999999661,260003.56742371334
5.095999999999661,259760.78774103284
5.097999999999661,259518.33073355415
5.09999999999966,259275.51128699197
5.10199999999966,259032.25987400446
5.10399999999966,258788.7711182558
5.10599999999966,258545.24922420463
5.1079999999996595,258301.84363316302
5.109999999999659,258058.64937863982
5.111999999999659,257815.72147237312
5.113999999999659,257573.08990493524
5.115999999999659,257330.77004062687
5.117999999999658,257088.76948715388
5.119999999999658,256847.09141587294
5.121999999999658,256605.73701175075
5.123999999999658,256364.70649401686
5.1259999999996575,256123.99946324193
5.127999999999657,255883.61540855444
5.129999999999657,255643.5537330705
5.131999999999657,255403.81368811676
5.133999999999657,255164.65526451982
5.135999999999656,254926.35751744002
5.137999999999656,254688.83531318803
5.139999999999656,254451.93915901767
5.141999999999656,254215.5453363796
5.1439999999996555,253979.57045908814
5.145999999999655,253743.23438559362
5.147999999999655,253506.5003012265
5.149999999999655,253269.55797436865
5.151999999999655,253032.59894970994
5.153999999999654,252795.76177816803
5.155999999999654,252559.1336948413
5.157999999999654,252322.92012537026
5.159999999999654,252087.24297786216
5.1619999999996535,251852.06904712232
5.163999999999653,251617.33676597307
5.165999999999653,251382.9947053749
5.167999999999653,251149.00800203395
5.169999999999653,250915.35530084028
5.171999999999652,250682.02425870343
5.173999999999652,250449.00791332452
5.175999999999652,250216.30237313046
5.177999999999652,249983.90544363647
5.1799999999996515,249751.81569670807
5.181999999999651,249520.03218089903
5.183999999999651,249288.55407690533
5.185999999999651,249057.38084263043
5.187999999999651,248826.51162342264
5.1899999999996504,248595.94596032272
5.19199999999965,248365.3889591089
5.19399999999965,248134.3569639646
5.19599999999965,247902.95195988336
5.19799999999965,247671.38838940882
5.199999999999649,247439.848211199
5.201999999999649,247208.4546633189
5.203999999999649,246977.28239096285
5.205999999999649,246746.37348094012
5.2079999999996485,246515.750212446
5.209999999999648,246285.42380843783
5.211999999999648,246055.39944550497
5.213999999999648,245825.967350171
5.215999999999648,245597.4012166117
5.217999999999647,245369.60843785942
5.219999999999647,245142.4342146634
5.221999999999647,244915.7516967691
5.223999999999647,244689.47553232632
5.2259999999996465,244463.55404874802
5.227999999999646,244237.95783082422
5.229999999999646,244012.67092539903
5.231999999999646,243787.68469374243
5.233999999999646,243562.99471635485
5.235999999999645,243338.5984269265
5.237999999999645,243114.4944367486
5.239999999999645,242890.60249296518
5.241999999999645,242666.22921140576
5.2439999999996445,242441.4247387457
5.245999999999644,242216.40399566139
5.247999999999644,241991.5191618626
5.249999999999644,241766.98275403655
5.251999999999644,241542.83044705915
5.253999999999643,241319.04609075273
5.255999999999643,241095.60438776584
5.257999999999643,240872.48586059583
5.259999999999643,240649.67740752333
5.2619999999996425,240427.16995195014
5.263999999999642,240204.95873195626
5.265999999999642,239983.04080041128
5.267999999999642,239761.41447353366
5.269999999999642,239540.07899027746
5.271999999999641,239319.03281353266
5.273999999999641,239098.27534433358
5.275999999999641,238877.80643307124
5.277999999999641,238657.6248270303
5.2799999999996405,238437.73052070657
5.28199999999964,238218.12229997249
5.28399999999964,237998.80018722982
5.28599999999964,237779.76292113218
5.28799999999964,237561.0106327938
5.289999999999639,237342.45879887269
5.291999999999639,237123.3964331778
5.293999999999639,236903.87585390554
5.295999999999639,236684.11771927433
5.2979999999996386,236464.32258960328
5.299999999999638,236244.62915033125
5.301999999999638,236025.1239586919
5.303999999999638,235805.8550810703
5.305999999999638,235586.84953246947
5.3079999999996375,235368.11984828857
5.309999999999637,235149.67321093616
5.311999999999637,234931.5115038793
5.313999999999637,234713.63654648623
5.315999999999637,234496.0475544377
5.317999999999636,234278.74510447445
5.319999999999636,234061.72848678858
5.321999999999636,233844.9970075225
5.323999999999636,233628.54938054358
5.3259999999996355,233412.38603668826
5.327999999999635,233196.50617495275
5.329999999999635,232980.90914016424
5.331999999999635,232765.59425280913
5.333999999999635,232550.56092374108
5.335999999999634,232335.8085886238
5.337999999999634,232121.33665206766
5.339999999999634,231907.14453966328
5.341999999999634,231692.96472116458
5.3439999999996335,231478.33877090897
5.345999999999633,231263.50114653792
5.347999999999633,231048.6466841117
5.349999999999633,230833.9059925104
5.351999999999633,230619.3569819006
5.353999999999632,230405.04421180356
5.355999999999632,230191.00283582343
5.357999999999632,229977.23589884143
5.359999999999632,229763.7351443223
5.3619999999996315,229550.50781281822
5.363999999999631,229337.55884869178
5.365999999999631,229124.88946445682
5.367999999999631,228912.49893322142
5.369999999999631,228700.3882666277
5.37199999999963,228488.55680451082
5.37399999999963,228277.00387915532
5.37599999999963,228065.72793230816
5.37799999999963,227854.72975713774
5.3799999999996295,227644.00851178195
5.381999999999629,227433.56345304585
5.383999999999629,227223.3940099931
5.385999999999629,227013.49955465525
5.387999999999629,226803.87946689324
5.389999999999628,226594.5332352912
5.391999999999628,226385.46023618954
5.393999999999628,226176.65996122334
5.395999999999628,225967.52404347243
5.3979999999996275,225757.86085473423
5.399999999999627,225547.84718849478
5.401999999999627,225337.70177760112
5.403999999999627,225127.5902759868
5.405999999999627,224917.6209877546
5.407999999999626,224707.8577597203
5.409999999999626,224498.33585622784
5.411999999999626,224289.07372756975
5.413999999999626,224080.08050180678
5.415999999999626,223871.36031190498
5.417999999999625,223662.9148473712
5.419999999999625,223454.74457068206
5.421999999999625,223246.85047251667
5.423999999999625,223039.2304143439
5.4259999999996245,222831.88421552774
5.427999999999624,222624.81149176884
5.429999999999624,222418.01285001548
5.431999999999624,222211.48601579806
5.433999999999624,222005.23194226003
5.435999999999623,221799.24841683352
5.437999999999623,221593.53644769674
5.439999999999623,221388.09387996522
5.441999999999623,221182.92175650506
5.4439999999996225,220978.0178845677
5.445999999999622,220773.38336182747
5.447999999999622,220569.05256841233
5.449999999999622,220364.95566330897
5.451999999999622,220160.46427534142
5.453999999999621,219955.61090225002
5.455999999999621,219750.57838181764
5.457999999999621,219545.537231512
5.459999999999621,219340.60515818011
5.4619999999996205,219135.857641388
5.46399999999962,218931.3349963061
5.46599999999962,218727.06173637745
5.46799999999962,218523.04757821248
5.46999999999962,218319.29983399215
5.471999999999619,218115.8190142402
5.473999999999619,217912.60780279074
5.475999999999619,217709.66572873903
5.477999999999619,217506.9908861042
5.4799999999996185,217304.58478116192
5.481999999999618,217102.44648938542
5.483999999999618,216900.57522351545
5.485999999999618,216698.9703608275
5.487999999999618,216497.62982508336
5.489999999999617,216296.55526102224
5.491999999999617,216095.7456720618
5.493999999999617,215895.2003054967
5.495999999999617,215694.91854974348
5.4979999999996165,215494.89980259998
5.499999999999616,215295.143510935
5.501999999999616,215095.64910734622
5.503999999999616,214896.41603854217
5.505999999999616,214697.44375759293
5.507999999999615,214498.01197085428
5.509999999999615,214298.01872602952
5.511999999999615,214097.6659459719
5.513999999999615,213897.17766410523
5.5159999999996145,213696.7176700306
5.517999999999614,213496.39226896022
5.519999999999614,213296.26363296993
5.521999999999614,213096.3658938565
5.523999999999614,212896.7169495725
5.525999999999613,212697.32556421365
5.527999999999613,212498.19582071636
5.529999999999613,212299.32933867347
5.531999999999613,212100.72654116154
5.533999999999613,211902.38727489882
5.535999999999612,211704.31112655957
5.537999999999612,211506.49737719522
5.539999999999612,211317.0493067715
5.541999999999612,211220.10863362878
5.5439999999996115,211214.14591177576
5.545999999999611,211272.48651622413
5.547999999999611,211371.97040920207
5.549999999999611,211495.74001598402
5.551999999999611,211632.7202883662
5.55399999999961,211775.30097938064
5.55599999999961,211920.4644590066
5.55799999999961,212066.89826794117
5.55999999999961,212213.9054702213
5.5619999999996095,212292.541197803
5.563999999999609,212304.7461866655
5.565999999999609,212480.46241089623
5.567999999999609,212619.06269766449
5.569999999999609,212822.36143424292
5.571999999999608,212956.4481469833
5.573999999999608,213194.77856137682
5.575999999999608,213453.53364012792
5.577999999999608,213616.1997936707
5.5799999999996075,213680.78124650507
5.581999999999607,213956.1799703411
5.583999999999607,214273.6726497659
5.585999999999607,214482.96869384064
5.587999999999607,214577.20977777685
5.589999999999606,214586.36707124749
5.591999999999606,214916.84680750524
5.593999999999606,215202.27006607706
5.595999999999606,215555.80300530535
5.5979999999996055,215795.52031083117
5.599999999999605,216093.62729363673
5.601999999999605,216290.10844316284
5.603999999999605,216463.46403570788
5.605999999999605,216914.36701536467
5.607999999999604,217272.96808083143
5.609999999999604,217474.7031358277
5.611999999999604,217547.13069993717
5.613999999999604,218193.4193112358
5.6159999999996035,218827.7651735771
5.617999999999603,219245.08659803684
5.619999999999603,220364.51748641083
5.621999999999603,221300.06242331563
5.623999999999603,221887.45073520666
5.625999999999602,222183.31258640194
5.627999999999602,222282.19916365747
5.629999999999602,222261.63672650204
5.631999999999602,222173.51842087516
5.6339999999996015,222049.12379508
5.635999999999601,221906.05356257543
5.637999999999601,221753.7064779606
5.639999999999601,221596.88603971293
5.641999999999601,221437.92708481534
5.6439999999996004,221277.0022752087
5.6459999999996,221114.6470744592
5.6479999999996,220951.33311382288
5.6499999999996,220787.38821810725
5.6519999999996,220623.0143174887
5.653999999999599,220458.3529713148
5.655999999999599,220293.5995693876
5.657999999999599,220128.77328170763
5.659999999999599,219963.84673759504
5.6619999999995985,219798.78556632923
5.663999999999598,219633.56554694247
5.665999999999598,219468.17084439268
5.667999999999598,219302.59188463225
5.669999999999598,218815.50271317252
5.671999999999597,217891.08681389634
5.673999999999597,217074.99597449208
5.675999999999597,216470.1257433441
5.677999999999597,216043.15609124323
5.6799999999995965,215736.78238979916
5.681999999999596,215503.67654272896
5.683999999999596,215312.01405244236
5.685999999999596,215142.5417096919
5.687999999999596,214987.32891959386
5.689999999999595,214837.49956482166
5.691999999999595,214689.3570219595
5.693999999999595,214541.48509436095
5.695999999999595,214393.4188855253
5.6979999999995945,214245.05058437583
5.699999999999594,214096.3922204137
5.701999999999594,213947.48001613942
5.703999999999594,213797.71952864446
5.705999999999594,213646.8405240849
5.707999999999593,213495.03817850607
5.709999999999593,213342.56808952102
5.711999999999593,213189.62857087844
5.713999999999593,213036.34906675745
5.7159999999995925,212882.80963643952
5.717999999999592,212729.05123740886
5.719999999999592,212575.09697683126
5.721999999999592,212420.95832664816
5.723999999999592,212266.6389139672
5.725999999999591,212112.14341092107
5.727999999999591,211957.47042191625
5.729999999999591,211802.62216366752
5.731999999999591,211647.59610154512
5.7339999999995905,211492.39062820454
5.73599999999959,211337.00803581468
5.73799999999959,211181.44750835098
5.73999999999959,211025.70656772016
5.74199999999959,210869.78545923022
5.743999999999589,210713.68404771795
5.745999999999589,210557.40189680154
5.747999999999589,210400.93681509123
5.749999999999589,210244.2891650148
5.7519999999995886,210087.4588193956
5.753999999999588,209930.4454293325
5.755999999999588,209773.24853319323
5.757999999999588,209615.8659663229
5.759999999999588,209458.30075423306
5.7619999999995875,209300.55091664137
5.763999999999587,209142.04291996907
5.765999999999587,208982.3593818971
5.767999999999587,208821.67090357578
5.769999999999587,208660.24153016057
5.771999999999586,208498.29114336704
5.773999999999586,208335.96930925213
5.775999999999586,208173.48904170663
5.777999999999586,208010.89398926368
5.7799999999995855,207848.1769140291
5.781999999999585,207685.31521216087
5.783999999999585,207522.29236365666
5.785999999999585,207359.09673889013
5.787999999999585,207195.72095625353
5.789999999999584,207032.1586203509
5.791999999999584,206868.40798450066
5.793999999999584,206704.46791363615
5.795999999999584,206540.337481327
5.7979999999995835,206376.01400146078
5.799999999999583,206211.4978396042
5.801999999999583,206046.78683814124
5.803999999999583,205881.8837009297
5.805999999999583,205716.78534792204
5.807999999999582,205551.49001490985
5.809999999999582,205386.00056534537
5.811999999999582,205220.3140192933
5.813999999999582,205054.42857869557
5.8159999999995815,204888.3471764143
5.817999999999581,204722.06678176785
5.819999999999581,204555.5856052435
5.821999999999581,204388.71302009592
5.823999999999581,204220.53314562916
5.82599999999958,204051.12310537038
5.82799999999958,203880.78603555888
5.82999999999958,203709.7960115428
5.83199999999958,203538.34382160904
5.8339999999995795,203366.5472612904
5.835999999999579,203194.47591313347
5.837999999999579,203022.16508297608
5.839999999999579,202849.63498739558
5.841999999999579,202638.30223032582
5.843999999999578,202428.37002409992
5.845999999999578,202198.82275942576
5.847999999999578,201835.9368520583
5.849999999999578,201344.7901584367
5.8519999999995775,200912.81727004447
5.853999999999577,200570.15068709702
5.855999999999577,200299.84949705887
5.857999999999577,200077.94673800952
5.859999999999577,199885.27143724824
5.861999999999576,199709.06194448366
5.863999999999576,199541.6214907412
5.865999999999576,199378.60634624248
5.867999999999576,199217.68548246188
5.869999999999576,199057.65987858362
5.871999999999575,198897.9379856172
5.873999999999575,198738.2392823086
5.875999999999575,198578.4389005869
5.877999999999575,198418.48308032233
5.8799999999995745,198258.3477288605
5.881999999999574,198098.02613679497
5.883999999999574,197937.51391422807
5.885999999999574,197776.81434951053
5.887999999999574,197615.92436057745
5.889999999999573,197454.8422257614
5.891999999999573,197292.51786865684
5.893999999999573,197128.92540333577
5.895999999999573,196854.95280890772
5.8979999999995725,196602.0994665663
5.899999999999572,195888.543477466
5.901999999999572,194970.58932341257
5.903999999999572,194211.67382952638
5.905999999999572,193659.3449142293
5.907999999999571,193269.73529756287
5.909999999999571,192987.99638988162
5.911999999999571,192771.3151715228
5.913999999999571,192591.42206556274
5.9159999999995705,192431.2991227085
5.91799999999957,192281.32667162255
5.91999999999957,192136.32279657465
5.92199999999957,191993.64174738087
5.92399999999957,191852.01639096538
5.925999999999569,191710.80340641926
5.927999999999569,191569.69424562439
5.929999999999569,191428.53555687788
5.931999999999569,191287.26684842803
5.9339999999995685,191145.85981865154
5.935999999999568,191004.30027009986
5.937999999999568,190862.58850837292
5.939999999999568,190720.71948108912
5.941999999999568,190578.69685965576
5.943999999999567,190436.51653358372
5.945999999999567,190294.17932924183
5.947999999999567,190151.6855031922
5.949999999999567,190009.03495767212
5.9519999999995665,189866.2274351349
5.953999999999566,189723.26254968467
5.955999999999566,189580.13990783357
5.957999999999566,189436.85909019853
5.959999999999566,189293.4196027188
5.961999999999565,189149.81796656724
5.963999999999565,189006.05833948927
5.965999999999565,188862.13643020784
5.967999999999565,188717.0926491148
5.9699999999995645,188570.85733975781
5.971999999999564,188423.6900954081
5.973999999999564,188275.86665666988
5.975999999999564,187383.07587821686
5.977999999999564,186506.68568154427
5.979999999999563,185833.47638987013
5.981999999999563,185356.36955910703
5.983999999999563,185021.30118367245
5.985999999999563,184776.73376626265
5.987999999999563,184585.49545316744
5.989999999999562,184423.9419634974
5.991999999999562,184278.15407256995
5.993999999999562,184140.37438802622
5.995999999999562,183963.73809651268
5.9979999999995615,183789.66801942317
5.999999999999561,183627.92865806213
