time,value
0.0,19634.4123513984
0.002,26500.029066276053
0.004,29522.112603540394
0.006,44424.41769221104
0.008,56805.852720504845
0.01,64247.018851895446
0.012,67956.4730485575
0.014,69534.46334883866
0.016,70067.34335368885
0.018000000000000002,70146.93204167284
0.020000000000000004,70054.4562568331
0.022000000000000006,69909.44309661452
0.024000000000000007,69756.48590645914
0.02600000000000001,69608.90223765488
0.02800000000000001,69468.35990878932
0.030000000000000013,69333.41815031829
0.032000000000000015,69202.67414455919
0.034000000000000016,69075.09331864858
0.03600000000000002,68949.94188067003
0.03800000000000002,68826.87092208318
0.04000000000000002,68705.75489788965
0.04200000000000002,68586.67739483633
0.044000000000000025,68469.59074307192
0.04600000000000003,68354.51854543525
0.04800000000000003,68241.40894911035
0.05000000000000003,68130.29146239595
0.05200000000000003,68021.3048611287
0.054000000000000034,67914.36968185609
0.056000000000000036,67809.4738602185
0.05800000000000004,67706.70579159088
0.06000000000000004,67606.02786679768
0.06200000000000004,67507.48734884862
0.06400000000000004,67410.99789993143
0.06600000000000004,67316.59261667947
0.06800000000000005,67224.43061359796
0.07000000000000005,67134.36437469863
0.07200000000000005,67046.51037236139
0.07400000000000005,66960.85608333397
0.07600000000000005,66877.33079148685
0.07800000000000006,66795.72331364268
0.08000000000000006,66716.0381518462
0.08200000000000006,66638.31983070157
0.08400000000000006,66562.6761116094
0.08600000000000006,66489.07806579313
0.08800000000000006,66417.40883160208
0.09000000000000007,66347.60798413095
0.09200000000000007,66279.61055255681
0.09400000000000007,66213.4319623715
0.09600000000000007,66149.00552905588
0.09800000000000007,66086.30349841675
0.10000000000000007,66025.4144249822
0.10200000000000008,65966.45722830966
0.10400000000000008,65909.4133003902
0.10600000000000008,65854.32554036168
0.10800000000000008,65801.12459389439
0.11000000000000008,65749.81782351647
0.11200000000000009,65700.36227355702
0.11400000000000009,65652.75064139965
0.11600000000000009,65606.88823079364
0.11800000000000009,65562.66910742708
0.12000000000000009,65520.020962485316
0.1220000000000001,65478.91348364822
0.1240000000000001,65439.29872934935
0.12600000000000008,65401.1132303638
0.12800000000000009,65364.27401019072
0.1300000000000001,65328.71190513143
0.1320000000000001,65294.35561727324
0.1340000000000001,65261.06175909199
0.1360000000000001,65228.776654851295
0.1380000000000001,65197.426550099844
0.1400000000000001,65166.97312933662
0.1420000000000001,65137.37961197235
0.1440000000000001,65108.59630542122
0.1460000000000001,65080.57655946781
0.1480000000000001,65053.247775838616
0.1500000000000001,65026.56095544821
0.1520000000000001,65000.47385827308
0.1540000000000001,64975.1680761146
0.1560000000000001,64950.67812882061
0.1580000000000001,64926.95392302006
0.16000000000000011,64903.97969077307
0.16200000000000012,64881.73084539689
0.16400000000000012,64860.173189558926
0.16600000000000012,64839.42931559256
0.16800000000000012,64819.64767971556
0.17000000000000012,64800.83309416125
0.17200000000000013,64783.007582743034
0.17400000000000013,64766.14147563702
0.17600000000000013,64750.172892447015
0.17800000000000013,64735.03383004525
0.18000000000000013,64720.63516068164
0.18200000000000013,64706.88656970912
0.18400000000000014,64693.69767430606
0.18600000000000014,64681.00860445771
0.18800000000000014,64668.741181991594
0.19000000000000014,64656.85053672463
0.19200000000000014,64645.228926844895
0.19400000000000014,64633.82557046766
0.19600000000000015,64622.63291329948
0.19800000000000015,64611.59519659727
0.20000000000000015,64600.65409640434
0.20200000000000015,64589.76717239575
0.20400000000000015,64578.875119920034
0.20600000000000016,64567.93481851935
0.20800000000000016,64556.87374587056
0.21000000000000016,64545.64316778962
0.21200000000000016,64534.37855906651
0.21400000000000016,64523.315767892556
0.21600000000000016,64512.46273179532
0.21800000000000017,64501.820881512416
0.22000000000000017,64491.41192125212
0.22200000000000017,64481.257743734655
0.22400000000000017,64471.33302575064
0.22600000000000017,64461.62739254553
0.22800000000000017,64452.12028280271
0.23000000000000018,64442.80520222432
0.23200000000000018,64433.64486887318
0.23400000000000018,64424.631299918205
0.23600000000000018,64415.74282242388
0.23800000000000018,64406.95757176396
0.24000000000000019,64398.25381439674
0.2420000000000002,64389.61793294612
0.2440000000000002,64381.02934987456
0.2460000000000002,64372.43681541512
0.2480000000000002,64363.79407988223
0.25000000000000017,64355.1268083519
0.25200000000000017,64346.417925022775
0.25400000000000017,64337.66412645037
0.25600000000000017,64328.867647404324
0.2580000000000002,64320.00545598394
0.2600000000000002,64311.09459561977
0.2620000000000002,64302.116741977814
0.2640000000000002,64293.263696599926
0.2660000000000002,64284.62275530102
0.2680000000000002,64276.19586396809
0.2700000000000002,64267.954079257455
0.2720000000000002,64259.86409115281
0.2740000000000002,64251.91773747857
0.2760000000000002,64244.08779129785
0.2780000000000002,64236.37128843583
0.2800000000000002,64228.72932957881
0.2820000000000002,64221.10400676849
0.2840000000000002,64213.51024279774
0.2860000000000002,64205.97744997356
0.2880000000000002,64198.54908184772
0.2900000000000002,64191.25718276211
0.2920000000000002,64184.09590755143
0.2940000000000002,64177.072974833805
0.2960000000000002,64170.17420386975
0.2980000000000002,64163.392767838995
0.3000000000000002,64156.71576673699
0.3020000000000002,64150.12516674616
0.3040000000000002,64143.57735927292
0.3060000000000002,64137.057803280135
0.3080000000000002,64130.53439422013
0.3100000000000002,64123.98325796088
0.3120000000000002,64117.39694167464
0.3140000000000002,64110.90933921107
0.3160000000000002,64104.62407410065
0.3180000000000002,64098.531822616256
0.32000000000000023,64092.55204481404
0.32200000000000023,64086.647159831686
0.32400000000000023,64080.81053195356
0.32600000000000023,64075.04236308385
0.32800000000000024,64069.349775997754
0.33000000000000024,64063.722704740896
0.33200000000000024,64058.14378251308
0.33400000000000024,64052.60002779199
0.33600000000000024,64047.08717353573
0.33800000000000024,64041.62356055787
0.34000000000000025,64036.20721321964
0.34200000000000025,64030.813708372516
0.34400000000000025,64025.43234992371
0.34600000000000025,64020.0747512794
0.34800000000000025,64014.75469621486
0.35000000000000026,64009.43695750296
0.35200000000000026,64004.10543975969
0.35400000000000026,63998.747540593584
0.35600000000000026,63993.345946371956
0.35800000000000026,63987.89256191218
0.36000000000000026,63982.380800971376
0.36200000000000027,63976.797677629416
0.36400000000000027,63971.371999413364
0.36600000000000027,63966.05907279
0.36800000000000027,63960.78356865637
0.3700000000000003,63955.55436468802
0.3720000000000003,63950.361234805285
0.3740000000000003,63945.20244774703
0.3760000000000003,63940.07618477498
0.3780000000000003,63934.97530751135
0.3800000000000003,63929.875484280405
0.3820000000000003,63924.78999721486
0.3840000000000003,63919.71965714115
0.3860000000000003,63914.64840412696
0.3880000000000003,63909.58887407402
0.3900000000000003,63904.52388860707
0.3920000000000003,63899.465248942615
0.3940000000000003,63894.41652408095
0.3960000000000003,63889.37412074076
0.3980000000000003,63884.330523100034
0.4000000000000003,63879.27865651327
0.4020000000000003,63874.19723334801
0.4040000000000003,63869.08820630353
0.4060000000000003,63863.94796825427
0.4080000000000003,63858.77326920221
0.4100000000000003,63853.55324217889
0.4120000000000003,63848.303602108535
0.4140000000000003,63843.20172847998
0.4160000000000003,63838.2195663865
0.4180000000000003,63833.310514370125
0.4200000000000003,63828.398011059995
0.4220000000000003,63823.47426433467
0.4240000000000003,63818.57088238935
0.4260000000000003,63813.68615096959
0.4280000000000003,63808.80036850488
0.4300000000000003,63803.92778645461
0.43200000000000033,63799.06949792747
0.43400000000000033,63794.209886404176
0.43600000000000033,63789.362324704154
0.43800000000000033,63784.52283187559
0.44000000000000034,63779.70547603416
0.44200000000000034,63774.94298958097
0.44400000000000034,63770.20994116677
0.44600000000000034,63765.50599519235
0.44800000000000034,63760.82589939824
0.45000000000000034,63756.15745181753
0.45200000000000035,63751.50375277478
0.45400000000000035,63746.845908415584
0.45600000000000035,63742.1869153528
0.45800000000000035,63737.51567584697
0.46000000000000035,63732.835889869944
0.46200000000000035,63728.14450992679
0.46400000000000036,63723.58507976911
0.46600000000000036,63719.142394130744
0.46800000000000036,63714.78189844051
0.47000000000000036,63710.48341622637
0.47200000000000036,63706.22520930312
0.47400000000000037,63701.990106249235
0.47600000000000037,63697.76365516135
0.47800000000000037,63693.51929193696
0.48000000000000037,63689.20474526305
0.4820000000000004,63684.85715163131
0.4840000000000004,63680.48400354946
0.4860000000000004,63676.102864630724
0.4880000000000004,63671.7299665526
0.4900000000000004,63667.37925649453
0.4920000000000004,63663.04127466131
0.4940000000000004,63658.717762747285
0.4960000000000004,63654.38849489831
0.4980000000000004,63650.05608865003
0.5000000000000003,63645.71767763716
0.5020000000000003,63641.3631537941
0.5040000000000003,63636.98979094261
0.5060000000000003,63632.60317277421
0.5080000000000003,63628.21105822885
0.5100000000000003,63623.80843150452
0.5120000000000003,63619.40517059588
0.5140000000000003,63615.06851404441
0.5160000000000003,63610.82556659634
0.5180000000000003,63606.660897744245
0.5200000000000004,63602.53347393008
0.5220000000000004,63598.426912903014
0.5240000000000004,63594.33879196057
0.5260000000000004,63590.25619089804
0.5280000000000004,63586.15038881364
0.5300000000000004,63582.041593438655
0.5320000000000004,63577.90956736566
0.5340000000000004,63573.7776136861
0.5360000000000004,63569.63556100952
0.5380000000000004,63565.516425100745
0.5400000000000004,63561.39614954827
0.5420000000000004,63557.28383697606
0.5440000000000004,63553.14239791657
0.5460000000000004,63548.91756572951
0.5480000000000004,63544.62019962809
0.5500000000000004,63540.286326438196
0.5520000000000004,63535.9204622717
0.5540000000000004,63531.5287947646
0.5560000000000004,63527.12183202735
0.5580000000000004,63522.69319519549
0.5600000000000004,63518.24984072868
0.5620000000000004,63513.783697342566
0.5640000000000004,63509.296956822705
0.5660000000000004,63504.88145846534
0.5680000000000004,63500.53251292354
0.5700000000000004,63496.214743491444
0.5720000000000004,63491.9221762147
0.5740000000000004,63487.63887772237
0.5760000000000004,63483.35158425029
0.5780000000000004,63479.05992347657
0.5800000000000004,63474.756735211704
0.5820000000000004,63470.4238261972
0.5840000000000004,63466.07896008116
0.5860000000000004,63461.7467735529
0.5880000000000004,63457.42105130133
0.5900000000000004,63453.10571168026
0.5920000000000004,63448.78229253592
0.5940000000000004,63444.4470533374
0.5960000000000004,63440.11327240202
0.5980000000000004,63435.76727528466
0.6000000000000004,63431.41781398015
0.6020000000000004,63427.06635667458
0.6040000000000004,63422.71325786894
0.6060000000000004,63418.3581037162
0.6080000000000004,63413.99235462452
0.6100000000000004,63409.63147717751
0.6120000000000004,63405.27960781092
0.6140000000000004,63400.94148620701
0.6160000000000004,63396.556392270846
0.6180000000000004,63392.16068919738
0.6200000000000004,63387.772788944174
0.6220000000000004,63383.38998038075
0.6240000000000004,63379.020793302036
0.6260000000000004,63374.65015841915
0.6280000000000004,63370.291707355165
0.6300000000000004,63365.93777869471
0.6320000000000005,63361.58723193342
0.6340000000000005,63357.24890720862
0.6360000000000005,63352.90899701491
0.6380000000000005,63348.58021011696
0.6400000000000005,63344.25373424373
0.6420000000000005,63339.92759384263
0.6440000000000005,63335.59265983582
0.6460000000000005,63331.26262125646
0.6480000000000005,63326.92226826834
0.6500000000000005,63322.57764552837
0.6520000000000005,63318.22832990716
0.6540000000000005,63313.86605440864
0.6560000000000005,63309.50491859245
0.6580000000000005,63305.122232193906
0.6600000000000005,63300.738859638834
0.6620000000000005,63296.340097651824
0.6640000000000005,63291.92450331701
0.6660000000000005,63287.498799537294
0.6680000000000005,63283.06283851703
0.6700000000000005,63278.619019007914
0.6720000000000005,63274.21067727686
0.6740000000000005,63269.80798926618
0.6760000000000005,63265.420067990286
0.6780000000000005,63261.035814304
0.6800000000000005,63256.64531324204
0.6820000000000005,63252.268356539935
0.6840000000000005,63247.910409947355
0.6860000000000005,63243.567850540996
0.6880000000000005,63239.20426233546
0.6900000000000005,63234.821351847364
0.6920000000000005,63230.427179505525
0.6940000000000005,63225.994836051206
0.6960000000000005,63221.48527771516
0.6980000000000005,63216.9056498581
0.7000000000000005,63212.293112842104
0.7020000000000005,63207.65311020921
0.7040000000000005,63202.98950553855
0.7060000000000005,63198.31138120198
0.7080000000000005,63193.622108951204
0.7100000000000005,63188.91631086321
0.7120000000000005,63184.202180824344
0.7140000000000005,63179.47287483231
0.7160000000000005,63174.7525718708
0.7180000000000005,63170.046030246085
0.7200000000000005,63165.334687251
0.7220000000000005,63160.620654740575
0.7240000000000005,63155.904943580514
0.7260000000000005,63151.20072531741
0.7280000000000005,63146.4926819344
0.7300000000000005,63141.79308052549
0.7320000000000005,63137.10638145243
0.7340000000000005,63132.44596379159
0.7360000000000005,63127.78515298786
0.7380000000000005,63123.12596630548
0.7400000000000005,63118.45803968489
0.7420000000000005,63113.77867685682
0.7440000000000005,63109.07852924695
0.7460000000000006,63104.36689505117
0.7480000000000006,63099.63895598959
0.7500000000000006,63094.903524005196
0.7520000000000006,63090.16191303862
0.7540000000000006,63085.414755005186
0.7560000000000006,63080.65575093304
0.7580000000000006,63075.893187917936
0.7600000000000006,63071.1357965374
0.7620000000000006,63066.36919965555
0.7640000000000006,63061.599832965876
0.7660000000000006,63056.81992350438
0.7680000000000006,63052.04378585493
0.7700000000000006,63047.256753860194
0.7720000000000006,63042.46514205259
0.7740000000000006,63037.66877941935
0.7760000000000006,63032.83522496717
0.7780000000000006,63027.91632214339
0.7800000000000006,63022.947053041215
0.7820000000000006,63017.961298589384
0.7840000000000006,63012.97120531922
0.7860000000000006,63007.9813183969
0.7880000000000006,63003.00050231906
0.7900000000000006,62998.02170674049
0.7920000000000006,62993.03645842707
0.7940000000000006,62988.058737631945
0.7960000000000006,62983.06625261146
0.7980000000000006,62978.055801714065
0.8000000000000006,62973.036846550014
0.8020000000000006,62968.01232838277
0.8040000000000006,62962.97641496326
0.8060000000000006,62957.94459895456
0.8080000000000006,62952.90295280002
0.8100000000000006,62947.86583228025
0.8120000000000006,62942.81873202714
0.8140000000000006,62937.76811611938
0.8160000000000006,62932.713989422904
0.8180000000000006,62927.648566507276
0.8200000000000006,62922.59408851521
0.8220000000000006,62917.55705871032
0.8240000000000006,62912.52316690224
0.8260000000000006,62907.478165209235
0.8280000000000006,62902.41940205992
0.8300000000000006,62897.368161823826
0.8320000000000006,62892.33207658569
0.8340000000000006,62887.30073434684
0.8360000000000006,62882.24323202586
0.8380000000000006,62877.16941903008
0.8400000000000006,62872.07538985602
0.8420000000000006,62866.96441172254
0.8440000000000006,62861.85412538326
0.8460000000000006,62856.731980666686
0.8480000000000006,62851.613085851306
0.8500000000000006,62846.46880005236
0.8520000000000006,62841.310253757794
0.8540000000000006,62836.13281655283
0.8560000000000006,62830.9464500501
0.8580000000000007,62825.74596060226
0.8600000000000007,62820.54719958183
0.8620000000000007,62815.33656999192
0.8640000000000007,62810.03947300965
0.8660000000000007,62804.68332771516
0.8680000000000007,62799.27641123372
0.8700000000000007,62793.84721227639
0.8720000000000007,62788.40582735718
0.8740000000000007,62782.95764191334
0.8760000000000007,62777.497592127074
0.8780000000000007,62772.04124603842
0.8800000000000007,62766.57978797631
0.8820000000000007,62761.14354892961
0.8840000000000007,62755.716421190074
0.8860000000000007,62750.29337067605
0.8880000000000007,62744.87059351283
0.8900000000000007,62739.43812217626
0.8920000000000007,62734.00014263387
0.8940000000000007,62728.52192461027
0.8960000000000007,62723.012375034086
0.8980000000000007,62717.486288168126
0.9000000000000007,62711.9426766163
0.9020000000000007,62706.39251880038
0.9040000000000007,62700.82212955896
0.9060000000000007,62695.238864488245
0.9080000000000007,62689.639552392866
0.9100000000000007,62684.03493678334
0.9120000000000007,62678.435377706395
0.9140000000000007,62672.82775981955
0.9160000000000007,62667.21918894797
0.9180000000000007,62661.61003784614
0.9200000000000007,62656.0003362792
0.9220000000000007,62650.4009726889
0.9240000000000007,62644.815585480144
0.9260000000000007,62639.24921674253
0.9280000000000007,62633.69777715987
0.9300000000000007,62628.14467432503
0.9320000000000007,62622.612906011556
0.9340000000000007,62617.100306561566
0.9360000000000007,62611.59466859759
0.9380000000000007,62606.07838051785
0.9400000000000007,62600.555006706614
0.9420000000000007,62595.01776229062
0.9440000000000007,62589.47486431011
0.9460000000000007,62583.927651526836
0.9480000000000007,62578.37679042095
0.9500000000000007,62572.82252985979
0.9520000000000007,62567.16459894589
0.9540000000000007,62561.38890321615
0.9560000000000007,62555.54415457635
0.9580000000000007,62549.63809069218
0.9600000000000007,62543.69574219773
0.9620000000000007,62537.74569745726
0.9640000000000007,62531.781959149914
0.9660000000000007,62525.82288117751
0.9680000000000007,62519.856086294065
0.9700000000000008,62513.896425680105
0.9720000000000008,62507.92983266337
0.9740000000000008,62501.97041179698
0.9760000000000008,62496.001413366466
0.9780000000000008,62490.029261855765
0.9800000000000008,62484.054644578966
0.9820000000000008,62478.09718022321
0.9840000000000008,62472.159035376615
0.9860000000000008,62466.229305725705
0.9880000000000008,62460.2961326785
0.9900000000000008,62454.371110810884
0.9920000000000008,62448.44603178911
0.9940000000000008,62442.51221546146
0.9960000000000008,62436.57597903486
0.9980000000000008,62430.64495788669
1.0000000000000007,62424.70467592992
1.0020000000000007,62418.75395172042
1.0040000000000007,62412.80729121779
1.0060000000000007,62406.85813342246
1.0080000000000007,62400.89860944299
1.0100000000000007,62394.929317344926
1.0120000000000007,62388.873176534515
1.0140000000000007,62382.7549167742
1.0160000000000007,62376.60470047195
1.0180000000000007,62370.42872225689
1.0200000000000007,62364.24230053974
1.0220000000000007,62358.05066861705
1.0240000000000007,62351.88582808203
1.0260000000000007,62345.733827479664
1.0280000000000007,62339.589629024784
1.0300000000000007,62333.44898625359
1.0320000000000007,62327.3145553648
1.0340000000000007,62321.20750288522
1.0360000000000007,62315.103498168064
1.0380000000000007,62309.01184590034
1.0400000000000007,62302.92238343909
1.0420000000000007,62296.82511042334
1.0440000000000007,62290.69067172993
1.0460000000000007,62284.47000471868
1.0480000000000007,62278.18346881334
1.0500000000000007,62271.8634784936
1.0520000000000007,62265.51834206001
1.0540000000000007,62259.16487036256
1.0560000000000007,62252.80882901968
1.0580000000000007,62246.452926055244
1.0600000000000007,62240.105744085246
1.0620000000000007,62233.75273859233
1.0640000000000007,62227.382274686184
1.0660000000000007,62221.00213856846
1.0680000000000007,62214.61596554286
1.0700000000000007,62208.22666704636
1.0720000000000007,62201.79825597074
1.0740000000000007,62195.30806861841
1.0760000000000007,62188.77885464025
1.0780000000000007,62182.22304248697
1.0800000000000007,62175.664564811785
1.0820000000000007,62169.094967141624
1.0840000000000007,62162.54990981813
1.0860000000000007,62156.01850004147
1.0880000000000007,62149.50446025839
1.0900000000000007,62142.99707100014
1.0920000000000007,62136.49323716547
1.0940000000000007,62129.99115223899
1.0960000000000008,62123.489875203195
1.0980000000000008,62116.981406436054
1.1000000000000008,62110.47985923495
1.1020000000000008,62103.978621229886
1.1040000000000008,62097.46985944681
1.1060000000000008,62090.96771772594
1.1080000000000008,62084.4656110227
1.1100000000000008,62077.95558186143
1.1120000000000008,62071.44094750615
1.1140000000000008,62064.92211301692
1.1160000000000008,62058.384158624955
1.1180000000000008,62051.82518544729
1.1200000000000008,62045.25561085206
1.1220000000000008,62038.70088521605
1.1240000000000008,62032.16467961105
1.1260000000000008,62025.63670586553
1.1280000000000008,62019.112801657255
1.1300000000000008,62012.59008450835
1.1320000000000008,62006.05938385457
1.1340000000000008,61999.487321797584
1.1360000000000008,61992.87381109966
1.1380000000000008,61986.15221693955
1.1400000000000008,61979.351390305565
1.1420000000000008,61972.492284159685
1.1440000000000008,61965.61566979499
1.1460000000000008,61958.720558814945
1.1480000000000008,61951.8280995269
1.1500000000000008,61944.913910118834
1.1520000000000008,61937.999730707576
1.1540000000000008,61931.082029159086
1.1560000000000008,61924.15539749872
1.1580000000000008,61917.235427861175
1.1600000000000008,61910.308911102686
1.1620000000000008,61903.390312763884
1.1640000000000008,61896.474811946915
1.1660000000000008,61889.56197387483
1.1680000000000008,61882.636070622655
1.1700000000000008,61875.693005273344
1.1720000000000008,61868.74956287153
1.1740000000000008,61861.79483529919
1.1760000000000008,61854.83753735174
1.1780000000000008,61847.87922345435
1.1800000000000008,61840.9206384746
1.1820000000000008,61833.96209416523
1.1840000000000008,61827.003659962276
1.1860000000000008,61820.05561928844
1.1880000000000008,61813.12152672834
1.1900000000000008,61806.20695877402
1.1920000000000008,61799.30864349611
1.1940000000000008,61792.40866893827
1.1960000000000008,61785.51114826303
1.1980000000000008,61778.54106323941
1.2000000000000008,61771.50923467207
1.2020000000000008,61764.4295488504
1.2040000000000008,61757.33762430893
1.2060000000000008,61750.22950193451
1.2080000000000009,61743.12470946306
1.2100000000000009,61736.012015785425
1.2120000000000009,61728.90655962973
1.2140000000000009,61721.81307438001
1.2160000000000009,61714.75047735397
1.2180000000000009,61707.70140150211
1.2200000000000009,61700.644470683095
1.2220000000000009,61693.58099620516
1.2240000000000009,61686.50453678112
1.2260000000000009,61679.43133795625
1.2280000000000009,61672.349208834275
1.2300000000000009,61665.26567626666
1.2320000000000009,61658.187555076984
1.2340000000000009,61651.01532818142
1.2360000000000009,61643.77887034948
1.2380000000000009,61636.50472596756
1.2400000000000009,61629.24085571175
1.2420000000000009,61621.97869004038
1.2440000000000009,61614.719010255154
1.2460000000000009,61607.46176780554
1.2480000000000009,61600.20668555885
1.2500000000000009,61592.94604336784
1.252000000000001,61585.67246310647
1.254000000000001,61578.394980505844
1.256000000000001,61571.1160723237
1.258000000000001,61563.83726528195
1.260000000000001,61556.55936327401
1.262000000000001,61549.22535732088
1.264000000000001,61541.82140125433
1.266000000000001,61534.37320976705
1.268000000000001,61526.89566202181
1.270000000000001,61519.405250589945
1.272000000000001,61511.89187569777
1.274000000000001,61504.36682551153
1.276000000000001,61496.83540135697
1.278000000000001,61489.30123188807
1.280000000000001,61481.759025514875
1.282000000000001,61474.22400155166
1.284000000000001,61466.690261756616
1.286000000000001,61459.15773575507
1.288000000000001,61451.626329059436
1.290000000000001,61444.09596013905
1.292000000000001,61436.58643057757
1.294000000000001,61429.09812709979
1.296000000000001,61421.62002120526
1.298000000000001,61414.14794547519
1.300000000000001,61406.679215434844
1.302000000000001,61399.212269496646
1.304000000000001,61391.74626934056
1.306000000000001,61384.280785547926
1.308000000000001,61376.82300051731
1.310000000000001,61369.378437515225
1.312000000000001,61361.95726965849
1.314000000000001,61354.548555016656
1.316000000000001,61347.15464313477
1.318000000000001,61339.76527733379
1.320000000000001,61332.37060189192
1.322000000000001,61324.97028569166
1.324000000000001,61317.5515998904
1.326000000000001,61310.12353763854
1.328000000000001,61302.60578495992
1.330000000000001,61294.92757138641
1.332000000000001,61287.14643924778
1.334000000000001,61279.295341300276
1.336000000000001,61271.41454681945
1.338000000000001,61263.521173778834
1.340000000000001,61255.63164553119
1.342000000000001,61247.73612001872
1.344000000000001,61239.86720904419
1.346000000000001,61232.00870713146
1.348000000000001,61224.155307888985
1.350000000000001,61216.305132125766
1.352000000000001,61208.45770637159
1.354000000000001,61200.62036017698
1.356000000000001,61192.77907833642
1.358000000000001,61184.94757885682
1.360000000000001,61177.112005733725
1.362000000000001,61169.28608864114
1.364000000000001,61161.46332025787
1.366000000000001,61153.64231828127
1.368000000000001,61145.81263199296
1.370000000000001,61137.98860161556
1.372000000000001,61130.1561227729
1.374000000000001,61122.30514668765
1.376000000000001,61114.44417444546
1.378000000000001,61106.57737578268
1.380000000000001,61098.708026369415
1.382000000000001,61090.83082724991
1.384000000000001,61082.96089987056
1.386000000000001,61075.09244411471
1.388000000000001,61067.22542689338
1.390000000000001,61059.35976314949
1.392000000000001,61051.495373054546
1.394000000000001,61043.59439007609
1.396000000000001,61035.618475865005
1.398000000000001,61027.60279224028
1.400000000000001,61019.57633853401
1.402000000000001,61011.53491703788
1.404000000000001,61003.517310990304
1.406000000000001,60995.52387349836
1.408000000000001,60987.5443423049
1.410000000000001,60979.57368495824
1.412000000000001,60971.61556238277
1.414000000000001,60963.653748146884
1.416000000000001,60955.70063837044
1.418000000000001,60947.74186751946
1.420000000000001,60939.783545293794
1.422000000000001,60931.833146486184
1.424000000000001,60923.860662964595
1.426000000000001,60915.876779547674
1.428000000000001,60907.79891785628
1.430000000000001,60899.644304615584
1.432000000000001,60891.4457531321
1.434000000000001,60883.234923549746
1.436000000000001,60875.00933750829
1.438000000000001,60866.78880160607
1.440000000000001,60858.55435722575
1.442000000000001,60850.306832342525
1.444000000000001,60842.06349692398
1.446000000000001,60833.820566300004
1.448000000000001,60825.57932654843
1.450000000000001,60817.35908809601
1.452000000000001,60809.16188884846
1.454000000000001,60800.98460345798
1.456000000000001,60792.809303684015
1.458000000000001,60784.64692467978
1.460000000000001,60776.489501436015
1.462000000000001,60768.29205662646
1.464000000000001,60760.021573176535
1.466000000000001,60751.69276444544
1.468000000000001,60743.32877773686
1.470000000000001,60734.9502949903
1.472000000000001,60726.573580108154
1.474000000000001,60718.1809132492
1.476000000000001,60709.77081638952
1.478000000000001,60701.3538239102
1.480000000000001,60692.93396112399
1.482000000000001,60684.51381398069
1.484000000000001,60676.09483760416
1.486000000000001,60667.67772181557
1.488000000000001,60659.26089031123
1.490000000000001,60650.842422642534
1.492000000000001,60642.42293505644
1.494000000000001,60634.00345412313
1.496000000000001,60625.600994180015
1.498000000000001,60617.22462165247
1.500000000000001,60608.87170225337
1.5020000000000011,60600.53269535948
1.5040000000000011,60592.22787239562
1.5060000000000011,60583.93993743354
1.5080000000000011,60575.66281763486
1.5100000000000011,60567.39217997628
1.5120000000000011,60559.13267213953
1.5140000000000011,60550.868959050145
1.5160000000000011,60542.613786422466
1.5180000000000011,60534.35313143314
1.5200000000000011,60526.093164709106
1.5220000000000011,60517.84133808356
1.5240000000000011,60509.569202266815
1.5260000000000011,60501.21627557418
1.5280000000000011,60492.78138436316
1.5300000000000011,60484.276762508955
1.5320000000000011,60475.665004995666
1.5340000000000011,60466.9526866127
1.5360000000000011,60458.18498260191
1.5380000000000011,60449.391573204106
1.5400000000000011,60440.59466029939
1.5420000000000011,60431.78855864687
1.5440000000000011,60422.990711718216
1.5460000000000012,60414.19643748032
1.5480000000000012,60405.40600823304
1.5500000000000012,60396.619353910144
1.5520000000000012,60387.84355260831
1.5540000000000012,60379.06462078755
1.5560000000000012,60370.30900288016
1.5580000000000012,60361.57007953176
1.5600000000000012,60352.85218041347
1.5620000000000012,60344.14471565868
1.5640000000000012,60335.44420428898
1.5660000000000012,60326.74851450049
1.5680000000000012,60318.06372680263
1.5700000000000012,60309.375430076994
1.5720000000000012,60300.696763888634
1.5740000000000012,60292.00445185195
1.5760000000000012,60283.29544344342
1.5780000000000012,60274.57951843351
1.5800000000000012,60265.8532988906
1.5820000000000012,60257.13329787362
1.5840000000000012,60248.41492815799
1.5860000000000012,60239.70614349965
1.5880000000000012,60231.0255254558
1.5900000000000012,60222.372443455504
1.5920000000000012,60213.734399949186
1.5940000000000012,60205.11309389634
1.5960000000000012,60196.49117998631
1.5980000000000012,60187.88001913341
1.6000000000000012,60179.26501541438
1.6020000000000012,60170.60163737526
1.6040000000000012,60161.85008066782
1.6060000000000012,60153.04725484202
1.6080000000000012,60144.20776654461
1.6100000000000012,60135.36884253844
1.6120000000000012,60126.54237891663
1.6140000000000012,60117.7306658076
1.6160000000000012,60108.91843136051
1.6180000000000012,60100.108379703066
1.6200000000000012,60091.29259697125
1.6220000000000012,60082.464281767556
1.6240000000000012,60073.613985172524
1.6260000000000012,60064.66559752108
1.6280000000000012,60055.63641197599
1.6300000000000012,60046.56065050539
1.6320000000000012,60037.46415796245
1.6340000000000012,60028.35959155175
1.6360000000000012,60019.253877919145
1.6380000000000012,60010.15759824051
1.6400000000000012,60001.06564669972
1.6420000000000012,59991.97814009962
1.6440000000000012,59982.89498148727
1.6460000000000012,59973.81603407597
1.6480000000000012,59964.748344156134
1.6500000000000012,59955.6780324754
1.6520000000000012,59946.61826209765
1.6540000000000012,59937.562585372434
1.6560000000000012,59928.510618568565
1.6580000000000013,59919.46214186666
1.6600000000000013,59910.42420219153
1.6620000000000013,59901.38301853282
1.6640000000000013,59892.36964084701
1.6660000000000013,59883.37283015532
1.6680000000000013,59874.395719304055
1.6700000000000013,59865.42787973345
1.6720000000000013,59856.46183212229
1.6740000000000013,59847.39844561574
1.6760000000000013,59838.24583313281
1.6780000000000013,59829.0800476764
1.6800000000000013,59819.899825234424
1.6820000000000013,59810.73339342416
1.6840000000000013,59801.563567047466
1.6860000000000013,59792.40399910331
1.6880000000000013,59783.241035982115
1.6900000000000013,59774.08774221295
1.6920000000000013,59764.93761798205
1.6940000000000013,59755.79022625103
1.6960000000000013,59746.64532921353
1.6980000000000013,59737.50280438083
1.7000000000000013,59728.362579363005
1.7020000000000013,59719.22460591814
1.7040000000000013,59710.09603553307
1.7060000000000013,59700.947880203465
1.7080000000000013,59691.792629265874
1.7100000000000013,59682.63357948697
1.7120000000000013,59673.47359298435
1.7140000000000013,59664.31452771758
1.7160000000000013,59655.1645394179
1.7180000000000013,59646.02765534914
1.7200000000000013,59636.91287160446
1.7220000000000013,59627.79979708347
1.7240000000000013,59618.66491061262
1.7260000000000013,59609.45316364385
1.7280000000000013,59600.16316608311
1.7300000000000013,59590.82504462055
1.7320000000000013,59581.45697004605
1.7340000000000013,59572.08575559436
1.7360000000000013,59562.71293636791
1.7380000000000013,59553.34217926139
1.7400000000000013,59543.98224504388
1.7420000000000013,59534.62016057905
1.7440000000000013,59525.26926670909
1.7460000000000013,59515.87102247392
1.7480000000000013,59506.39521412857
1.7500000000000013,59496.87171634734
1.7520000000000013,59487.3167976047
1.7540000000000013,59477.74984096416
1.7560000000000013,59468.18614738324
1.7580000000000013,59458.623606235815
1.7600000000000013,59449.05676821119
1.7620000000000013,59439.5069372061
1.7640000000000013,59429.95468607506
1.7660000000000013,59420.43485248874
1.7680000000000013,59410.94494737803
1.7700000000000014,59401.47014668688
1.7720000000000014,59392.0107685739
1.7740000000000014,59382.56081532683
1.7760000000000014,59373.118337584245
1.7780000000000014,59363.681530161884
1.7800000000000014,59354.24915412463
1.7820000000000014,59344.8275116843
1.7840000000000014,59335.40261969491
1.7860000000000014,59325.98735755476
1.7880000000000014,59316.56827574662
1.7900000000000014,59307.15309756401
1.7920000000000014,59297.717965574266
1.7940000000000014,59288.28446111831
1.7960000000000014,59278.8450486177
1.7980000000000014,59269.42329351993
1.8000000000000014,59260.000056939316
1.8020000000000014,59250.580784371276
1.8040000000000014,59241.17216663954
1.8060000000000014,59231.760385168585
1.8080000000000014,59222.35832294729
1.8100000000000014,59212.95962541893
1.8120000000000014,59203.563912762795
1.8140000000000014,59194.17096946169
1.8160000000000014,59184.78063520085
1.8180000000000014,59175.39279965425
1.8200000000000014,59165.92097319331
1.8220000000000014,59156.34945959581
1.8240000000000014,59146.7280702623
1.8260000000000014,59137.06990646613
1.8280000000000014,59127.32240304236
1.8300000000000014,59117.522388966936
1.8320000000000014,59107.695346065295
1.8340000000000014,59097.855253691756
1.8360000000000014,59088.00812914059
1.8380000000000014,59078.15201082151
1.8400000000000014,59068.30364849275
1.8420000000000014,59058.46592006579
1.8440000000000014,59048.62606363686
1.8460000000000014,59038.797368646694
1.8480000000000014,59028.966602554305
1.8500000000000014,59019.1468267946
1.8520000000000014,59009.33180586465
1.8540000000000014,58999.528215573344
1.8560000000000014,58989.722422641695
1.8580000000000014,58979.920300195234
1.8600000000000014,58970.160702491834
1.8620000000000014,58960.43206848128
1.8640000000000014,58950.721559656384
1.8660000000000014,58941.02302625929
1.8680000000000014,58931.32622296577
1.8700000000000014,58921.61562529445
1.8720000000000014,58911.89732730876
1.8740000000000014,58902.152515573725
1.8760000000000014,58892.39760734122
1.8780000000000014,58882.64509420107
1.8800000000000014,58872.89776570196
1.8820000000000014,58863.17138064489
1.8840000000000015,58853.45871495874
1.8860000000000015,58843.76332674347
1.8880000000000015,58834.0829319896
1.8900000000000015,58824.40183545088
1.8920000000000015,58814.724722243765
1.8940000000000015,58805.01723485775
1.8960000000000015,58795.231982299825
1.8980000000000015,58785.39530523315
1.9000000000000015,58775.516511904614
1.9020000000000015,58765.62914242045
1.9040000000000015,58755.72933142986
1.9060000000000015,58745.83521497823
1.9080000000000015,58735.94314698071
1.9100000000000015,58726.060883685466
1.9120000000000015,58716.17527653408
1.9140000000000015,58706.29224958057
1.9160000000000015,58696.40945828346
1.9180000000000015,58686.516860058546
1.9200000000000015,58676.60159961283
1.9220000000000015,58666.6870051707
1.9240000000000015,58656.76373255142
1.9260000000000015,58646.847201229175
1.9280000000000015,58636.919941585955
1.9300000000000015,58626.874445657864
1.9320000000000015,58616.80098932022
1.9340000000000015,58606.68917531459
1.9360000000000015,58596.57916295108
1.9380000000000015,58586.48166271367
1.9400000000000015,58576.39948613626
1.9420000000000015,58566.325567442575
1.9440000000000015,58556.25846175153
1.9460000000000015,58546.19394952734
1.9480000000000015,58536.16313490481
1.9500000000000015,58526.16153307046
1.9520000000000015,58516.18439826741
1.9540000000000015,58506.20842790769
1.9560000000000015,58496.23100108791
1.9580000000000015,58486.24487550503
1.9600000000000015,58476.26513298238
1.9620000000000015,58466.28068248359
1.9640000000000015,58456.30484380944
1.9660000000000015,58446.3134121883
1.9680000000000015,58436.30657926043
1.9700000000000015,58426.247086594034
1.9720000000000015,58416.113718291854
1.9740000000000015,58405.924000778
1.9760000000000015,58395.70114599048
1.9780000000000015,58385.472234935434
1.9800000000000015,58375.239718478675
1.9820000000000015,58365.00785998279
1.9840000000000015,58354.77867779036
1.9860000000000015,58344.559952283686
1.9880000000000015,58334.338712825505
1.9900000000000015,58324.14504204873
1.9920000000000015,58313.97476936322
1.9940000000000015,58303.81775396422
1.9960000000000016,58293.66991795772
1.9980000000000016,58283.52848585029
2.0000000000000013,58273.398785821555
2.002000000000001,58263.26673287923
2.004000000000001,58253.14471852729
2.0060000000000007,58243.01949311851
2.0080000000000005,58232.90383929252
2.0100000000000002,58222.79165763904
2.012,58212.68264029693
2.014,58202.557941739295
2.0159999999999996,58192.416099219714
2.0179999999999993,58182.26723284234
2.019999999999999,58172.11544125691
2.021999999999999,58161.96346833515
2.0239999999999987,58151.81290689211
2.0259999999999985,58141.671468260465
2.0279999999999982,58131.52633929577
2.029999999999998,58121.3835224212
2.031999999999998,58111.185252996605
2.0339999999999976,58100.90983341241
2.0359999999999974,58090.60447328924
2.037999999999997,58080.28612754325
2.039999999999997,58069.971505642134
2.0419999999999967,58059.65249410983
2.0439999999999965,58049.35908092016
2.0459999999999963,58039.0726173541
2.047999999999996,58028.72360564934
2.049999999999996,58018.32418113649
2.0519999999999956,58007.89320991968
2.0539999999999954,57997.447238714514
2.055999999999995,57986.99386416972
2.057999999999995,57976.538627464855
2.0599999999999947,57966.084926202755
2.0619999999999945,57955.61582140913
2.0639999999999943,57945.137555338435
2.065999999999994,57934.65437202182
2.067999999999994,57924.16322643471
2.0699999999999936,57913.67981740219
2.0719999999999934,57903.19978209131
2.073999999999993,57892.73052654951
2.075999999999993,57882.25916159083
2.0779999999999927,57871.798439464656
2.0799999999999925,57861.3354441978
2.0819999999999923,57850.8829419114
2.083999999999992,57840.43489856575
2.085999999999992,57829.991001838964
2.0879999999999916,57819.557932153155
2.0899999999999914,57809.12250173151
2.091999999999991,57798.690474593626
2.093999999999991,57788.26886667483
2.0959999999999908,57777.851508301064
2.0979999999999905,57767.439699535775
2.0999999999999903,57757.05034224457
2.10199999999999,57746.68305662685
2.10399999999999,57736.334515170296
2.1059999999999897,57725.98787603456
2.1079999999999894,57715.64651374552
2.109999999999989,57705.29753157345
2.111999999999989,57694.9220599957
2.1139999999999888,57684.52244623249
2.1159999999999886,57674.11059312357
2.1179999999999883,57663.692816545816
2.119999999999988,57653.28544427445
2.121999999999988,57642.90652462616
2.1239999999999877,57632.520987927324
2.1259999999999875,57622.08066569922
2.1279999999999872,57611.5860439725
2.129999999999987,57601.07460275281
2.131999999999987,57590.54492701363
2.1339999999999866,57580.01030035602
2.1359999999999864,57569.4016877905
2.137999999999986,57558.71400712821
2.139999999999986,57547.98892995678
2.1419999999999857,57537.244232398996
2.1439999999999855,57526.49189514831
2.1459999999999853,57515.738836088596
2.147999999999985,57504.98860938084
2.149999999999985,57494.24963722936
2.1519999999999846,57483.51635896315
2.1539999999999844,57472.804459075785
2.155999999999984,57462.1168397061
2.157999999999984,57451.42419842558
2.1599999999999837,57440.72035029265
2.1619999999999835,57430.01783612467
2.1639999999999833,57419.30667680168
2.165999999999983,57408.595457949836
2.167999999999983,57397.88628738248
2.1699999999999826,57387.187185442104
2.1719999999999824,57376.492631482295
2.173999999999982,57365.795743846145
2.175999999999982,57355.10940267451
2.1779999999999817,57344.4345812287
2.1799999999999815,57333.75806811638
2.1819999999999813,57323.09226681945
2.183999999999981,57312.42433146105
2.185999999999981,57301.76684781308
2.1879999999999806,57291.11383674391
2.1899999999999804,57280.44984568675
2.19199999999998,57269.77927267968
2.19399999999998,57259.09822303506
2.1959999999999797,57248.42267584323
2.1979999999999795,57237.74906698935
2.1999999999999793,57227.07171063481
2.201999999999979,57216.395105156065
2.203999999999979,57205.63237036823
2.2059999999999786,57194.80951140429
2.2079999999999784,57183.977324276515
2.209999999999978,57173.15709711475
2.211999999999978,57162.35427688701
2.2139999999999778,57151.5685554576
2.2159999999999775,57140.79142717919
2.2179999999999773,57130.02059799808
2.219999999999977,57119.25461931456
2.221999999999977,57108.49269153544
2.2239999999999767,57097.734400226815
2.2259999999999764,57086.97954430684
2.227999999999976,57076.22802557921
2.229999999999976,57065.48655329417
2.231999999999976,57054.74222757839
2.2339999999999756,57044.007501086
2.2359999999999753,57033.27644641049
2.237999999999975,57022.54875194856
2.239999999999975,57011.76426299204
2.2419999999999747,57000.90100105012
2.2439999999999745,56989.98907494121
2.2459999999999742,56979.05247569367
2.247999999999974,56968.10484082406
2.249999999999974,56957.15448402727
2.2519999999999736,56946.20254725731
2.2539999999999734,56935.23411735926
2.255999999999973,56924.250702962585
2.257999999999973,56913.26974255537
2.2599999999999727,56902.28922767165
2.2619999999999725,56891.31145744154
2.2639999999999723,56880.35560620982
2.265999999999972,56869.403625209285
2.267999999999972,56858.4448872738
2.2699999999999716,56847.492666265
2.2719999999999714,56836.536000671236
2.273999999999971,56825.588749566414
2.275999999999971,56814.645944114964
2.2779999999999707,56803.70774254727
2.2799999999999705,56792.780889073394
2.2819999999999703,56781.80750452885
2.28399999999997,56770.78204454052
2.28599999999997,56759.718956663666
2.2879999999999696,56748.63065136911
2.2899999999999694,56737.5334891776
2.291999999999969,56726.4409210943
2.293999999999969,56715.364888662465
2.2959999999999687,56704.3146948414
2.2979999999999685,56693.28870750445
2.2999999999999683,56682.26212483424
2.301999999999968,56671.22393624342
2.303999999999968,56660.18026920634
2.3059999999999676,56649.13409398412
2.3079999999999674,56638.09472318233
2.309999999999967,56627.051171616076
2.311999999999967,56616.01009305128
2.3139999999999668,56604.97889457058
2.3159999999999665,56593.945145646794
2.3179999999999663,56582.93477208311
2.319999999999966,56571.94072473145
2.321999999999966,56560.96688924288
2.3239999999999656,56550.0102460176
2.3259999999999654,56539.05759316846
2.327999999999965,56528.12884291219
2.329999999999965,56517.2034857633
2.3319999999999648,56506.29142299653
2.3339999999999645,56495.38510639043
2.3359999999999643,56484.47651786024
2.337999999999964,56473.57760782179
2.339999999999964,56462.675881954354
2.3419999999999637,56451.753781810614
2.3439999999999634,56440.82530818982
2.3459999999999632,56429.806666863435
2.347999999999963,56418.68960005992
2.349999999999963,56407.513994583634
2.3519999999999626,56396.3013038083
2.3539999999999623,56385.08076290829
2.355999999999962,56373.856835391285
2.357999999999962,56362.64139190076
2.3599999999999617,56351.42426249636
2.3619999999999615,56340.16988906818
2.3639999999999612,56328.84768665281
2.365999999999961,56317.484643766424
2.367999999999961,56306.09914921538
2.3699999999999606,56294.70210423973
2.3719999999999604,56283.30457535498
2.37399999999996,56271.93240687064
2.37599999999996,56260.57482593048
2.3779999999999597,56249.23555873771
2.3799999999999595,56237.905815753904
2.3819999999999593,56226.58325262835
2.383999999999959,56215.26647914376
2.385999999999959,56203.95476133574
2.3879999999999586,56192.67000744016
2.3899999999999584,56181.41847932072
2.391999999999958,56170.19706354894
2.393999999999958,56158.99765572652
2.3959999999999577,56147.78351278694
2.3979999999999575,56136.56339365668
2.3999999999999573,56125.33975263594
2.401999999999957,56114.10881410002
2.403999999999957,56102.88528443547
2.4059999999999566,56091.664861907244
2.4079999999999564,56080.44804102733
2.409999999999956,56069.24165002746
2.411999999999956,56058.033168515816
2.4139999999999557,56046.818534068756
2.4159999999999555,56035.583945902785
2.4179999999999553,56024.35098023842
2.419999999999955,56013.11754162567
2.421999999999955,56001.88581288248
2.4239999999999546,55990.663634340606
2.4259999999999544,55979.439064868355
2.427999999999954,55968.242156340246
2.429999999999954,55957.06170426519
2.4319999999999538,55945.900449436034
2.4339999999999535,55934.74885463284
2.4359999999999533,55923.60406628769
2.437999999999953,55912.47100209845
2.439999999999953,55901.33626339372
2.4419999999999527,55890.17014089554
2.4439999999999524,55878.9143159991
2.445999999999952,55867.58664962304
2.447999999999952,55856.22408602727
2.4499999999999518,55844.843379388
2.4519999999999516,55833.35465796379
2.4539999999999513,55821.794050733726
2.455999999999951,55810.195451391424
2.457999999999951,55798.571134492864
2.4599999999999507,55786.94577221762
2.4619999999999505,55775.32066973954
2.4639999999999502,55763.7056428571
2.46599999999995,55752.08960645711
2.46799999999995,55740.48414965673
2.4699999999999496,55728.88190360247
2.4719999999999493,55717.284349653
2.473999999999949,55705.72514801708
2.475999999999949,55694.20521048305
2.4779999999999487,55682.70610556743
2.4799999999999485,55671.227603136096
2.4819999999999482,55659.766058413195
2.483999999999948,55648.33614658548
2.485999999999948,55636.907651126414
2.4879999999999476,55625.47273049771
2.4899999999999474,55614.01718075112
2.491999999999947,55602.541574259965
2.493999999999947,55591.0576315055
2.4959999999999467,55579.57089723935
2.4979999999999465,55568.09157173767
2.4999999999999463,55556.60932568045
2.501999999999946,55545.137284783224
2.503999999999946,55533.67024464853
2.5059999999999456,55522.2080920439
2.5079999999999454,55510.75067929293
2.509999999999945,55499.3044017929
2.511999999999945,55487.85670702477
2.5139999999999447,55476.419548830745
2.5159999999999445,55464.987168085696
2.5179999999999443,55453.55923184127
2.519999999999944,55442.13556025197
2.521999999999944,55430.71605523249
2.5239999999999436,55419.24807295783
2.5259999999999434,55407.712472805615
2.527999999999943,55396.14356074742
2.529999999999943,55384.54917010672
2.5319999999999427,55372.95209685663
2.5339999999999425,55361.346666112026
2.5359999999999423,55349.748000813815
2.537999999999942,55338.149910006316
2.539999999999942,55326.5529617725
2.5419999999999416,55314.95148742258
2.5439999999999414,55303.3585096416
2.545999999999941,55291.76896610428
2.547999999999941,55280.182876373256
2.5499999999999408,55268.600238474246
2.5519999999999405,55257.027530203195
2.5539999999999403,55245.45237747618
2.55599999999994,55233.87864322695
2.55799999999994,55222.27235203961
2.5599999999999397,55210.59889122559
2.5619999999999394,55198.88381248719
2.563999999999939,55187.14793947437
2.565999999999939,55175.40320130529
2.5679999999999388,55163.65482264318
2.5699999999999386,55151.90646633789
2.5719999999999383,55140.16077182775
2.573999999999938,55128.42580531258
2.575999999999938,55116.69655543042
2.5779999999999377,55104.97300223492
2.5799999999999375,55093.25507253045
2.5819999999999372,55081.54268387549
2.583999999999937,55069.8159194208
2.585999999999937,55058.07979632872
2.5879999999999366,55046.33200310634
2.5899999999999364,55034.591900966545
2.591999999999936,55022.871918484314
2.593999999999936,55011.17314327737
2.5959999999999357,54999.486817652
2.5979999999999355,54987.81621030608
2.5999999999999353,54976.1468618074
2.601999999999935,54964.48938040061
2.603999999999935,54952.837456212175
2.6059999999999346,54941.11719383326
2.6079999999999344,54929.34281298582
2.609999999999934,54917.532994748915
2.611999999999934,54905.70711586034
2.6139999999999337,54893.87486235348
2.6159999999999335,54882.04833737049
2.6179999999999333,54870.22468499142
2.619999999999933,54858.40484283454
2.621999999999933,54846.589112522066
2.6239999999999326,54834.77751154518
2.6259999999999324,54822.969293346774
2.627999999999932,54811.14722267305
2.629999999999932,54799.303961205514
2.6319999999999317,54787.429072131956
2.6339999999999315,54775.54005205939
2.6359999999999313,54763.644165301856
2.637999999999931,54751.7530076181
2.639999999999931,54739.87191120981
2.6419999999999306,54728.0354386135
2.6439999999999304,54716.225946342645
2.64599999999993,54704.46530485573
2.64799999999993,54692.729527240546
2.6499999999999297,54681.01663745328
2.6519999999999295,54669.30854247678
2.6539999999999293,54657.61351547758
2.655999999999929,54645.92408029237
2.657999999999929,54634.23262217439
2.6599999999999286,54622.550794745315
2.6619999999999284,54610.87299166074
2.663999999999928,54599.19840243273
2.665999999999928,54587.43865977905
2.6679999999999278,54575.602568593335
2.6699999999999275,54563.718487713326
2.6719999999999273,54551.80468603719
2.673999999999927,54539.88699303405
2.675999999999927,54527.96695838656
2.6779999999999267,54516.02872329053
2.6799999999999264,54504.07407350093
2.681999999999926,54492.11406508439
2.683999999999926,54480.159809488556
2.685999999999926,54468.202157591055
2.6879999999999256,54456.18049254692
2.6899999999999253,54444.10665535517
2.691999999999925,54431.99965522199
2.693999999999925,54419.878463231726
2.6959999999999247,54407.746367307656
2.6979999999999245,54395.605842977086
2.6999999999999242,54383.47017721188
2.701999999999924,54371.34945496037
2.703999999999924,54359.23796967415
2.7059999999999236,54347.140720582946
2.7079999999999234,54335.05079045856
2.709999999999923,54322.967016325354
2.711999999999923,54310.88872824559
2.7139999999999227,54298.81557359658
2.7159999999999225,54286.75612801871
2.7179999999999223,54274.71606114195
2.719999999999922,54262.688443438376
2.721999999999922,54250.670542311076
2.7239999999999216,54238.642208258556
2.7259999999999214,54226.6092435445
2.727999999999921,54214.59136434309
2.729999999999921,54202.591561140005
2.7319999999999207,54190.60243825184
2.7339999999999205,54178.62149457247
2.7359999999999203,54166.6532603208
2.73799999999992,54154.684547498444
2.73999999999992,54142.726401809065
2.7419999999999196,54130.77298907523
2.7439999999999194,54118.81754089277
2.745999999999919,54106.871876182144
2.747999999999919,54094.93692801178
2.7499999999999187,54083.00042316318
2.7519999999999185,54071.07846029234
2.7539999999999183,54059.17870398463
2.755999999999918,54047.29370865052
2.757999999999918,54035.42595318974
2.7599999999999176,54023.565227358915
2.7619999999999174,54011.7079544284
2.763999999999917,53999.84142816105
2.765999999999917,53987.95870316569
2.7679999999999167,53976.06159174923
2.7699999999999165,53964.094855380834
2.7719999999999163,53952.0581275414
2.773999999999916,53939.902141399216
2.775999999999916,53927.63444144151
2.7779999999999156,53915.3105742381
2.7799999999999154,53902.950394344574
2.781999999999915,53890.58333276646
2.783999999999915,53878.21416447052
2.7859999999999148,53865.84786033052
2.7879999999999145,53853.4929752266
2.7899999999999143,53841.14467581686
2.791999999999914,53828.80909222952
2.793999999999914,53816.47402462136
2.7959999999999137,53804.150835664084
2.7979999999999134,53791.8338986425
2.7999999999999132,53779.52281854456
2.801999999999913,53767.217359795926
2.803999999999913,53754.92366907755
2.8059999999999126,53742.64313333482
2.8079999999999123,53730.39197337078
2.809999999999912,53718.156530512904
2.811999999999912,53705.93900777938
2.8139999999999117,53693.724431433664
2.8159999999999115,53681.512048347984
2.8179999999999112,53669.28413049393
2.819999999999911,53657.0471616193
2.821999999999911,53644.799175286156
2.8239999999999106,53632.565071952755
2.8259999999999104,53620.37450929513
2.82799999999991,53608.21543148858
2.82999999999991,53596.081641031116
2.8319999999999097,53583.93786764546
2.8339999999999095,53571.78374201927
2.8359999999999093,53559.63261547936
2.837999999999909,53547.47547855357
2.839999999999909,53535.3260658695
2.8419999999999086,53523.18037045439
2.8439999999999084,53511.03890447995
2.845999999999908,53498.90190372014
2.847999999999908,53486.76945188936
2.8499999999999077,53474.647817113124
2.8519999999999075,53462.46207342738
2.8539999999999073,53450.21692404781
2.855999999999907,53437.94126902377
2.857999999999907,53425.65138030873
2.8599999999999066,53413.371828298856
2.8619999999999064,53401.10734382601
2.863999999999906,53388.8254589423
2.865999999999906,53376.53575325494
2.8679999999999057,53364.24148944585
2.8699999999999055,53351.9459456847
2.8719999999999053,53339.65147085771
2.873999999999905,53327.35948947094
2.875999999999905,53315.07076340568
2.8779999999999046,53302.78566008105
2.8799999999999044,53290.51055013796
2.881999999999904,53278.20029838384
2.883999999999904,53265.79817698619
2.8859999999999038,53253.3332054422
2.8879999999999035,53240.8359311979
2.8899999999999033,53228.32292685445
2.891999999999903,53215.81112514228
2.893999999999903,53203.29479258417
2.8959999999999027,53190.78838835514
2.8979999999999024,53178.271160709184
2.899999999999902,53165.74727170335
2.901999999999902,53153.21400960049
2.9039999999999018,53140.686784731006
2.9059999999999016,53128.16405785041
2.9079999999999013,53115.68814899659
2.909999999999901,53103.228261004486
2.911999999999901,53090.78570780914
2.9139999999999007,53078.359828158726
2.9159999999999004,53065.95430649182
2.9179999999999002,53053.57132769138
2.9199999999999,53041.19138761064
2.9219999999999,53028.81795869193
2.9239999999998996,53016.45652127665
2.9259999999998993,53004.0949869689
2.927999999999899,52991.74454852888
2.929999999999899,52979.399763962705
2.9319999999998987,52967.066509546705
2.9339999999998985,52954.66243914015
2.9359999999998982,52942.213939828296
2.937999999999898,52929.727283181295
2.939999999999898,52917.23206725645
2.9419999999998976,52904.73195033578
2.9439999999998974,52892.23750896101
2.945999999999897,52879.73794521353
2.947999999999897,52867.23977288353
2.9499999999998967,52854.75044678945
2.9519999999998965,52842.25908483218
2.9539999999998963,52829.77744431231
2.955999999999896,52817.274631248925
2.957999999999896,52804.75375495173
2.9599999999998956,52792.224770933986
2.9619999999998954,52779.68911560291
2.963999999999895,52767.14957490468
2.965999999999895,52754.61226507927
2.9679999999998947,52742.079543688866
2.9699999999998945,52729.5582291434
2.9719999999998943,52717.03665140091
2.973999999999894,52704.52590500729
2.975999999999894,52692.02047145303
2.9779999999998936,52679.51993517263
2.9799999999998934,52667.03020201554
2.981999999999893,52654.53951108878
2.983999999999893,52642.05905623717
2.9859999999998927,52629.57735818738
2.9879999999998925,52617.10575062514
2.9899999999998923,52604.6800678422
2.991999999999892,52592.219847258224
2.993999999999892,52579.70388176355
2.9959999999998916,52567.14288568877
2.9979999999998914,52554.56142887895
2.999999999999891,52541.971374617344
3.001999999999891,52529.36137060616
3.0039999999998908,52516.73253718463
3.0059999999998905,52504.10263093655
3.0079999999998903,52491.46584372546
3.00999999999989,52478.83724215285
3.01199999999989,52466.2137439707
3.0139999999998897,52453.57762088652
3.0159999999998894,52440.90096318125
3.017999999999889,52428.20407419009
3.019999999999889,52415.48975278183
3.0219999999998888,52402.770659066824
3.0239999999998886,52390.05796857954
3.0259999999998883,52377.34654724124
3.027999999999888,52364.621021308085
3.029999999999888,52351.882170276476
3.0319999999998877,52339.139763176754
3.0339999999998875,52326.39604287049
3.0359999999998872,52313.653278102625
3.037999999999887,52300.91956588654
3.039999999999887,52288.18469264275
3.0419999999998866,52275.46055671873
3.0439999999998864,52262.742207505486
3.045999999999886,52250.035547094856
3.047999999999886,52237.30183922429
3.0499999999998857,52224.55635008897
3.0519999999998855,52211.80414394307
3.0539999999998853,52199.043888937376
3.055999999999885,52186.29042541153
3.057999999999885,52173.54675104847
3.0599999999998846,52160.80223267909
3.0619999999998844,52148.06838724527
3.063999999999884,52135.33404227259
3.065999999999884,52122.622412018
3.0679999999998837,52109.93460516928
3.0699999999998835,52097.28310910123
3.0719999999998833,52084.6810455073
3.073999999999883,52072.11737438131
3.075999999999883,52059.58288346289
3.0779999999998826,52047.06407228846
3.0799999999998824,52034.555439176154
3.081999999999882,52022.053934791664
3.083999999999882,52009.564097816474
3.0859999999998817,51997.07380430061
3.0879999999998815,51984.593911992415
3.0899999999998813,51972.0991785773
3.091999999999881,51959.59504945786
3.093999999999881,51947.03560757972
3.0959999999998806,51934.39261856138
3.0979999999998804,51921.681328259474
3.09999999999988,51908.937498045525
3.10199999999988,51896.095274014166
3.1039999999998797,51883.168008622124
3.1059999999998795,51870.18202747379
3.1079999999998793,51857.17646594576
3.109999999999879,51844.162152613564
3.111999999999879,51831.14825667573
3.1139999999998786,51818.14562283088
3.1159999999998784,51805.162933644155
3.117999999999878,51792.21307968036
3.119999999999878,51779.281344933086
3.1219999999998778,51766.36901785131
3.1239999999998775,51753.467764895424
3.1259999999998773,51740.57556396969
3.127999999999877,51727.69136642836
3.129999999999877,51714.82069034628
3.1319999999998767,51701.96536448064
3.1339999999998764,51689.139061449234
3.135999999999876,51676.328741886595
3.137999999999876,51663.52663344677
3.139999999999876,51650.71287894494
3.1419999999998756,51637.886460851725
3.1439999999998753,51625.05656751076
3.145999999999875,51612.2332952566
3.147999999999875,51599.408147259775
3.1499999999998747,51586.59382418623
3.1519999999998745,51573.77939379757
3.1539999999998742,51560.94650133767
3.155999999999874,51548.1141474537
3.157999999999874,51535.27579567055
3.1599999999998736,51522.44618802177
3.1619999999998734,51509.62261864913
3.163999999999873,51496.82033054169
3.165999999999873,51484.077236615325
3.1679999999998727,51471.375467164915
3.1699999999998725,51458.706540198174
3.1719999999998723,51446.05032015629
3.173999999999872,51433.33825306345
3.175999999999872,51420.58968288359
3.1779999999998716,51407.815251957676
3.1799999999998714,51395.03138672841
3.181999999999871,51382.25224597285
3.183999999999871,51369.45668915853
3.1859999999998707,51356.65043197496
3.1879999999998705,51343.837902160354
3.1899999999998703,51331.0358004366
3.19199999999987,51318.2535915203
3.19399999999987,51305.492839717524
3.1959999999998696,51292.74658819865
3.1979999999998694,51280.01286247266
3.199999999999869,51267.302360669455
3.201999999999869,51254.59580403856
3.2039999999998687,51241.90358727217
3.2059999999998685,51229.22117844311
3.2079999999998683,51216.54920415165
3.209999999999868,51203.90030888805
3.211999999999868,51191.19992953406
3.2139999999998676,51178.42865162623
3.2159999999998674,51165.61488469222
3.217999999999867,51152.79110361921
3.219999999999867,51139.975176664404
3.2219999999998667,51127.17860081119
3.2239999999998665,51114.408057490655
3.2259999999998663,51101.67321262405
3.227999999999866,51088.97693119446
3.229999999999866,51076.288629705945
3.2319999999998656,51063.61253659237
3.2339999999998654,51050.96635740014
3.235999999999865,51038.35836046413
3.237999999999865,51025.795668489736
3.2399999999998648,51013.28469653513
3.2419999999998645,51000.83831165948
3.2439999999998643,50988.47183124197
3.245999999999864,50976.11575953139
3.247999999999864,50963.81310252103
3.2499999999998637,50951.633443161314
3.2519999999998634,50939.731558404776
3.2539999999998632,41915.94357967272
3.255999999999863,34689.56750384377
3.257999999999863,29556.302706199658
3.2599999999998626,26141.243689148065
3.2619999999998623,23965.15395625192
3.263999999999862,22621.96001065486
3.265999999999862,21812.730966426374
3.2679999999998617,21332.689982876906
3.2699999999998615,21048.72499538123
3.2719999999998612,20877.913181407024
3.273999999999861,20770.552055346212
3.275999999999861,20697.802459348895
3.2779999999998606,20643.402482565623
3.2799999999998604,20598.446082536688
3.28199999999986,20558.197022209533
3.28399999999986,20520.207825062833
3.2859999999998597,20483.262697134833
3.2879999999998595,20446.766926115983
3.2899999999998593,20410.44015753959
3.291999999999859,20374.178989728614
3.293999999999859,20337.967338694303
3.2959999999998586,20301.821994576836
3.2979999999998584,20265.738856865235
3.299999999999858,20229.717259597575
3.301999999999858,20193.743312390005
3.3039999999998577,20157.80218765782
3.3059999999998575,20121.899448462915
3.3079999999998573,20086.04226818181
3.309999999999857,20050.235149310152
3.311999999999857,20014.484650210772
3.3139999999998566,19978.790509050963
3.3159999999998564,19943.159553611276
3.317999999999856,19907.593294321417
3.319999999999856,19872.088728602608
3.3219999999998557,19836.648114660507
3.3239999999998555,19801.271486667083
3.3259999999998553,19765.955461623016
3.327999999999855,19730.69905184438
3.329999999999855,19695.483965805266
3.3319999999998546,19660.298774576237
3.3339999999998544,19625.14978915614
3.335999999999854,19590.047848378417
3.337999999999854,19555.01711383495
3.3399999999998538,19520.07081463455
3.3419999999998535,19485.207260780284
3.3439999999998533,19450.403672494274
3.345999999999853,19415.643620670467
3.347999999999853,19380.923380686214
3.3499999999998527,19346.253101181155
3.3519999999998524,19311.63022421763
3.353999999999852,19277.063452664883
3.355999999999852,19242.551653508996
3.3579999999998518,19208.083295424338
3.3599999999998515,19173.646701601738
3.3619999999998513,19139.279401877495
3.363999999999851,19104.984023837635
3.365999999999851,19070.75817128387
3.3679999999998507,19036.59673853795
3.3699999999998504,19002.50028744749
3.3719999999998502,18968.460617630422
3.37399999999985,18934.45051988466
3.37599999999985,18900.471737719992
3.3779999999998496,18866.53325620833
3.3799999999998493,18832.64003252394
3.381999999999849,18798.795880258476
3.383999999999849,18765.02204948249
3.3859999999998487,18731.336335529104
3.3879999999998485,18697.706813039833
3.3899999999998482,18664.12719059255
3.391999999999848,18630.598410410537
3.393999999999848,18597.11799050911
3.3959999999998476,18563.69273012904
3.3979999999998474,18530.321551037563
3.399999999999847,18497.008304694074
3.401999999999847,18463.732394907176
3.4039999999998467,18430.483566806226
3.4059999999998465,18397.26798050255
3.4079999999998463,18364.114043739133
3.409999999999846,18331.04066272631
3.411999999999846,18298.042495605107
3.4139999999998456,18265.116628318396
3.4159999999998454,18232.25812479617
3.417999999999845,18199.434059775547
3.419999999999845,18166.64382030753
3.4219999999998447,18133.891821756424
3.4239999999998445,18101.184760363984
3.4259999999998443,18068.526494054437
3.427999999999844,18035.92302246679
3.429999999999844,18003.373814849678
3.4319999999998436,17970.880261144066
3.4339999999998434,17938.44814748929
3.435999999999843,17906.078784549143
3.437999999999843,17873.76918390953
3.4399999999998427,17841.52161358876
3.4419999999998425,17809.333018425943
3.4439999999998423,17777.202626482638
3.445999999999842,17745.129996426465
3.447999999999842,17713.087374031238
3.4499999999998416,17681.075686866163
3.4519999999998414,17649.10399547181
3.453999999999841,17617.174555807134
3.455999999999841,17585.3014405377
3.4579999999998408,17553.518995450744
3.4599999999998405,17521.8188199918
3.4619999999998403,17490.193369438945
3.46399999999984,17458.610896903487
3.46599999999984,17427.07308992205
3.4679999999998397,17395.584079297372
3.4699999999998394,17364.143754452165
3.471999999999839,17332.757151024103
3.473999999999839,17301.429960567468
3.4759999999998388,17270.158442907592
3.4779999999998386,17238.935532868312
3.4799999999998383,17207.743349664863
3.481999999999838,17176.61507948392
3.483999999999838,17145.56494276461
3.4859999999998377,17114.591139658518
3.4879999999998375,17083.692624244475
3.4899999999998372,17052.86469310862
3.491999999999837,17022.108312812332
3.493999999999837,16991.401488991523
3.4959999999998366,16960.73380642255
3.4979999999998364,16930.107664923646
3.499999999999836,16899.53267521773
3.501999999999836,16869.014210128866
3.5039999999998357,16838.559502599994
3.5059999999998355,16808.16632907149
3.5079999999998353,16777.874273789457
3.509999999999835,16747.661132634337
3.511999999999835,16717.515767205612
3.5139999999998346,16687.434666065576
3.5159999999998344,16657.42059701621
3.517999999999834,16627.472395459718
3.519999999999834,16597.597088324776
3.5219999999998337,16567.77949127364
3.5239999999998335,16538.048340617515
3.5259999999998333,16508.380234839486
3.527999999999833,16478.76020293644
3.529999999999833,16449.1966021964
3.5319999999998326,16419.695362580573
3.5339999999998324,16390.295665445512
3.535999999999832,16361.005452097908
3.537999999999832,16331.815359297747
3.5399999999998317,16302.72457972172
3.5419999999998315,16273.716155000006
3.5439999999998313,16244.76546887688
3.545999999999831,16215.891870652818
3.547999999999831,16187.095729562156
3.5499999999998306,16158.379920576419
3.5519999999998304,16129.751177665134
3.55399999999983,16101.213838096279
3.55599999999983,16072.771451061
3.5579999999998297,16044.421204388564
3.5599999999998295,16016.172298608037
3.5619999999998293,15988.032308409207
3.563999999999829,15960.002388629704
3.565999999999829,15932.086511791571
3.5679999999998286,15904.281861779527
3.5699999999998284,15876.593856315822
3.571999999999828,15849.022869561104
3.573999999999828,15821.570925789018
3.5759999999998278,15794.218012953741
3.5779999999998275,15766.963116320547
3.5799999999998273,15739.815035468757
3.581999999999827,15712.781382118239
3.583999999999827,15685.871382748182
3.5859999999998267,15659.104227293115
3.5879999999998264,15632.499284193178
3.589999999999826,15606.066185533025
3.591999999999826,15579.783312794925
3.593999999999826,15553.64049152937
3.5959999999998256,15527.640315729403
3.5979999999998253,15501.78779896202
3.599999999999825,15476.089067386478
3.601999999999825,15450.552030534725
3.6039999999998247,15425.183364284141
3.6059999999998245,15399.989167951153
3.6079999999998242,15374.975174327423
3.609999999999824,15350.12650512063
3.611999999999824,15325.447189680912
3.6139999999998236,15300.960800962903
3.6159999999998234,15276.687863883468
3.617999999999823,15252.63692118387
3.619999999999823,15228.810715303058
3.6219999999998227,15205.211875382412
3.6239999999998225,15181.843781048432
3.6259999999998223,15158.7055703207
3.627999999999822,15135.789108176115
3.629999999999822,15113.0990678856
3.6319999999998216,15090.645589044068
3.6339999999998214,15068.43953594598
3.635999999999821,15046.491762962418
3.637999999999821,15024.811792024879
3.6399999999998207,15003.409012330056
3.6419999999998205,14982.301258521482
3.6439999999998203,14961.49733234451
3.64599999999982,14940.999088047083
3.64799999999982,14920.80970510138
3.6499999999998196,14900.934078821849
3.6519999999998194,14881.382326490186
3.653999999999819,14862.160586172724
3.655999999999819,14843.277077944786
3.6579999999998187,14824.74136797708
3.6599999999998185,14806.559600847428
3.6619999999998183,14788.735849461167
3.663999999999818,14771.269907174132
3.665999999999818,14754.16904958021
3.6679999999998176,14737.442589991391
3.6699999999998174,14721.103006176587
3.671999999999817,14705.16113584827
3.673999999999817,14689.635539450283
3.6759999999998167,14674.53514914922
3.6779999999998165,14659.85796057119
3.6799999999998163,14645.613894969183
3.681999999999816,14631.79252613016
3.683999999999816,14618.394785046465
3.6859999999998156,14605.423532935898
3.6879999999998154,14592.885244075325
3.689999999999815,14580.78077049819
3.691999999999815,14569.11836964799
3.6939999999998148,14557.900159159053
3.6959999999998145,14547.122200621805
3.6979999999998143,14536.79436354282
3.699999999999814,14526.901683301538
3.701999999999814,14517.436441440906
3.7039999999998137,14508.411071963568
3.7059999999998134,14499.814113068438
3.7079999999998132,14491.644399343213
3.709999999999813,14483.899771198034
3.711999999999813,14476.570682795511
3.7139999999998126,14469.640501608392
3.7159999999998123,14463.116978006818
3.717999999999812,14456.983414959062
3.719999999999812,14451.211978729414
3.7219999999998117,14445.786046215746
3.7239999999998115,14440.695409747905
3.7259999999998112,14435.928006779564
3.727999999999811,14431.462132621116
3.729999999999811,14427.279336469624
3.7319999999998106,14423.359047346044
3.7339999999998104,14419.688214635951
3.73599999999981,14416.29026823153
3.73799999999981,14413.105532403417
3.7399999999998097,14410.121474370291
3.7419999999998095,14407.309425378688
3.7439999999998093,14404.649469336555
3.745999999999809,14402.112659834671
3.747999999999809,14399.678482449612
3.7499999999998086,14397.334607220133
3.7519999999998084,14395.050784385858
3.753999999999808,14392.836267242245
3.755999999999808,14390.65533664876
3.7579999999998077,14388.453670901938
3.7599999999998075,14386.232719046653
3.7619999999998073,14383.944266660777
3.763999999999807,14381.572483487986
3.765999999999807,14379.12688963253
3.7679999999998066,14376.59540038261
3.7699999999998064,14373.949131846155
3.771999999999806,14371.197673394598
3.773999999999806,14368.310483193425
3.7759999999998057,14365.269804197638
3.7779999999998055,14362.047191741818
3.7799999999998053,14358.633555072849
3.781999999999805,14355.012493058592
3.783999999999805,14351.18397070945
3.7859999999998046,14347.124699669701
3.7879999999998044,14342.843229274036
3.789999999999804,14338.324840170528
3.791999999999804,14907.62866947426
3.7939999999998038,14917.497466703993
3.7959999999998035,14920.777943813237
3.7979999999998033,14919.875438115654
3.799999999999803,14916.39709424527
3.801999999999803,14911.368623468465
3.8039999999998027,14905.42541784286
3.8059999999998024,14898.959741040006
3.807999999999802,14892.197158155628
3.809999999999802,14885.284563272697
3.8119999999998018,14878.301888627624
3.8139999999998015,14871.282839240339
3.8159999999998013,14864.245114604912
3.817999999999801,14857.203805113588
3.819999999999801,14850.168338350695
3.8219999999998007,14843.144399162515
3.8239999999998004,14836.135280208826
3.8259999999998002,14829.142776170502
3.8279999999998,14822.16067033757
3.8299999999998,14815.193611614937
3.8319999999997996,14808.264610733124
3.8339999999997993,14801.355994469734
3.835999999999799,14794.460644885825
3.837999999999799,14787.589573360747
3.8399999999997987,14780.726956779288
3.8419999999997985,14773.884312389819
3.8439999999997982,14767.056480806095
3.845999999999798,14760.243622941613
3.847999999999798,14753.445731375477
3.8499999999997976,14746.66266794575
3.8519999999997974,14739.901022159554
3.853999999999797,14733.156758614537
3.855999999999797,14726.415841016465
3.8579999999997967,14719.682176509006
3.8599999999997965,14712.953780960313
3.8619999999997963,14706.233227392559
3.863999999999796,14699.512472351942
3.865999999999796,14692.806513127243
3.8679999999997956,14686.123486673
3.8699999999997954,14679.464373034802
3.871999999999795,14672.829801981447
3.873999999999795,14666.20961026495
3.8759999999997947,14659.59764229235
3.8779999999997945,14652.990771987874
3.8799999999997943,14646.391771282364
3.881999999999794,14639.791914562395
3.883999999999794,14633.203795872667
3.8859999999997936,14626.6228611527
3.8879999999997934,14620.049632866414
3.889999999999793,14613.484312900828
3.891999999999793,14606.932198664477
3.8939999999997927,14600.397171536755
3.8959999999997925,14593.85689691378
3.8979999999997923,14587.319766708782
3.899999999999792,14580.766046398907
3.901999999999792,14574.227025635002
3.9039999999997916,14567.700861339605
3.9059999999997914,14561.189806678563
3.907999999999791,14554.690827304607
3.909999999999791,14548.19601588783
3.9119999999997908,14541.714592753371
3.9139999999997905,14535.252445864106
3.9159999999997903,14528.787594460548
3.91799999999979,14522.322030004458
3.91999999999979,14515.854044380492
3.9219999999997897,14509.381690120272
3.9239999999997894,14502.913092904644
3.925999999999789,14496.439092255978
3.927999999999789,14489.971709265572
3.9299999999997888,14483.506044511789
3.9319999999997886,14477.042370053372
3.9339999999997883,14470.585090627415
3.935999999999788,14464.125674235846
3.937999999999788,14457.669894165434
3.9399999999997877,14451.217331487715
3.9419999999997875,14444.772762181417
3.9439999999997872,14438.32472459037
3.945999999999787,14431.883559345239
3.947999999999787,14425.43796757483
3.9499999999997866,14418.998431148815
3.9519999999997864,14412.559191139666
3.953999999999786,14406.12534328728
3.955999999999786,14399.689853379945
3.9579999999997857,14393.261972428138
3.9599999999997855,14386.825465019347
3.9619999999997852,14380.378734253074
3.963999999999785,14373.925889398872
3.965999999999785,14367.464836874198
3.9679999999997846,14361.003253489052
3.9699999999997844,14354.531871330342
3.971999999999784,14348.056057590535
3.973999999999784,14341.576519282498
3.9759999999997837,14335.10314013521
3.9779999999997835,14328.64531784921
3.9799999999997833,14322.191994129493
3.981999999999783,14315.73981309923
3.983999999999783,14309.274150147803
3.9859999999997826,14302.808105135899
3.9879999999997824,14296.32794211315
3.989999999999782,14289.845955937533
3.991999999999782,14283.35789802742
3.9939999999997817,14276.864427419589
3.9959999999997815,14270.3711569972
3.9979999999997813,14263.872914801812
3.999999999999781,14257.369887679388
4.001999999999781,14250.868986982317
4.003999999999781,14244.35933049629
4.005999999999781,14237.834364522269
4.007999999999781,14231.293247133368
4.00999999999978,14224.742160041533
4.01199999999978,14218.17582540018
4.01399999999978,14211.616246999973
4.01599999999978,14205.054631857685
4.0179999999997795,14198.502319334722
4.019999999999779,14191.945320618273
4.021999999999779,14185.386195417266
4.023999999999779,14178.840861190054
4.025999999999779,14172.280023414352
4.027999999999778,14165.701547040642
4.029999999999778,14159.1095510455
4.031999999999778,14152.50758045203
4.033999999999778,14145.893838476146
4.0359999999997775,14139.269662753517
4.037999999999777,14132.64128577627
4.039999999999777,14126.00422774569
4.041999999999777,14119.35883702614
4.043999999999777,14112.705267332089
4.045999999999776,14106.049207969649
4.047999999999776,14099.390228704866
4.049999999999776,14092.704877536913
4.051999999999776,14086.008783832767
4.053999999999776,14079.30841975179
4.055999999999775,14072.602176964107
4.057999999999775,14065.892856034054
4.059999999999775,14059.183525123111
4.061999999999775,14052.46771009223
4.0639999999997745,14045.744407499767
4.065999999999774,14039.012939460968
4.067999999999774,14032.277816914107
4.069999999999774,14025.537156630431
4.071999999999774,14018.786279091717
4.073999999999773,14012.018365134812
4.075999999999773,14005.228247848263
4.077999999999773,13998.425006491936
4.079999999999773,13991.611662654212
4.0819999999997725,13984.78047244371
4.083999999999772,13977.94250488123
4.085999999999772,13971.093639385397
4.087999999999772,13964.239154240557
4.089999999999772,13957.367904239123
4.091999999999771,13950.494149048309
4.093999999999771,13943.625005953298
4.095999999999771,13936.74904520296
4.097999999999771,13929.865660684094
4.0999999999997705,13922.966527366309
4.10199999999977,13916.058013363494
4.10399999999977,13909.13660199313
4.10599999999977,13902.203215579459
4.10799999999977,13895.263191700371
4.109999999999769,13888.312114411496
4.111999999999769,13881.350193380487
4.113999999999769,13874.382233490634
4.115999999999769,13867.398841063454
4.1179999999997685,13860.418063682884
4.119999999999768,13853.419073539397
4.121999999999768,13846.396673961537
4.123999999999768,13839.355950181704
4.125999999999768,13832.301078093093
4.127999999999767,13825.2304074451
4.129999999999767,13818.145913638664
4.131999999999767,13811.044947685168
4.133999999999767,13803.946007841732
4.1359999999997665,13796.84548798152
4.137999999999766,13789.7473679497
4.139999999999766,13782.647099565793
4.141999999999766,13775.544340071778
4.143999999999766,13768.430632077567
4.145999999999765,13761.298444396758
4.147999999999765,13754.147412097378
4.149999999999765,13746.981499698011
4.151999999999765,13739.799219287777
4.1539999999997645,13732.607145501854
4.155999999999764,13725.397623597262
4.157999999999764,13718.184894950997
4.159999999999764,13710.95601621342
4.161999999999764,13703.72017783172
4.1639999999997634,13696.473071393602
4.165999999999763,13689.216949974965
4.167999999999763,13681.954989881531
4.169999999999763,13674.670112316402
4.171999999999763,13667.36277428455
4.173999999999762,13660.037426484427
4.175999999999762,13652.699741533077
4.177999999999762,13645.358963105506
4.179999999999762,13638.020164436748
4.1819999999997615,13630.674991788492
4.183999999999761,13623.328904304139
4.185999999999761,13615.975333782302
4.187999999999761,13608.617125686504
4.189999999999761,13601.249088980132
4.19199999999976,13593.873296589381
4.19399999999976,13586.481973381378
4.19599999999976,13579.069299577248
4.19799999999976,13571.640377410602
4.1999999999997595,13564.191376299388
4.201999999999759,13556.72575189948
4.203999999999759,13549.250036509327
4.205999999999759,13541.765683023967
4.207999999999759,13534.26939247622
4.209999999999758,13526.761687979522
4.211999999999758,13519.242885640302
4.213999999999758,13511.717805965312
4.215999999999758,13504.184299962308
4.2179999999997575,13496.64477623319
4.219999999999757,13489.096914224154
4.221999999999757,13481.53323057876
4.223999999999757,13473.953647160271
4.225999999999757,13466.370911683513
4.227999999999756,13458.78033894126
4.229999999999756,13451.181154849231
4.231999999999756,13443.576759068792
4.233999999999756,13435.96267059072
4.2359999999997555,13428.338608677155
4.237999999999755,13420.704427210261
4.239999999999755,13413.06801909143
4.241999999999755,13405.41739773055
4.243999999999755,13397.759630322635
4.245999999999754,13390.08883450351
4.247999999999754,13382.392822695921
4.249999999999754,13374.67708670478
4.251999999999754,13366.946369507368
4.2539999999997535,13359.204093938144
4.255999999999753,13351.446280496828
4.257999999999753,13343.684226033829
4.259999999999753,13335.9178008039
4.261999999999753,13328.148662583646
4.263999999999752,13320.37838191923
4.265999999999752,13312.597513815273
4.267999999999752,13304.81253956883
4.269999999999752,13297.01951959187
4.2719999999997516,13289.219077462329
4.273999999999751,13281.406570770081
4.275999999999751,13273.58037007891
4.277999999999751,13265.742986712103
4.279999999999751,13257.892682859494
4.2819999999997505,13250.034632392078
4.28399999999975,13242.166020826542
4.28599999999975,13234.29115619009
4.28799999999975,13226.4029616151
4.28999999999975,13218.512784363127
4.291999999999749,13210.613362141921
4.293999999999749,13202.704785362299
4.295999999999749,13194.787132640226
4.297999999999749,13186.8649834163
4.2999999999997485,13178.922079197073
4.301999999999748,13170.964172020487
4.303999999999748,13162.995369810069
4.305999999999748,13155.017352059207
4.307999999999748,13147.030731467994
4.309999999999747,13139.039280915535
4.311999999999747,13131.039444827786
4.313999999999747,13123.034781434773
4.315999999999747,13115.0217204025
4.3179999999997465,13107.003818435967
4.319999999999746,13098.978044940259
4.321999999999746,13090.952998995856
4.323999999999746,13082.925947958845
4.325999999999746,13074.895574261976
4.327999999999745,13066.849116819303
4.329999999999745,13058.786921268234
4.331999999999745,13050.71012010106
4.333999999999745,13042.618989768907
4.3359999999997445,13034.519581441284
4.337999999999744,13026.41013938736
4.339999999999744,13018.295125863584
4.341999999999744,13010.17174011946
4.343999999999744,13002.04149051006
4.345999999999743,12993.908942595841
4.347999999999743,12985.777714895576
4.349999999999743,12977.64494131017
4.351999999999743,12969.514667762898
4.3539999999997425,12961.374910353692
4.355999999999742,12953.220877759306
4.357999999999742,12945.04712944249
4.359999999999742,12936.858780675067
4.361999999999742,12928.659874583878
4.363999999999741,12920.449894847101
4.365999999999741,12912.233905088331
4.367999999999741,12904.009711011642
4.369999999999741,12895.782521601155
4.3719999999997405,12887.55042820889
4.37399999999974,12879.320147782753
4.37599999999974,12871.092134252202
4.37799999999974,12862.86347472635
4.37999999999974,12854.631940568723
4.381999999999739,12846.395360431155
4.383999999999739,12838.142984345506
4.385999999999739,12829.8672569715
4.387999999999739,12821.58224917975
4.3899999999997386,12813.283004224484
4.391999999999738,12804.97498636579
4.393999999999738,12796.668216909513
4.395999999999738,12788.362015421098
4.397999999999738,12780.056955096514
4.3999999999997375,12771.753728349213
4.401999999999737,12763.447453638528
4.403999999999737,12755.136971570295
4.405999999999737,12746.82467742748
4.407999999999737,12738.507121274331
4.409999999999736,12730.186570392787
4.411999999999736,12721.85226722423
4.413999999999736,12713.50243693849
4.415999999999736,12705.13079385636
4.4179999999997355,12696.749041275381
4.419999999999735,12688.359200991184
4.421999999999735,12679.956822075512
4.423999999999735,12671.551681480083
4.425999999999735,12663.149295139552
4.427999999999734,12654.749043059524
4.429999999999734,12646.348264273423
4.431999999999734,12637.953293474913
4.433999999999734,12629.553433132034
4.4359999999997335,12621.153347737676
4.437999999999733,12612.752323336055
4.439999999999733,12604.345164528988
4.441999999999733,12595.931806829114
4.443999999999733,12587.505346749
4.445999999999732,12579.074191656066
4.447999999999732,12570.634797592253
4.449999999999732,12562.191593471243
4.451999999999732,12553.74273320578
4.4539999999997315,12545.291688462587
4.455999999999731,12536.835995939631
4.457999999999731,12528.378719118025
4.459999999999731,12519.917179743
4.461999999999731,12511.454289785881
4.46399999999973,12502.99012184926
4.46599999999973,12494.521936543017
4.46799999999973,12486.052570225216
4.46999999999973,12477.576983960074
4.4719999999997295,12469.090002015333
4.473999999999729,12460.582401510288
4.475999999999729,12452.063090864136
4.477999999999729,12443.529625868427
4.479999999999729,12434.99354541649
4.481999999999728,12426.456556917556
4.483999999999728,12417.925998106999
4.485999999999728,12409.397189784579
4.487999999999728,12400.868346784537
4.4899999999997275,12392.338236924332
4.491999999999727,12383.81490551646
4.493999999999727,12375.29802253365
4.495999999999727,12366.789060395875
4.497999999999727,12358.284228469685
4.499999999999726,12349.783361972935
4.501999999999726,12341.27578089092
4.503999999999726,12332.75256575428
4.505999999999726,12324.210824313039
4.507999999999726,12315.6591584313
4.509999999999725,12307.099726432503
4.511999999999725,12298.53575968268
4.513999999999725,12289.96669381993
4.515999999999725,12281.396305067943
4.5179999999997245,12272.822720034848
4.519999999999724,12264.248890569936
4.521999999999724,12255.672495304028
4.523999999999724,12247.098752478601
4.525999999999724,12238.520147509724
4.527999999999723,12229.941790650559
4.529999999999723,12221.363741620635
4.531999999999723,12212.784404706912
4.533999999999723,12204.190686056721
4.5359999999997225,12195.582360608929
4.537999999999722,12186.965957333421
4.539999999999722,12178.344260680165
4.541999999999722,12169.721928264324
4.543999999999722,12161.106323435684
4.545999999999721,12152.49763145962
4.547999999999721,12143.900181467176
4.549999999999721,12135.312332619962
4.551999999999721,12126.72591341718
4.5539999999997205,12118.143511751363
4.55599999999972,12109.563750876754
4.55799999999972,12100.983430341359
4.55999999999972,12092.404517842828
4.56199999999972,12083.826806985617
4.563999999999719,12075.247433149236
4.565999999999719,12066.65588795663
4.567999999999719,12058.04817895743
4.569999999999719,12049.426113879774
4.5719999999997185,12040.791343445744
4.573999999999718,12032.15323690731
4.575999999999718,12023.51251914831
4.577999999999718,12014.868703751112
4.579999999999718,12006.222860038455
4.581999999999717,11997.58021879703
4.583999999999717,11988.936510450265
4.585999999999717,11980.291913806903
4.587999999999717,11971.648832124587
4.5899999999997165,11963.00734371124
4.591999999999716,11954.365224880394
4.593999999999716,11945.72478202812
4.595999999999716,11937.089941527061
4.597999999999716,11928.456719650168
4.599999999999715,11919.822419773114
4.601999999999715,11911.189932802927
4.603999999999715,11902.557652882959
4.605999999999715,11893.925888014604
4.6079999999997145,11885.29696935175
4.609999999999714,11876.66805466544
4.611999999999714,11868.041271781036
4.613999999999714,11859.41659730131
4.615999999999714,11850.791842705747
4.6179999999997134,11842.16919600061
4.619999999999713,11833.54651647028
4.621999999999713,11824.925996697799
4.623999999999713,11816.307671672326
4.625999999999713,11807.689420611438
4.627999999999712,11799.073416846131
4.629999999999712,11790.459696739807
4.631999999999712,11781.835827584342
4.633999999999712,11773.193004446854
4.6359999999997115,11764.537897889999
4.637999999999711,11755.873007394297
4.639999999999711,11747.201207386905
4.641999999999711,11738.52993764437
4.643999999999711,11729.856975634257
4.64599999999971,11721.18552440567
4.64799999999971,11712.514129875037
4.64999999999971,11703.84520229415
4.65199999999971,11695.178932400964
4.6539999999997095,11686.513366975354
4.655999999999709,11677.857997965475
4.657999999999709,11669.220680953911
4.659999999999709,11660.605866510605
4.661999999999709,11652.006362787299
4.663999999999708,11643.418006258413
4.665999999999708,11634.825688279336
4.667999999999708,11626.221802512773
4.669999999999708,11617.604904445454
4.6719999999997075,11608.97893514107
4.673999999999707,11600.348632049774
4.675999999999707,11591.717189989857
4.677999999999707,11583.086567988135
4.679999999999707,11574.455930388629
4.681999999999706,11565.827874856082
4.683999999999706,11557.20275695014
4.685999999999706,11548.578805899915
4.687999999999706,11539.958076906938
4.6899999999997055,11531.340634840319
4.691999999999705,11522.726521287967
4.693999999999705,11514.113837551833
4.695999999999705,11505.502606524946
4.697999999999705,11496.896691643095
4.699999999999704,11488.287476329877
4.701999999999704,11479.66303764168
4.703999999999704,11471.024566915186
4.705999999999704,11462.37529506007
4.7079999999997035,11453.71946860822
4.709999999999703,11445.059504118057
4.711999999999703,11436.401848602714
4.713999999999703,11427.744358445025
4.715999999999703,11419.089778698773
4.717999999999702,11410.452309659164
4.719999999999702,11401.838780280787
4.721999999999702,11393.245858255112
4.723999999999702,11384.668143765071
4.7259999999997016,11376.100287851044
4.727999999999701,11367.540663138763
4.729999999999701,11358.987230897006
4.731999999999701,11350.437035772069
4.733999999999701,11341.89127468327
4.7359999999997004,11333.342710520978
4.7379999999997,11324.778828674576
4.7399999999997,11316.200033162162
4.7419999999997,11307.609798587344
4.7439999999997,11299.015847502234
4.745999999999699,11290.420488633199
4.747999999999699,11281.824479412311
4.749999999999699,11273.23104424651
4.751999999999699,11264.641004347415
4.7539999999996985,11256.054800588108
4.755999999999698,11247.470915000842
4.757999999999698,11238.891207401048
4.759999999999698,11230.315750606387
4.761999999999698,11221.742854789458
4.763999999999697,11213.174271855765
4.765999999999697,11204.6100268052
4.767999999999697,11196.050140694624
4.769999999999697,11187.492923322281
4.7719999999996965,11178.936761922358
4.773999999999696,11170.36652613278
4.775999999999696,11161.781125639096
4.777999999999696,11153.182768028473
4.779999999999696,11144.583516513936
4.781999999999695,11135.999395733254
4.783999999999695,11127.43795695009
4.785999999999695,11118.894864194423
4.787999999999695,11110.367339984463
4.7899999999996945,11101.849257783442
4.791999999999694,11093.337749895249
4.793999999999694,11084.83442274356
4.795999999999694,11076.335072181026
4.797999999999694,11067.839196610224
4.799999999999693,11059.349814069166
4.801999999999693,11050.863568588928
4.803999999999693,11042.382033137465
4.805999999999693,11033.905188713881
4.8079999999996925,11025.431434795706
4.809999999999692,11016.953933476536
4.811999999999692,11008.462099351678
4.813999999999692,10999.953932320548
4.815999999999692,10991.438295423919
4.817999999999691,10982.916484472795
4.819999999999691,10974.395746187627
4.821999999999691,10965.875460920814
4.823999999999691,10957.358635830551
4.8259999999996905,10948.846066963355
4.82799999999969,10940.3381798626
4.82999999999969,10931.833634665969
4.83199999999969,10923.33408915901
4.83399999999969,10914.839609767952
4.835999999999689,10906.348688874876
4.837999999999689,10897.864415515123
4.839999999999689,10889.38375099693
4.841999999999689,10880.906701576465
4.8439999999996886,10872.436320936087
4.845999999999688,10863.972040857025
4.847999999999688,10855.525244043418
4.849999999999688,10847.086530737133
4.851999999999688,10838.649924712605
4.8539999999996875,10830.215587716753
4.855999999999687,10821.781797949805
4.857999999999687,10813.351228932817
4.859999999999687,10804.925239878417
4.861999999999687,10796.501729064774
4.863999999999686,10788.082985523022
4.865999999999686,10779.671014222375
4.867999999999686,10771.262903447914
4.869999999999686,10762.860109302368
4.8719999999996855,10754.461190476033
4.873999999999685,10746.069051700926
4.875999999999685,10737.680820523645
4.877999999999685,10729.297940720153
4.879999999999685,10720.920422449832
4.881999999999684,10712.54684433713
4.883999999999684,10704.180068777525
4.885999999999684,10695.817265679603
4.887999999999684,10687.445335410323
4.8899999999996835,10679.057101533279
4.891999999999683,10670.655879493028
4.893999999999683,10662.247634006868
4.895999999999683,10653.836625857024
4.897999999999683,10645.42655618179
4.899999999999682,10637.0182445108
4.901999999999682,10628.614323762848
4.903999999999682,10620.216849801833
4.905999999999682,10611.822041735517
4.9079999999996815,10603.434183919033
4.909999999999681,10595.05200703684
4.911999999999681,10586.6741874019
4.913999999999681,10578.302102758278
4.915999999999681,10569.949086868142
4.91799999999968,10561.622818318612
4.91999999999968,10553.324200702747
4.92199999999968,10545.044055897764
4.92399999999968,10536.777525524056
4.9259999999996795,10528.523192034447
4.927999999999679,10520.262448952102
4.929999999999679,10511.987679159725
4.931999999999679,10503.699683406998
4.933999999999679,10495.404258714769
4.935999999999678,10487.105835960312
4.937999999999678,10478.808246608849
4.939999999999678,10470.51380796655
4.941999999999678,10462.223836034325
4.9439999999996775,10453.937739047165
4.945999999999677,10445.658469254848
4.947999999999677,10437.383640711942
4.949999999999677,10429.114625956672
4.951999999999677,10420.850189058394
4.953999999999676,10412.592904450808
4.955999999999676,10404.340244794237
4.957999999999676,10396.094753070665
4.959999999999676,10387.853905590999
4.961999999999676,10379.617703456166
4.963999999999675,10371.38866398131
4.965999999999675,10363.165546493716
4.967999999999675,10354.9457485702
4.969999999999675,10346.71326751064
4.9719999999996745,10338.461990680693
4.973999999999674,10330.199788961645
4.975999999999674,10321.932742966626
4.977999999999674,10313.663550490912
4.979999999999674,10305.397878493295
4.981999999999673,10297.13515093215
4.983999999999673,10288.877605845604
4.985999999999673,10280.63275303177
4.987999999999673,10272.409490665894
4.9899999999996725,10264.206135723254
4.991999999999672,10256.026644810856
4.993999999999672,10247.868447310899
4.995999999999672,10239.724599484569
4.997999999999672,10231.593115993299
4.999999999999671,10223.471181153005
5.001999999999671,10215.3571372566
5.003999999999671,10207.248874461537
5.005999999999671,10199.147083385778
5.0079999999996705,10191.05268359684
5.00999999999967,10182.963224645082
5.01199999999967,10174.860954178612
5.01399999999967,10166.741444663496
5.01599999999967,10158.60964365152
5.017999999999669,10150.470776133463
5.019999999999669,10142.33149859813
5.021999999999669,10134.193030430008
5.023999999999669,10126.059701740978
5.0259999999996685,10117.930369402762
5.027999999999668,10109.80676337209
5.029999999999668,10101.689185437746
5.031999999999668,10093.577782831055
5.033999999999668,10085.47150705118
5.035999999999667,10077.372621330713
5.037999999999667,10069.278915950277
5.039999999999667,10061.191507313019
5.041999999999667,10053.11150386394
5.0439999999996665,10045.035593071954
5.045999999999666,10036.967079556893
5.047999999999666,10028.904867855195
5.049999999999666,10020.847865023967
5.051999999999666,10012.798250859272
5.053999999999665,10004.749653748739
5.055999999999665,9996.68602916283
5.057999999999665,9988.611366611036
5.059999999999665,9980.541444449564
5.0619999999996645,9972.482835124863
5.063999999999664,9964.434953023654
5.065999999999664,9956.39723038116
5.067999999999664,9948.367165906227
5.069999999999664,9940.3448326478
5.0719999999996634,9932.332365398113
5.073999999999663,9924.33454385471
5.075999999999663,9916.350934955371
5.077999999999663,9908.37870575914
5.079999999999663,9900.416522626103
5.081999999999662,9892.46277659675
5.083999999999662,9884.515452678615
5.085999999999662,9876.57606576271
5.087999999999662,9868.642258234122
5.0899999999996615,9860.714903872178
5.091999999999661,9852.79393007373
5.093999999999661,9844.879293749844
5.095999999999661,9836.970978508853
5.097999999999661,9829.068974597081
5.09999999999966,9821.153601906311
5.10199999999966,9813.220217128566
5.10399999999966,9805.274110417242
5.10599999999966,9797.321953403123
5.1079999999996595,9789.367388982419
5.109999999999659,9781.415981197737
5.111999999999659,9773.4688290243
5.113999999999659,9765.52707891222
5.115999999999659,9757.590353396394
5.117999999999658,9749.66091620188
5.119999999999658,9741.73696347997
5.121999999999658,9733.819532381945
5.123999999999658,9725.908658695365
5.1259999999996575,9718.004347011862
5.127999999999657,9710.106597587645
5.129999999999657,9702.215414975044
5.131999999999657,9694.329841892208
5.133999999999657,9686.45873100437
5.135999999999656,9678.610727381023
5.137999999999656,9670.784577125338
5.139999999999656,9662.975646172757
5.141999999999656,9655.180249546165
5.1439999999996555,9647.394343365537
5.145999999999655,9639.596051035676
5.147999999999655,9631.781163128868
5.149999999999655,9623.954016271402
5.151999999999655,9616.122750203796
5.153999999999654,9608.289821905233
5.155999999999654,9600.45945442115
5.157999999999654,9592.63848617499
5.159999999999654,9584.830633726622
5.1619999999996535,9577.035587676977
5.163999999999653,9569.251968629378
5.165999999999653,9561.477860636827
5.167999999999653,9553.711075214822
5.169999999999653,9545.951730606685
5.171999999999652,9538.19938534525
5.173999999999652,9530.453794641646
5.175999999999652,9522.714835571296
5.177999999999652,9514.982439256199
5.1799999999996515,9507.256576281296
5.181999999999651,9499.537227468178
5.183999999999651,9491.824383786588
5.185999999999651,9484.117169783798
5.187999999999651,9476.417323587053
5.1899999999996504,9468.723098543667
5.19199999999965,9461.027736924114
5.19399999999965,9453.313837032767
5.19599999999965,9445.58349812326
5.19799999999965,9437.843933810433
5.199999999999649,9430.100299810856
5.201999999999649,9422.357261870797
5.203999999999649,9414.617653748623
5.205999999999649,9406.883079621062
5.2079999999996485,9399.154402192982
5.209999999999648,9391.4320628683
5.211999999999648,9383.716275201707
5.213999999999648,9376.015509806342
5.215999999999648,9368.338476858966
5.217999999999647,9360.685067667875
5.219999999999647,9353.049471207807
5.221999999999647,9345.426921836646
5.223999999999647,9337.81505100449
5.2259999999996465,9330.211921690881
5.227999999999646,9322.616442899614
5.229999999999646,9315.028029074565
5.231999999999646,9307.446373588826
5.233999999999646,9299.871322775589
5.235999999999645,9292.302801532453
5.237999999999645,9284.74077433221
5.239999999999645,9277.182219855296
5.241999999999645,9269.607345224878
5.2439999999996445,9262.013999891562
5.245999999999644,9254.40871099685
5.247999999999644,9246.804006011176
5.249999999999644,9239.206366758684
5.251999999999644,9231.618744245163
5.253999999999643,9224.039764723708
5.255999999999643,9216.47006301527
5.257999999999643,9208.90734923942
5.259999999999643,9201.351149936034
5.2619999999996425,9193.802701371767
5.263999999999642,9186.261058039881
5.265999999999642,9178.726126729673
5.267999999999642,9171.197857113411
5.269999999999642,9163.675473853606
5.271999999999641,9156.160468278922
5.273999999999641,9148.652065975031
5.275999999999641,9141.149519416429
5.277999999999641,9133.654318606117
5.2799999999996405,9126.164962893909
5.28199999999964,9118.68293123845
5.28399999999964,9111.206738938772
5.28599999999964,9103.73785335505
5.28799999999964,9096.274798082384
5.289999999999639,9088.815879792035
5.291999999999639,9081.339320670986
5.293999999999639,9073.843375158565
5.295999999999639,9066.335659207278
5.2979999999996386,9058.822313273275
5.299999999999638,9051.309333661697
5.301999999999638,9043.798562784012
5.303999999999638,9036.293289724117
5.305999999999638,9028.793105287536
5.3079999999996375,9021.29994708316
5.309999999999637,9013.812661046244
5.311999999999637,9006.332772557636
5.313999999999637,8998.858931384282
5.315999999999637,8991.392553847445
5.317999999999636,8983.932251336373
5.319999999999636,8976.478724943998
5.321999999999636,8969.031968773981
5.323999999999636,8961.592644678856
5.3259999999996355,8954.15938217044
5.327999999999635,8946.73286657981
5.329999999999635,8939.313093234068
5.331999999999635,8931.900048380598
5.333999999999635,8924.493724360274
5.335999999999634,8917.094114403231
5.337999999999634,8909.701210481846
5.339999999999634,8902.315008008707
5.341999999999634,8894.926717703896
5.3439999999996335,8887.522302019348
5.345999999999633,8880.106582158392
5.347999999999633,8872.686287974726
5.349999999999633,8865.266395814135
5.351999999999633,8857.850553469892
5.353999999999632,8850.4397934024
5.355999999999632,8843.034795462814
5.357999999999632,8835.634989103535
5.359999999999632,8828.240787974619
5.3619999999996315,8820.853812284737
5.363999999999631,8813.472947735514
5.365999999999631,8806.098916770436
5.367999999999631,8798.732355723796
5.369999999999631,8791.372012327382
5.37199999999963,8784.018530268717
5.37399999999963,8776.671895136116
5.37599999999963,8769.332705012885
5.37799999999963,8761.99971653915
5.3799999999996295,8754.67356010672
5.381999999999629,8747.354215466823
5.383999999999629,8740.041679721051
5.385999999999629,8732.735939631175
5.387999999999629,8725.436982199746
5.389999999999628,8718.14480934621
5.391999999999628,8710.859402427659
5.393999999999628,8703.58076067168
5.395999999999628,8696.28943884189
5.3979999999996275,8688.97749368799
5.399999999999627,8681.65039411307
5.401999999999627,8674.31462947184
5.403999999999627,8666.977133051994
5.405999999999627,8659.641421524608
5.407999999999626,8652.30994644442
5.409999999999626,8644.984059506585
5.411999999999626,8637.664481498508
5.413999999999626,8630.351571659477
5.415999999999626,8623.045499600306
5.417999999999625,8615.746346218544
5.419999999999625,8608.454141247017
5.421999999999625,8601.168340635133
5.423999999999625,8593.890063116498
5.4259999999996245,8586.61872025616
5.427999999999624,8579.354310130386
5.429999999999624,8572.09628767839
5.431999999999624,8564.845745381897
5.433999999999624,8557.601566781463
5.435999999999623,8550.364846465976
5.437999999999623,8543.134472847289
5.439999999999623,8535.911531681733
5.441999999999623,8528.694923545952
5.4439999999996225,8521.485727129295
5.445999999999622,8514.28285320948
5.447999999999622,8507.088198291927
5.449999999999622,8499.899668994487
5.451999999999622,8492.696090829715
5.453999999999621,8485.47699521881
5.455999999999621,8478.2487912946
5.457999999999621,8471.01688135932
5.459999999999621,8463.786321832215
5.4619999999996205,8456.558897810733
5.46399999999962,8449.337265142094
5.46599999999962,8442.121275694362
5.46799999999962,8434.912405024834
5.46999999999962,8427.70985212538
5.471999999999619,8420.514737355219
5.473999999999619,8413.326091768056
5.475999999999619,8406.144455174423
5.477999999999619,8398.970295831188
5.4799999999996185,8391.802616591061
5.481999999999618,8384.641925504447
5.483999999999618,8377.488209386855
5.485999999999618,8370.341455948892
5.487999999999618,8363.20211944449
5.489999999999617,8356.069222219845
5.491999999999617,8348.943267519991
5.493999999999617,8341.82423784472
5.495999999999617,8334.71211839347
5.4979999999996165,8327.60690009037
5.499999999999616,8320.508573004732
5.501999999999616,8313.417129311896
5.503999999999616,8306.332553575538
5.505999999999616,8299.254838671166
5.507999999999615,8292.16048508353
5.509999999999615,8285.043525991074
5.511999999999615,8277.911174417944
5.513999999999615,8270.770489158773
5.5159999999996145,8263.628247952613
5.517999999999614,8256.48802858407
5.519999999999614,8249.352218786842
5.521999999999614,8242.222138632458
5.523999999999614,8235.098483301874
5.525999999999613,8227.981597510303
5.527999999999613,8220.871650337836
5.529999999999613,8213.76871826771
5.531999999999613,8206.672820663876
5.533999999999613,8199.583970759255
5.535999999999612,8192.50216088156
5.537999999999612,8185.427371490042
5.539999999999612,8178.629661645855
5.541999999999612,8174.938026690775
5.5439999999996115,8174.505149289423
5.545999999999611,8176.4368334586015
5.547999999999611,8179.895152797917
5.549999999999611,8184.262512846269
5.551999999999611,8189.12737019918
5.55399999999961,8194.210144343167
5.55599999999961,8199.39092009623
5.55799999999961,8204.618934923807
5.55999999999961,8209.867973840957
5.5619999999996095,8212.844289187795
5.563999999999609,8213.44400155451
5.565999999999609,8219.31385018645
5.567999999999609,8224.352533363208
5.569999999999609,8231.445417726227
5.571999999999608,8236.400472473553
5.573999999999608,8244.637874730224
5.575999999999608,8253.808784325642
5.577999999999608,8259.846065777001
5.5799999999996075,8262.39390386105
5.581999999999607,8271.668386183737
5.583999999999607,8282.86069974167
5.585999999999607,8290.58285916204
5.587999999999607,8294.229379858793
5.589999999999606,8294.77249953205
5.591999999999606,8305.697509983183
5.593999999999606,8315.955350852362
5.595999999999606,8328.332937429053
5.5979999999996055,8337.138480110307
5.599999999999605,8347.561475197315
5.601999999999605,8354.797194749124
5.603999999999605,8361.004290541328
5.605999999999605,8376.24377003077
5.607999999999604,8389.185712303952
5.609999999999604,8396.745765620792
5.611999999999604,8399.655761986874
5.613999999999604,8420.953685404329
5.6159999999996035,8443.382353569279
5.617999999999603,8458.702933985775
5.619999999999603,8496.163992611944
5.621999999999603,8529.567576156276
5.623999999999603,8551.189747124932
5.625999999999602,8562.413662192148
5.627999999999602,8566.45194001942
5.629999999999602,8566.074753740224
5.631999999999602,8563.176027012767
5.6339999999996015,8558.9123178268
5.635999999999601,8553.94087074935
5.637999999999601,8548.61551169623
5.639999999999601,8543.117160036303
5.641999999999601,8537.535466653742
5.6439999999996004,8531.882736404163
5.6459999999996,8526.175919592735
5.6479999999996,8520.432985849664
5.6499999999996,8514.665295183142
5.6519999999996,8508.879970022273
5.653999999999599,8503.082412745776
5.655999999999599,8497.279516102448
5.657999999999599,8491.472571466844
5.659999999999599,8485.659970471354
5.6619999999995985,8479.841520869368
5.663999999999598,8474.015733583234
5.665999999999598,8468.181993483044
5.667999999999598,8462.339934996222
5.669999999999598,8446.021789516408
5.671999999999597,8414.506391074412
5.673999999999597,8385.302935311678
5.675999999999597,8363.29194662497
5.677999999999597,8347.672103810726
5.6799999999995965,8336.4784494161
5.681999999999596,8328.007594128609
5.683999999999596,8321.090234806346
5.685999999999596,8315.009838444204
5.687999999999596,8309.455058492678
5.689999999999595,8304.11353953729
5.691999999999595,8298.839734776227
5.693999999999595,8293.578414947095
5.695999999999595,8288.309742907246
5.6979999999995945,8283.02957552648
5.699999999999594,8277.737356725751
5.701999999999594,8272.434466010855
5.703999999999594,8267.102147340272
5.705999999999594,8261.729016553243
5.707999999999593,8256.321013898494
5.709999999999593,8250.886914570741
5.711999999999593,8245.434298497285
5.713999999999593,8239.968110568618
5.7159999999995925,8234.490426740238
5.717999999999592,8229.00379337636
5.719999999999592,8223.508596957638
5.721999999999592,8218.005274330972
5.723999999999592,8212.494443710273
5.725999999999591,8206.975310649512
5.727999999999591,8201.448782381261
5.729999999999591,8195.913978127457
5.731999999999591,8190.371755099692
5.7339999999995905,8184.82204787522
5.73599999999959,8179.263979421296
5.73799999999959,8173.69799823914
5.73999999999959,8168.124471734856
5.74199999999959,8162.542932073909
5.743999999999589,8156.953372552899
5.745999999999589,8151.355769410017
5.747999999999589,8145.750500534054
5.749999999999589,8140.137108575715
5.7519999999995886,8134.515581727518
5.753999999999588,8128.8859049904795
5.755999999999588,8123.248056299947
5.757999999999588,8117.602404352911
5.759999999999588,8111.948144489149
5.7619999999995875,8106.286113149866
5.763999999999587,8100.597037608661
5.765999999999587,8094.864877961494
5.767999999999587,8089.094325211177
5.769999999999587,8083.295482369795
5.771999999999586,8077.47541097306
5.773999999999586,8071.640287224448
5.775999999999586,8065.797384931596
5.777999999999586,8059.948818557106
5.7799999999995855,8054.093869354816
5.781999999999585,8048.232547007052
5.783999999999585,8042.363771272833
5.785999999999585,8036.487095437031
5.787999999999585,8030.602226568561
5.789999999999584,8024.709355538482
5.791999999999584,8018.807969746037
5.793999999999584,8012.898023634568
5.795999999999584,8006.979474348616
5.7979999999995835,8001.052644871466
5.799999999999583,7995.1171133126945
5.801999999999583,7989.173217327612
5.803999999999583,7983.220204748345
5.805999999999583,7977.258804173246
5.807999999999582,7971.288935548939
5.809999999999582,7965.30986222129
5.811999999999582,7959.32230731022
5.813999999999582,7953.326192101216
5.8159999999995815,7947.320789293773
5.817999999999581,7941.306810661213
5.819999999999581,7935.284177786237
5.821999999999581,7929.245558690252
5.823999999999581,7923.160264195015
5.82599999999958,7917.0287420630975
5.82799999999958,7910.860975625156
5.82999999999958,7904.667073039957
5.83199999999958,7898.45435079154
5.8339999999995795,7892.227323830936
5.835999999999579,7885.988256952156
5.837999999999579,7879.738896743589
5.839999999999579,7873.479620206594
5.841999999999579,7865.889879698206
5.843999999999578,7858.264985394446
5.845999999999578,7849.967892084107
5.847999999999578,7837.053051938522
5.849999999999578,7819.449074078651
5.8519999999995775,7803.605366685533
5.853999999999577,7790.946850328499
5.855999999999577,7780.954468903563
5.857999999999577,7772.77088330113
5.859999999999577,7765.688424336995
5.861999999999576,7759.229844548243
5.863999999999576,7753.104734024485
5.865999999999576,7747.147880167888
5.867999999999576,7741.270363804069
5.869999999999576,7735.426418105306
5.871999999999575,7729.593286104616
5.873999999999575,7723.7601636494965
5.875999999999575,7717.921884762714
5.877999999999575,7712.0763775236
5.8799999999995745,7706.223062554393
5.881999999999574,7700.361318904568
5.883999999999574,7694.491329869129
5.885999999999574,7688.612509423454
5.887999999999574,7682.725437666313
5.889999999999573,7676.830039038398
5.891999999999573,7670.889324419094
5.893999999999573,7664.900519225945
5.895999999999573,7655.066452674955
5.8979999999995725,7645.759424989165
5.899999999999572,7620.408801457077
5.901999999999572,7587.0294423519945
5.903999999999572,7558.8230462649335
5.905999999999572,7538.125897278884
5.907999999999571,7523.492166455443
5.909999999999571,7512.923715390706
5.911999999999571,7504.823789063743
5.913999999999571,7498.126331136549
5.9159999999995705,7492.185209010443
5.91799999999957,7486.63326644412
5.91999999999957,7481.272254631748
5.92199999999957,7475.999878990233
5.92399999999957,7470.7675764862615
5.925999999999569,7465.550539515255
5.927999999999569,7460.336281412312
5.929999999999569,7455.119760722056
5.931999999999569,7449.897768817706
5.9339999999995685,7444.6694970457975
5.935999999999568,7439.434683378831
5.937999999999568,7434.192763884091
5.939999999999568,7428.944107620413
5.941999999999568,7423.688286911701
5.943999999999567,7418.425702313283
5.945999999999567,7413.15610336824
5.947999999999567,7407.879491129847
5.949999999999567,7402.595858070395
5.9519999999995665,7397.305195648901
5.953999999999566,7392.007479891848
5.955999999999566,7386.70269434905
5.957999999999566,7381.390821553669
5.959999999999566,7376.071833316067
5.961999999999565,7370.745862779966
5.963999999999565,7365.412529844685
5.965999999999565,7360.072199300989
5.967999999999565,7354.690223090632
5.9699999999995645,7349.263068043774
5.971999999999564,7343.799668687908
5.973999999999564,7338.3098608265955
5.975999999999564,7306.180563418172
5.977999999999564,7273.5052623361535
5.979999999999563,7248.119718092452
5.981999999999563,7230.050012246971
5.983999999999563,7217.350510159264
5.985999999999563,7208.096618581544
5.987999999999563,7200.882004498906
5.989999999999562,7194.806336442357
5.991999999999562,7189.336718314021
5.993999999999562,7184.175504657625
5.995999999999562,7177.620196613637
5.9979999999995615,7171.105745560925
5.999999999999561,7165.038631083061
