time,value
0.0,6438806.690680171
0.002,6431358.107865918
0.004,6424068.958739983
0.006,6413234.734654117
0.008,6400899.188208353
0.01,6388059.608485474
0.012,6375155.29464751
0.014,6362351.909752891
0.016,6349690.810926325
0.018000000000000002,6337192.7497379705
0.020000000000000004,6324853.959677381
0.022000000000000006,6312686.029549796
0.024000000000000007,6300721.928766639
0.02600000000000001,6289049.266331854
0.02800000000000001,6277539.281354109
0.030000000000000013,6266180.649516908
0.032000000000000015,6254976.111718816
0.034000000000000016,6243927.604175859
0.03600000000000002,6233036.27461224
0.03800000000000002,6222303.15415386
0.04000000000000002,6211721.942205043
0.04200000000000002,6201301.328250972
0.044000000000000025,6191044.572700044
0.04600000000000003,6180952.441191522
0.04800000000000003,6171025.458503244
0.05000000000000003,6161263.856079256
0.05200000000000003,6151661.160219499
0.054000000000000034,6142221.18972101
0.056000000000000036,6132972.734460784
0.05800000000000004,6123908.541059906
0.06000000000000004,6115006.809816552
0.06200000000000004,6106266.758306404
0.06400000000000004,6097683.156097532
0.06600000000000004,6089280.633588485
0.06800000000000005,6081096.422190333
0.07000000000000005,6073076.255600982
0.07200000000000005,6065221.024004826
0.07400000000000005,6057529.654860156
0.07600000000000005,6050000.547805841
0.07800000000000006,6042626.872110465
0.08000000000000006,6035413.16294937
0.08200000000000006,6028357.57579467
0.08400000000000006,6021458.193986007
0.08600000000000006,6014712.9184816
0.08800000000000006,6008118.605626026
0.09000000000000007,6001670.127194617
0.09200000000000007,5995365.841309184
0.09400000000000007,5989206.172700785
0.09600000000000007,5983188.31566057
0.09800000000000007,5977309.346784966
0.10000000000000007,5971570.451168769
0.10200000000000008,5965995.630690362
0.10400000000000008,5960575.64663354
0.10600000000000008,5955314.534901963
0.10800000000000008,5950208.127975976
0.11000000000000008,5945250.932590203
0.11200000000000009,5940437.334937325
0.11400000000000009,5935761.302353926
0.11600000000000009,5931217.1453224765
0.11800000000000009,5926795.467304049
0.12000000000000009,5922493.297302024
0.1220000000000001,5918306.779872578
0.1240000000000001,5914230.258981233
0.12600000000000008,5910258.126767509
0.12800000000000009,5906384.749891922
0.1300000000000001,5902604.5717857815
0.1320000000000001,5898911.834617836
0.1340000000000001,5895296.965352819
0.1360000000000001,5891760.36638822
0.1380000000000001,5888296.936853103
0.1400000000000001,5884901.665738743
0.1420000000000001,5881569.569163928
0.1440000000000001,5878295.724183231
0.1460000000000001,5875075.383830349
0.1480000000000001,5871903.889752616
0.1500000000000001,5868773.154598855
0.1520000000000001,5865684.127257706
0.1540000000000001,5862699.75665968
0.1560000000000001,5859778.321292939
0.1580000000000001,5856916.886639608
0.16000000000000011,5854112.519132397
0.16200000000000012,5851362.447218433
0.16400000000000012,5848664.415257533
0.16600000000000012,5846043.619054734
0.16800000000000012,5843515.478295404
0.17000000000000012,5841068.433541822
0.17200000000000013,5838699.341273569
0.17400000000000013,5836400.560616169
0.17600000000000013,5834164.858578205
0.17800000000000013,5831985.416958295
0.18000000000000013,5829855.72097116
0.18200000000000013,5827769.696263972
0.18400000000000014,5825721.6053596465
0.18600000000000014,5823705.994983286
0.18800000000000014,5821717.664898789
0.19000000000000014,5819758.39016973
0.19200000000000014,5817817.906257106
0.19400000000000014,5815890.888183439
0.19600000000000015,5813973.014141312
0.19800000000000015,5812060.095676592
0.20000000000000015,5810148.065835867
0.20200000000000015,5808232.954761462
0.20400000000000015,5806310.850761056
0.20600000000000016,5804377.851563711
0.20800000000000016,5802430.1644775905
0.21000000000000016,5800464.024026649
0.21200000000000016,5798534.172593356
0.21400000000000016,5796660.172133293
0.21600000000000016,5794806.042175647
0.21800000000000017,5792971.306049312
0.22000000000000017,5791156.805978576
0.22200000000000017,5789360.722193794
0.22400000000000017,5787581.2941244235
0.22600000000000017,5785816.817996828
0.22800000000000017,5784065.638865353
0.23000000000000018,5782326.150210295
0.23200000000000018,5780596.76110599
0.23400000000000018,5778875.906959763
0.23600000000000018,5777162.11016883
0.23800000000000018,5775453.931061536
0.24000000000000019,5773749.962819278
0.2420000000000002,5772048.82852734
0.2440000000000002,5770349.178010046
0.2460000000000002,5768646.586626457
0.2480000000000002,5766940.62133779
0.25000000000000017,5765232.979314363
0.25200000000000017,5763522.386963716
0.25400000000000017,5761807.587170966
0.25600000000000017,5760087.333095759
0.2580000000000002,5758360.386909652
0.2600000000000002,5756625.515069471
0.2620000000000002,5754881.4434962375
0.2640000000000002,5753199.093364255
0.2660000000000002,5751551.307238763
0.2680000000000002,5749914.54643781
0.2700000000000002,5748287.883186434
0.2720000000000002,5746670.416759525
0.2740000000000002,5745061.267584531
0.2760000000000002,5743459.577735962
0.2780000000000002,5741864.509772718
0.2800000000000002,5740272.880142606
0.2820000000000002,5738682.247212397
0.2840000000000002,5737096.383673961
0.2860000000000002,5735516.615410962
0.2880000000000002,5733951.040327156
0.2900000000000002,5732398.449740906
0.2920000000000002,5730856.858759698
0.2940000000000002,5729324.295679088
0.2960000000000002,5727798.8983994005
0.2980000000000002,5726278.867520418
0.3000000000000002,5724762.449701485
0.3020000000000002,5723247.937250018
0.3040000000000002,5721733.590934964
0.3060000000000002,5720217.553378699
0.3080000000000002,5718698.569933675
0.3100000000000002,5717175.062128451
0.3120000000000002,5715645.471663851
0.3140000000000002,5714169.911729627
0.3160000000000002,5712737.5733445585
0.3180000000000002,5711313.339558435
0.32000000000000023,5709892.223817977
0.32200000000000023,5708474.696737502
0.32400000000000023,5707063.191340796
0.32600000000000023,5705656.876391532
0.32800000000000024,5704254.905093022
0.33000000000000024,5702856.494911721
0.33200000000000024,5701460.886462075
0.33400000000000024,5700067.341049273
0.33600000000000024,5698675.1350650415
0.33800000000000024,5697283.557272728
0.34000000000000025,5695891.908047143
0.34200000000000025,5694499.503846385
0.34400000000000025,5693105.673497779
0.34600000000000025,5691711.6909649465
0.34800000000000025,5690322.374661923
0.35000000000000026,5688929.415386643
0.35200000000000026,5687532.199510425
0.35400000000000026,5686130.119702979
0.35600000000000026,5684722.5734761525
0.35800000000000026,5683308.961958305
0.36000000000000026,5681888.688799612
0.36200000000000027,5680461.663405362
0.36400000000000027,5679124.830846245
0.36600000000000027,5677786.960076998
0.36800000000000027,5676447.890446663
0.3700000000000003,5675111.2639424
0.3720000000000003,5673776.648261895
0.3740000000000003,5672443.621136295
0.3760000000000003,5671111.768898596
0.3780000000000003,5669780.686348893
0.3800000000000003,5668449.978473222
0.3820000000000003,5667119.257582823
0.3840000000000003,5665788.141120549
0.3860000000000003,5664456.251423811
0.3880000000000003,5663123.216521557
0.3900000000000003,5661788.669782784
0.3920000000000003,5660452.249453139
0.3940000000000003,5659113.596614831
0.3960000000000003,5657772.35448328
0.3980000000000003,5656428.171442065
0.4000000000000003,5655080.670930719
0.4020000000000003,5653729.491710854
0.4040000000000003,5652374.294196533
0.4060000000000003,5651014.7405579295
0.4080000000000003,5649650.494319479
0.4100000000000003,5648281.2199368235
0.4120000000000003,5646916.5506027695
0.4140000000000003,5645631.0407432355
0.4160000000000003,5644346.5988406455
0.4180000000000003,5643062.378303799
0.4200000000000003,5641770.689373416
0.4220000000000003,5640479.683105494
0.4240000000000003,5639189.093672935
0.4260000000000003,5637898.659065954
0.4280000000000003,5636608.125821592
0.4300000000000003,5635317.242935852
0.43200000000000033,5634025.76277121
0.43400000000000033,5632733.441210192
0.43600000000000033,5631440.058852592
0.43800000000000033,5630146.9127217885
0.44000000000000034,5628854.962415978
0.44200000000000034,5627563.7547166925
0.44400000000000034,5626272.3104374055
0.44600000000000034,5624980.547367575
0.44800000000000034,5623688.27238716
0.45000000000000034,5622395.0647147335
0.45200000000000035,5621100.510268031
0.45400000000000035,5619804.201135114
0.45600000000000035,5618505.735002391
0.45800000000000035,5617204.714642482
0.46000000000000035,5615900.747375643
0.46200000000000035,5614593.444574891
0.46400000000000036,5613371.8329288075
0.46600000000000036,5612152.0775642395
0.46800000000000036,5610933.118350428
0.47000000000000036,5609714.692775439
0.47200000000000036,5608496.544490497
0.47400000000000037,5607278.4224236645
0.47600000000000037,5606060.061181345
0.47800000000000037,5604838.228713037
0.48000000000000037,5603609.316584457
0.4820000000000004,5602379.841295976
0.4840000000000004,5601149.565138268
0.4860000000000004,5599918.253134275
0.4880000000000004,5598685.673443979
0.4900000000000004,5597451.59518361
0.4920000000000004,5596215.790655788
0.4940000000000004,5594978.0371618
0.4960000000000004,5593738.1151275365
0.4980000000000004,5592495.807550665
0.5000000000000003,5591250.899778114
0.5020000000000003,5590003.179164266
0.5040000000000003,5588752.434868476
0.5060000000000003,5587498.4576298855
0.5080000000000003,5586241.038797939
0.5100000000000003,5584979.968321858
0.5120000000000003,5583715.0407013185
0.5140000000000003,5582510.835698665
0.5160000000000003,5581327.171757682
0.5180000000000003,5580148.241076792
0.5200000000000004,5578968.199168995
0.5220000000000004,5577786.9102915
0.5240000000000004,5576604.240970712
0.5260000000000004,5575420.059793249
0.5280000000000004,5574234.238017626
0.5300000000000004,5573046.649511514
0.5320000000000004,5571857.16775408
0.5340000000000004,5570665.667205451
0.5360000000000004,5569472.023362383
0.5380000000000004,5568276.110341194
0.5400000000000004,5567077.803721026
0.5420000000000004,5565876.981769124
0.5440000000000004,5564671.13465548
0.5460000000000004,5563454.523236737
0.5480000000000004,5562235.430671855
0.5500000000000004,5561013.730167042
0.5520000000000004,5559789.294759102
0.5540000000000004,5558561.997678129
0.5560000000000004,5557331.701477565
0.5580000000000004,5556098.254762093
0.5600000000000004,5554861.531649573
0.5620000000000004,5553621.408420747
0.5640000000000004,5552382.89899475
0.5660000000000004,5551215.195360034
0.5680000000000004,5550046.249615401
0.5700000000000004,5548875.970051661
0.5720000000000004,5547704.267393701
0.5740000000000004,5546531.053765533
0.5760000000000004,5545356.242609591
0.5780000000000004,5544178.6670697285
0.5800000000000004,5542999.294297627
0.5820000000000004,5541818.122401632
0.5840000000000004,5540635.0685899565
0.5860000000000004,5539450.047323102
0.5880000000000004,5538262.9721862115
0.5900000000000004,5537073.759646446
0.5920000000000004,5535882.327093951
0.5940000000000004,5534688.592529565
0.5960000000000004,5533492.498072501
0.5980000000000004,5532294.586482243
0.6000000000000004,5531095.14393261
0.6020000000000004,5529894.0231499765
0.6040000000000004,5528691.078630321
0.6060000000000004,5527486.16657442
0.6080000000000004,5526279.1447855625
0.6100000000000004,5525069.872472603
0.6120000000000004,5523858.208169875
0.6140000000000004,5522644.011500376
0.6160000000000004,5521421.034749543
0.6180000000000004,5520261.70302053
0.6200000000000004,5519103.638892651
0.6220000000000004,5517944.789464705
0.6240000000000004,5516785.055127964
0.6260000000000004,5515624.3379405495
0.6280000000000004,5514462.54149246
0.6300000000000004,5513299.570847781
0.6320000000000005,5512135.332450192
0.6340000000000005,5510969.733970845
0.6360000000000005,5509802.683459934
0.6380000000000005,5508634.075806251
0.6400000000000005,5507463.803170641
0.6420000000000005,5506291.778346463
0.6440000000000005,5505117.915628327
0.6460000000000005,5503942.130184084
0.6480000000000005,5502764.338023592
0.6500000000000005,5501584.4559070505
0.6520000000000005,5500402.401354323
0.6540000000000005,5499218.092325428
0.6560000000000005,5498031.447977128
0.6580000000000005,5496842.388825187
0.6600000000000005,5495650.834485549
0.6620000000000005,5494456.70524535
0.6640000000000005,5493259.921533938
0.6660000000000005,5492060.4041438
0.6680000000000005,5490858.074139847
0.6700000000000005,5489684.399173137
0.6720000000000005,5488544.628725197
0.6740000000000005,5487403.270003439
0.6760000000000005,5486260.270634232
0.6780000000000005,5485115.577099676
0.6800000000000005,5483972.850156143
0.6820000000000005,5482829.608792221
0.6840000000000005,5481684.382181522
0.6860000000000005,5480537.125247938
0.6880000000000005,5479387.794895605
0.6900000000000005,5478236.349369078
0.6920000000000005,5477082.745894771
0.6940000000000005,5475923.331919096
0.6960000000000005,5474753.093412247
0.6980000000000005,5473580.910786048
0.7000000000000005,5472406.733383967
0.7020000000000005,5471230.509866727
0.7040000000000005,5470051.374589101
0.7060000000000005,5468869.482921473
0.7080000000000005,5467685.44392542
0.7100000000000005,5466499.205489777
0.7120000000000005,5465310.7156283185
0.7140000000000005,5464119.922520169
0.7160000000000005,5462926.773730089
0.7180000000000005,5461731.214810889
0.7200000000000005,5460533.180666999
0.7220000000000005,5459332.600899652
0.7240000000000005,5458154.007269801
0.7260000000000005,5457010.288580975
0.7280000000000005,5455864.9366692
0.7300000000000005,5454717.91938086
0.7320000000000005,5453569.203963002
0.7340000000000005,5452418.7571043
0.7360000000000005,5451266.546845073
0.7380000000000005,5450112.541772487
0.7400000000000005,5448956.710733897
0.7420000000000005,5447799.023425805
0.7440000000000005,5446639.450946886
0.7460000000000006,5445477.962925289
0.7480000000000006,5444314.528685655
0.7500000000000006,5443149.117473526
0.7520000000000006,5441981.698541315
0.7540000000000006,5440812.277485669
0.7560000000000006,5439641.234317453
0.7580000000000006,5438468.605517578
0.7600000000000006,5437294.331406017
0.7620000000000006,5436118.332213991
0.7640000000000006,5434940.544505845
0.7660000000000006,5433760.912887366
0.7680000000000006,5432579.3824489545
0.7700000000000006,5431395.898836638
0.7720000000000006,5430210.407823176
0.7740000000000006,5429022.856019984
0.7760000000000006,5427828.53883995
0.7780000000000006,5426623.13894962
0.7800000000000006,5425464.443992066
0.7820000000000006,5424312.417199117
0.7840000000000006,5423159.229298735
0.7860000000000006,5422004.839135493
0.7880000000000006,5420849.206252726
0.7900000000000006,5419692.290820277
0.7920000000000006,5418534.05354948
0.7940000000000006,5417374.455626891
0.7960000000000006,5416213.4593043905
0.7980000000000006,5415051.028660709
0.8000000000000006,5413887.126758978
0.8020000000000006,5412721.701550266
0.8040000000000006,5411554.701502658
0.8060000000000006,5410386.090862625
0.8080000000000006,5409215.834155483
0.8100000000000006,5408043.897549355
0.8120000000000006,5406870.246361682
0.8140000000000006,5405694.846037459
0.8160000000000006,5404517.662263582
0.8180000000000006,5403338.660953836
0.8200000000000006,5402157.807754895
0.8220000000000006,5400975.066145073
0.8240000000000006,5399789.280826257
0.8260000000000006,5398600.946413636
0.8280000000000006,5397410.676120133
0.8300000000000006,5396218.435072818
0.8320000000000006,5395026.4937896095
0.8340000000000006,5393834.281530036
0.8360000000000006,5392679.978826665
0.8380000000000006,5391534.2118336735
0.8400000000000006,5390386.908585882
0.8420000000000006,5389238.04104699
0.8440000000000006,5388087.573375028
0.8460000000000006,5386935.487368551
0.8480000000000006,5385781.765761354
0.8500000000000006,5384626.391824179
0.8520000000000006,5383469.350323541
0.8540000000000006,5382310.624657771
0.8560000000000006,5381150.19788375
0.8580000000000007,5379988.052660811
0.8600000000000007,5378824.172038226
0.8620000000000007,5377658.538867022
0.8640000000000007,5376478.344931522
0.8660000000000007,5375295.435271432
0.8680000000000007,5374111.039036184
0.8700000000000007,5372925.131398318
0.8720000000000007,5371737.687216869
0.8740000000000007,5370548.681463009
0.8760000000000007,5369358.088949688
0.8780000000000007,5368165.885104325
0.8800000000000007,5366972.045065078
0.8820000000000007,5365776.535314934
0.8840000000000007,5364579.309592849
0.8860000000000007,5363380.3427898325
0.8880000000000007,5362179.612351504
0.8900000000000007,5360977.095046771
0.8920000000000007,5359775.843747389
0.8940000000000007,5358615.328513203
0.8960000000000007,5357453.4644640405
0.8980000000000007,5356290.238457509
0.9000000000000007,5355125.636935311
0.9020000000000007,5353959.646214925
0.9040000000000007,5352792.253324883
0.9060000000000007,5351623.5469580805
0.9080000000000007,5350453.709330261
0.9100000000000007,5349282.725249316
0.9120000000000007,5348110.568266304
0.9140000000000007,5346937.212251705
0.9160000000000007,5345762.631386511
0.9180000000000007,5344586.800169694
0.9200000000000007,5343409.693409609
0.9220000000000007,5342231.278342287
0.9240000000000007,5341051.509481883
0.9260000000000007,5339870.36032024
0.9280000000000007,5338687.807237397
0.9300000000000007,5337503.826749001
0.9320000000000007,5336318.394517044
0.9340000000000007,5335131.485871764
0.9360000000000007,5333943.078123708
0.9380000000000007,5332751.477282125
0.9400000000000007,5331558.030702421
0.9420000000000007,5330363.073132117
0.9440000000000007,5329166.581517216
0.9460000000000007,5327968.532897914
0.9480000000000007,5326768.904451748
0.9500000000000007,5325567.673503396
0.9520000000000007,5324392.637178235
0.9540000000000007,5323214.75305683
0.9560000000000007,5322035.947153914
0.9580000000000007,5320856.20022315
0.9600000000000007,5319675.492763521
0.9620000000000007,5318493.789791884
0.9640000000000007,5317311.058062265
0.9660000000000007,5316127.278601261
0.9680000000000007,5314942.431959269
0.9700000000000008,5313756.498914276
0.9720000000000008,5312569.460215377
0.9740000000000008,5311381.297302399
0.9760000000000008,5310194.928357935
0.9780000000000008,5309007.410534719
0.9800000000000008,5307818.664547501
0.9820000000000008,5306628.673368299
0.9840000000000008,5305437.418141893
0.9860000000000008,5304244.882280991
0.9880000000000008,5303051.050004031
0.9900000000000008,5301855.905780161
0.9920000000000008,5300659.4342568545
0.9940000000000008,5299461.620205065
0.9960000000000008,5298262.448486329
0.9980000000000008,5297061.904144192
1.0000000000000007,5295859.96987975
1.0020000000000007,5294656.609399945
1.0040000000000007,5293451.805564806
1.0060000000000007,5292245.54433648
1.0080000000000007,5291037.811824223
1.0100000000000007,5289829.113404669
1.0120000000000007,5288654.740772446
1.0140000000000007,5287479.205061471
1.0160000000000007,5286302.499460921
1.0180000000000007,5285124.616302521
1.0200000000000007,5283945.547626242
1.0220000000000007,5282765.28542277
1.0240000000000007,5281583.8202082
1.0260000000000007,5280401.1419311
1.0280000000000007,5279217.242476603
1.0300000000000007,5278032.113774509
1.0320000000000007,5276845.7482147245
1.0340000000000007,5275658.135920515
1.0360000000000007,5274469.268178444
1.0380000000000007,5273279.13718808
1.0400000000000007,5272087.723057402
1.0420000000000007,5270895.005231545
1.0440000000000007,5269694.702280084
1.0460000000000007,5268482.425860724
1.0480000000000007,5267268.48003784
1.0500000000000007,5266053.569187571
1.0520000000000007,5264837.822660947
1.0540000000000007,5263621.2630776595
1.0560000000000007,5262403.8664356
1.0580000000000007,5261185.609099295
1.0600000000000007,5259966.467900656
1.0620000000000007,5258746.419724954
1.0640000000000007,5257525.443312284
1.0660000000000007,5256303.518028384
1.0680000000000007,5255080.622248274
1.0700000000000007,5253856.7344339285
1.0720000000000007,5252650.710219815
1.0740000000000007,5251457.717216571
1.0760000000000007,5250263.956210142
1.0780000000000007,5249069.4018925
1.0800000000000007,5247874.025829358
1.0820000000000007,5246677.813794475
1.0840000000000007,5245480.751289118
1.0860000000000007,5244282.822691765
1.0880000000000007,5243084.014292944
1.0900000000000007,5241884.312992056
1.0920000000000007,5240683.706092518
1.0940000000000007,5239482.180807317
1.0960000000000008,5238279.725008815
1.0980000000000008,5237076.326421739
1.1000000000000008,5235871.973000278
1.1020000000000008,5234666.652952338
1.1040000000000008,5233460.354400214
1.1060000000000008,5232253.065765823
1.1080000000000008,5231044.775795646
1.1100000000000008,5229835.557340445
1.1120000000000008,5228627.53784427
1.1140000000000008,5227418.448977885
1.1160000000000008,5226208.273205565
1.1180000000000008,5224996.987467763
1.1200000000000008,5223784.582419932
1.1220000000000008,5222571.048202748
1.1240000000000008,5221356.374431258
1.1260000000000008,5220140.552002768
1.1280000000000008,5218923.572147628
1.1300000000000008,5217705.4262945
1.1320000000000008,5216486.105632491
1.1340000000000008,5215282.998986266
1.1360000000000008,5214090.079161469
1.1380000000000008,5212883.8740736935
1.1400000000000008,5211673.563614818
1.1420000000000008,5210462.578782558
1.1440000000000008,5209250.908364759
1.1460000000000008,5208038.540625737
1.1480000000000008,5206825.464033072
1.1500000000000008,5205609.598943496
1.1520000000000008,5204392.676963039
1.1540000000000008,5203175.057320329
1.1560000000000008,5201956.714837374
1.1580000000000008,5200737.638047219
1.1600000000000008,5199517.8156356355
1.1620000000000008,5198297.236932098
1.1640000000000008,5197075.891086763
1.1660000000000008,5195853.767275356
1.1680000000000008,5194630.8554400075
1.1700000000000008,5193407.1470764335
1.1720000000000008,5192182.632675659
1.1740000000000008,5190957.302174525
1.1760000000000008,5189731.1460257
1.1780000000000008,5188504.154447999
1.1800000000000008,5187276.317873511
1.1820000000000008,5186047.6268701665
1.1840000000000008,5184818.072138966
1.1860000000000008,5183587.644436272
1.1880000000000008,5182356.333172098
1.1900000000000008,5181124.176217737
1.1920000000000008,5179891.227089609
1.1940000000000008,5178657.470141863
1.1960000000000008,5177422.891818742
1.1980000000000008,5176211.1074651
1.2000000000000008,5175000.7938974565
1.2020000000000008,5173789.8285717815
1.2040000000000008,5172578.202795447
1.2060000000000008,5171365.907202397
1.2080000000000009,5170152.932452463
1.2100000000000009,5168939.269453115
1.2120000000000009,5167724.90896737
1.2140000000000009,5166509.84171016
1.2160000000000009,5165294.056551962
1.2180000000000009,5164077.544380899
1.2200000000000009,5162860.297267244
1.2220000000000009,5161642.308780239
1.2240000000000009,5160423.57110149
1.2260000000000009,5159204.076707406
1.2280000000000009,5157983.811685279
1.2300000000000009,5156762.75223409
1.2320000000000009,5155540.429210734
1.2340000000000009,5154301.131842585
1.2360000000000009,5153061.311682292
1.2380000000000009,5151820.956145338
1.2400000000000009,5150580.050621612
1.2420000000000009,5149340.380450982
1.2440000000000009,5148100.141708995
1.2460000000000009,5146859.287116028
1.2480000000000009,5145617.804862312
1.2500000000000009,5144373.2077493835
1.252000000000001,5143127.897921893
1.254000000000001,5141881.98123784
1.256000000000001,5140635.445455495
1.258000000000001,5139388.27857299
1.260000000000001,5138140.4687786605
1.262000000000001,5136908.3283692915
1.264000000000001,5135682.325190798
1.266000000000001,5134455.7985860305
1.268000000000001,5133228.738378217
1.270000000000001,5132001.136450162
1.272000000000001,5130772.985816367
1.274000000000001,5129544.279534283
1.276000000000001,5128315.009876505
1.278000000000001,5127085.168882732
1.280000000000001,5125854.749012157
1.282000000000001,5124623.743099665
1.284000000000001,5123392.144308609
1.286000000000001,5122159.945530527
1.288000000000001,5120927.139774678
1.290000000000001,5119693.720182167
1.292000000000001,5118459.679144796
1.294000000000001,5117225.008195107
1.296000000000001,5115989.700529559
1.298000000000001,5114753.749730051
1.300000000000001,5113517.148735568
1.302000000000001,5112279.876695609
1.304000000000001,5111041.920825495
1.306000000000001,5109803.275864264
1.308000000000001,5108563.936299463
1.310000000000001,5107323.896379206
1.312000000000001,5106083.148604048
1.314000000000001,5104841.687417017
1.316000000000001,5103599.507761288
1.318000000000001,5102356.604906324
1.320000000000001,5101112.973897842
1.322000000000001,5099868.610518523
1.324000000000001,5098623.536780867
1.326000000000001,5097377.813611381
1.328000000000001,5096149.390407441
1.330000000000001,5094906.970490448
1.332000000000001,5093663.09950295
1.334000000000001,5092418.985432791
1.336000000000001,5091174.615287166
1.338000000000001,5089929.962172137
1.340000000000001,5088685.006280244
1.342000000000001,5087439.736180556
1.344000000000001,5086194.1399315195
1.346000000000001,5084946.1452485155
1.348000000000001,5083697.14699783
1.350000000000001,5082447.842657662
1.352000000000001,5081198.221002501
1.354000000000001,5079948.270681214
1.356000000000001,5078697.980653314
1.358000000000001,5077447.34008973
1.360000000000001,5076196.338392289
1.362000000000001,5074944.965328886
1.364000000000001,5073693.211178016
1.366000000000001,5072441.434138687
1.368000000000001,5071190.294995586
1.370000000000001,5069938.726815942
1.372000000000001,5068686.719648441
1.374000000000001,5067434.249705784
1.376000000000001,5066181.305664342
1.378000000000001,5064927.879998997
1.380000000000001,5063673.965158101
1.382000000000001,5062419.553676758
1.384000000000001,5061164.638210345
1.386000000000001,5059909.211570768
1.388000000000001,5058653.266806269
1.390000000000001,5057396.796759295
1.392000000000001,5056139.794929989
1.394000000000001,5054890.05380294
1.396000000000001,5053649.943306947
1.398000000000001,5052409.4108161125
1.400000000000001,5051168.451132269
1.402000000000001,5049927.059077418
1.404000000000001,5048685.228700568
1.406000000000001,5047442.952707807
1.408000000000001,5046200.222167742
1.410000000000001,5044957.015590292
1.412000000000001,5043713.32737069
1.414000000000001,5042469.1536062565
1.416000000000001,5041224.489837917
1.418000000000001,5039979.332399195
1.420000000000001,5038733.677511565
1.422000000000001,5037487.521556085
1.424000000000001,5036240.8614845425
1.426000000000001,5034993.695503187
1.428000000000001,5033728.970877794
1.430000000000001,5032463.572495711
1.432000000000001,5031197.929976037
1.434000000000001,5029932.033781792
1.436000000000001,5028665.87476835
1.438000000000001,5027399.443561735
1.440000000000001,5026129.89344087
1.442000000000001,5024860.063526288
1.444000000000001,5023589.978577448
1.446000000000001,5022319.618381776
1.448000000000001,5021048.973934727
1.450000000000001,5019778.035762893
1.452000000000001,5018506.7935111355
1.454000000000001,5017235.25689758
1.456000000000001,5015963.466457054
1.458000000000001,5014691.415081453
1.460000000000001,5013419.092012135
1.462000000000001,5012153.0261516925
1.464000000000001,5010896.2251144815
1.466000000000001,5009639.234086621
1.468000000000001,5008382.045341285
1.470000000000001,5007124.650356011
1.472000000000001,5005867.0406592125
1.474000000000001,5004609.208376505
1.476000000000001,5003351.146984116
1.478000000000001,5002092.845333165
1.480000000000001,5000834.279730075
1.482000000000001,4999575.441703787
1.484000000000001,4998316.324331225
1.486000000000001,4997056.920848751
1.488000000000001,4995797.743312046
1.490000000000001,4994538.828766236
1.492000000000001,4993279.594763224
1.494000000000001,4992020.035982733
1.496000000000001,4990760.146179951
1.498000000000001,4989499.917787722
1.500000000000001,4988239.344629052
1.5020000000000011,4986978.421279648
1.5040000000000011,4985717.14146719
1.5060000000000011,4984455.49914415
1.5080000000000011,4983193.489104895
1.5100000000000011,4981931.106936349
1.5120000000000011,4980668.347253703
1.5140000000000011,4979405.192156628
1.5160000000000011,4978141.631333784
1.5180000000000011,4976877.661076036
1.5200000000000011,4975613.277749642
1.5220000000000011,4974348.477890121
1.5240000000000011,4973083.25820529
1.5260000000000011,4971803.621399105
1.5280000000000011,4970519.701484322
1.5300000000000011,4969234.058226756
1.5320000000000011,4967958.605437936
1.5340000000000011,4966685.607156934
1.5360000000000011,4965412.571019486
1.5380000000000011,4964139.487822869
1.5400000000000011,4962866.347847548
1.5420000000000011,4961593.141993895
1.5440000000000011,4960319.861047903
1.5460000000000012,4959046.495822696
1.5480000000000012,4957773.026079928
1.5500000000000012,4956499.434898291
1.5520000000000012,4955225.714002209
1.5540000000000012,4953951.855873363
1.5560000000000012,4952677.852924118
1.5580000000000012,4951403.696464938
1.5600000000000012,4950129.378762293
1.5620000000000012,4948854.892646055
1.5640000000000012,4947580.231416229
1.5660000000000012,4946305.388745073
1.5680000000000012,4945030.358217705
1.5700000000000012,4943755.133661507
1.5720000000000012,4942479.7090367265
1.5740000000000012,4941204.078962041
1.5760000000000012,4939928.2392258085
1.5780000000000012,4938652.184578982
1.5800000000000012,4937375.913815504
1.5820000000000012,4936099.454714032
1.5840000000000012,4934822.796496773
1.5860000000000012,4933545.932559384
1.5880000000000012,4932268.855191168
1.5900000000000012,4930991.55593384
1.5920000000000012,4929714.028596641
1.5940000000000012,4928436.267067379
1.5960000000000012,4927158.265659637
1.5980000000000012,4925880.018495123
1.6000000000000012,4924601.520360337
1.6020000000000012,4923330.881588949
1.6040000000000012,4922064.30508074
1.6060000000000012,4920797.8318322925
1.6080000000000012,4919531.727379024
1.6100000000000012,4918265.423552462
1.6120000000000012,4916998.914262461
1.6140000000000012,4915732.194852708
1.6160000000000012,4914465.249987582
1.6180000000000012,4913197.433592448
1.6200000000000012,4911926.888933317
1.6220000000000012,4910656.153352897
1.6240000000000012,4909385.22324627
1.6260000000000012,4908096.785344984
1.6280000000000012,4906807.533676548
1.6300000000000012,4905518.333774812
1.6320000000000012,4904229.175766341
1.6340000000000012,4902940.050181708
1.6360000000000012,4901650.947443689
1.6380000000000012,4900361.857951349
1.6400000000000012,4899072.772869147
1.6420000000000012,4897783.683257055
1.6440000000000012,4896494.580481306
1.6460000000000012,4895205.456118129
1.6480000000000012,4893916.300880114
1.6500000000000012,4892627.092693232
1.6520000000000012,4891337.819174238
1.6540000000000012,4890048.473392472
1.6560000000000012,4888759.048246175
1.6580000000000013,4887469.5368877
1.6600000000000013,4886179.932633682
1.6620000000000013,4884890.228971529
1.6640000000000013,4883600.4189772885
1.6660000000000013,4882310.494880754
1.6680000000000013,4881020.450275211
1.6700000000000013,4879730.279195707
1.6720000000000013,4878439.976004288
1.6740000000000013,4877158.981697643
1.6760000000000013,4875879.454811518
1.6780000000000013,4874599.854858827
1.6800000000000013,4873320.175407454
1.6820000000000013,4872040.406608211
1.6840000000000013,4870760.529010644
1.6860000000000013,4869480.537235759
1.6880000000000013,4868200.427026457
1.6900000000000013,4866920.194451426
1.6920000000000013,4865639.835467135
1.6940000000000013,4864359.3462145
1.6960000000000013,4863078.722611745
1.6980000000000013,4861797.96117839
1.7000000000000013,4860517.058206781
1.7020000000000013,4859236.01017306
1.7040000000000013,4857954.827965867
1.7060000000000013,4856670.557706286
1.7080000000000013,4855385.962123264
1.7100000000000013,4854101.298396757
1.7120000000000013,4852816.561118405
1.7140000000000013,4851531.744517137
1.7160000000000013,4850246.8335200045
1.7180000000000013,4848961.813787925
1.7200000000000013,4847676.678971796
1.7220000000000013,4846391.8657965865
1.7240000000000013,4845107.187148565
1.7260000000000013,4843808.045132939
1.7280000000000013,4842504.640469046
1.7300000000000013,4841201.345978634
1.7320000000000013,4839898.152858467
1.7340000000000013,4838595.0518449005
1.7360000000000013,4837292.033611286
1.7380000000000013,4835989.089216605
1.7400000000000013,4834686.210129072
1.7420000000000013,4833383.387790737
1.7440000000000013,4832080.614028265
1.7460000000000013,4830783.534234352
1.7480000000000013,4829490.601209404
1.7500000000000013,4828197.739227436
1.7520000000000013,4826904.940879368
1.7540000000000013,4825612.19928602
1.7560000000000013,4824319.507335034
1.7580000000000013,4823026.858567582
1.7600000000000013,4821734.246456826
1.7620000000000013,4820441.664400151
1.7640000000000013,4819149.106488075
1.7660000000000013,4817856.565772224
1.7680000000000013,4816564.034372016
1.7700000000000014,4815271.5060514575
1.7720000000000014,4813978.976232225
1.7740000000000014,4812686.439364355
1.7760000000000014,4811393.889679207
1.7780000000000014,4810101.322393889
1.7800000000000014,4808808.731264981
1.7820000000000014,4807516.098632019
1.7840000000000014,4806223.415481578
1.7860000000000014,4804930.677683234
1.7880000000000014,4803637.881226881
1.7900000000000014,4802343.065199806
1.7920000000000014,4801046.839339354
1.7940000000000014,4799750.5953281615
1.7960000000000014,4798454.328496518
1.7980000000000014,4797158.0338722225
1.8000000000000014,4795861.706761137
1.8020000000000014,4794565.342766956
1.8040000000000014,4793268.93773727
1.8060000000000014,4791972.487314693
1.8080000000000014,4790675.987854464
1.8100000000000014,4789379.435143321
1.8120000000000014,4788082.825424575
1.8140000000000014,4786786.144857049
1.8160000000000014,4785489.381782303
1.8180000000000014,4784192.533180187
1.8200000000000014,4782902.072944964
1.8220000000000014,4781613.459567931
1.8240000000000014,4780324.816140209
1.8260000000000014,4779032.607571643
1.8280000000000014,4777725.174742684
1.8300000000000014,4776417.972126544
1.8320000000000014,4775110.99097215
1.8340000000000014,4773804.327392217
1.8360000000000014,4772498.325400553
1.8380000000000014,4771192.511063368
1.8400000000000014,4769886.875857859
1.8420000000000014,4768581.411538769
1.8440000000000014,4767276.110157446
1.8460000000000014,4765970.95542666
1.8480000000000014,4764665.930076856
1.8500000000000014,4763361.0268029915
1.8520000000000014,4762056.238933491
1.8540000000000014,4760751.559768066
1.8560000000000014,4759446.983053783
1.8580000000000014,4758142.502556414
1.8600000000000014,4756838.110690037
1.8620000000000014,4755533.79981213
1.8640000000000014,4754229.563632266
1.8660000000000014,4752925.396381199
1.8680000000000014,4751621.292659394
1.8700000000000014,4750317.248620275
1.8720000000000014,4749012.829454945
1.8740000000000014,4747705.470401285
1.8760000000000014,4746398.208648755
1.8780000000000014,4745091.029966378
1.8800000000000014,4743783.919087103
1.8820000000000014,4742476.869040288
1.8840000000000015,4741169.874019658
1.8860000000000015,4739862.92905912
1.8880000000000015,4738556.029203495
1.8900000000000015,4737249.169771434
1.8920000000000015,4735942.346211575
1.8940000000000015,4734638.341932707
1.8960000000000015,4733338.986146684
1.8980000000000015,4732039.702811581
1.9000000000000015,4730740.488177141
1.9020000000000015,4729441.338218889
1.9040000000000015,4728142.24860603
1.9060000000000015,4726843.215249253
1.9080000000000015,4725544.233834195
1.9100000000000015,4724245.291718717
1.9120000000000015,4722946.3766779
1.9140000000000015,4721647.485299192
1.9160000000000015,4720348.614485897
1.9180000000000015,4719049.7623713985
1.9200000000000015,4717750.926933267
1.9220000000000015,4716452.105480488
1.9240000000000015,4715153.2952703545
1.9260000000000015,4713854.493673645
1.9280000000000015,4712553.608423565
1.9300000000000015,4711235.621251268
1.9320000000000015,4709917.873694974
1.9340000000000015,4708600.358396566
1.9360000000000015,4707283.067181369
1.9380000000000015,4705965.991332634
1.9400000000000015,4704649.122405348
1.9420000000000015,4703332.446562294
1.9440000000000015,4702015.9698623605
1.9460000000000015,4700700.111453369
1.9480000000000015,4699384.481952364
1.9500000000000015,4698069.02416324
1.9520000000000015,4696753.731236008
1.9540000000000015,4695436.938985073
1.9560000000000015,4694118.45935743
1.9580000000000015,4692800.177210211
1.9600000000000015,4691482.085697397
1.9620000000000015,4690164.177710362
1.9640000000000015,4688846.446816797
1.9660000000000015,4687528.887212312
1.9680000000000015,4686211.493812749
1.9700000000000015,4684897.671619298
1.9720000000000015,4683587.1201086175
1.9740000000000015,4682276.743309306
1.9760000000000015,4680966.5346513055
1.9780000000000015,4679656.488642905
1.9800000000000015,4678346.599808069
1.9820000000000015,4677036.86279854
1.9840000000000015,4675727.272423938
1.9860000000000015,4674417.823738345
1.9880000000000015,4673108.51161664
1.9900000000000015,4671799.331108465
1.9920000000000015,4670490.276345411
1.9940000000000015,4669181.342338485
1.9960000000000016,4667872.525041692
1.9980000000000016,4666563.819920134
2.0000000000000013,4665255.223172735
2.002000000000001,4663946.730781407
2.004000000000001,4662638.332255209
2.0060000000000007,4661330.013815487
2.0080000000000005,4660021.772133328
2.0100000000000002,4658713.604012975
2.012,4657405.506440506
2.014,4656097.477083345
2.0159999999999996,4654789.514430783
2.0179999999999993,4653481.615995575
2.019999999999999,4652173.779171103
2.021999999999999,4650866.001456311
2.0239999999999987,4649558.280202037
2.0259999999999985,4648250.613346014
2.0279999999999982,4646942.9985467205
2.029999999999998,4645635.433281918
2.031999999999998,4644314.233578753
2.0339999999999976,4642985.319128329
2.0359999999999974,4641655.088556796
2.037999999999997,4640325.154404952
2.039999999999997,4638995.508890875
2.0419999999999967,4637666.144083586
2.0439999999999965,4636337.052084989
2.0459999999999963,4635009.488864217
2.047999999999996,4633686.663711006
2.049999999999996,4632364.12424635
2.0519999999999956,4631041.863980771
2.0539999999999954,4629720.121850433
2.055999999999995,4628398.761935303
2.057999999999995,4627077.663526386
2.0599999999999947,4625756.832616305
2.0619999999999945,4624436.263480304
2.0639999999999943,4623115.950529471
2.065999999999994,4621795.879856637
2.067999999999994,4620476.036051075
2.0699999999999936,4619156.413379949
2.0719999999999934,4617837.006064894
2.073999999999993,4616517.808568216
2.075999999999993,4615198.8155993
2.0779999999999927,4613880.021662774
2.0799999999999925,4612561.422018945
2.0819999999999923,4611243.011369551
2.083999999999992,4609924.785166334
2.085999999999992,4608606.738648946
2.0879999999999916,4607288.867273996
2.0899999999999914,4605971.166632927
2.091999999999991,4604653.632434783
2.093999999999991,4603336.260509202
2.0959999999999908,4602019.044043749
2.0979999999999905,4600701.966526812
2.0999999999999903,4599385.022633405
2.10199999999999,4598068.208061303
2.10399999999999,4596751.519453341
2.1059999999999897,4595434.953698037
2.1079999999999894,4594118.507830763
2.109999999999989,4592802.179680106
2.111999999999989,4591484.685656259
2.1139999999999888,4590164.897444542
2.1159999999999886,4588845.270892267
2.1179999999999883,4587525.802105898
2.119999999999988,4586206.487793302
2.121999999999988,4584887.322325571
2.1239999999999877,4583570.338840872
2.1259999999999875,4582256.3155607525
2.1279999999999872,4580942.449810387
2.129999999999987,4579628.735152643
2.131999999999987,4578315.168734632
2.1339999999999866,4577001.747640139
2.1359999999999864,4575671.29391603
2.137999999999986,4574338.602297921
2.139999999999986,4573006.268061226
2.1419999999999857,4571674.283682947
2.1439999999999855,4570342.641200724
2.1459999999999853,4569011.333300245
2.147999999999985,4567680.35250974
2.149999999999985,4566349.691653814
2.1519999999999846,4565019.343856693
2.1539999999999844,4563689.3017451465
2.155999999999984,4562359.557352183
2.157999999999984,4561030.094172954
2.1599999999999837,4559701.037225558
2.1619999999999835,4558372.412725214
2.1639999999999833,4557044.045029193
2.165999999999983,4555715.928808854
2.167999999999983,4554388.059093861
2.1699999999999826,4553060.431039808
2.1719999999999824,4551733.048788867
2.173999999999982,4550405.913893486
2.175999999999982,4549079.021276343
2.1779999999999817,4547752.365747756
2.1799999999999815,4546425.942531368
2.1819999999999813,4545099.746891833
2.183999999999981,4543773.774038267
2.185999999999981,4542448.019186961
2.1879999999999806,4541122.468506611
2.1899999999999804,4539794.0336706545
2.19199999999998,4538465.112968844
2.19399999999998,4537136.4285635585
2.1959999999999797,4535807.9761144435
2.1979999999999795,4534479.751058994
2.1999999999999793,4533151.749137127
2.201999999999979,4531824.749215988
2.203999999999979,4530501.409541458
2.2059999999999786,4529178.308108477
2.2079999999999784,4527855.440290039
2.209999999999978,4526532.800386415
2.211999999999978,4525210.383696475
2.2139999999999778,4523888.186084046
2.2159999999999775,4522566.203307586
2.2179999999999773,4521244.422312954
2.219999999999977,4519922.833821594
2.221999999999977,4518601.434771841
2.2239999999999767,4517280.222196881
2.2259999999999764,4515959.193222697
2.227999999999976,4514638.345067563
2.229999999999976,4513317.6750396155
2.231999999999976,4511997.180543782
2.2339999999999756,4510676.859065965
2.2359999999999753,4509356.708182913
2.237999999999975,4508036.7255568635
2.239999999999975,4506704.582443308
2.2419999999999747,4505364.977190905
2.2439999999999745,4504025.747701508
2.2459999999999742,4502686.88658699
2.247999999999974,4501348.376682536
2.249999999999974,4500010.2060040785
2.2519999999999736,4498672.368097381
2.2539999999999734,4497334.857680347
2.255999999999973,4495997.6695154
2.257999999999973,4494660.797803099
2.2599999999999727,4493324.236783646
2.2619999999999725,4491987.980813527
2.2639999999999723,4490652.066078654
2.265999999999972,4489313.108776988
2.267999999999972,4487974.1404062575
2.2699999999999716,4486635.500959783
2.2719999999999714,4485297.1845724005
2.273999999999971,4483959.185481818
2.275999999999971,4482621.49684334
2.2779999999999707,4481284.100606777
2.2799999999999705,4479946.990161208
2.2819999999999703,4478612.280670786
2.28399999999997,4477279.415419923
2.28599999999997,4475946.856070533
2.2879999999999696,4474614.597794538
2.2899999999999694,4473282.635526395
2.291999999999969,4471950.964248686
2.293999999999969,4470619.578704281
2.2959999999999687,4469288.47276503
2.2979999999999685,4467957.641440832
2.2999999999999683,4466627.080330597
2.301999999999968,4465296.786501768
2.303999999999968,4463966.756138068
2.3059999999999676,4462636.980919725
2.3079999999999674,4461307.446913208
2.309999999999967,4459978.150056237
2.311999999999967,4458649.087029367
2.3139999999999668,4457320.254617464
2.3159999999999665,4455991.649718895
2.3179999999999663,4454663.269200504
2.319999999999966,4453335.108980751
2.321999999999966,4452007.165875148
2.3239999999999656,4450679.437099432
2.3259999999999654,4449351.920008358
2.327999999999965,4448024.61169175
2.329999999999965,4446697.509411873
2.3319999999999648,4445370.610798076
2.3339999999999645,4444043.913523463
2.3359999999999643,4442717.40762087
2.337999999999964,4441391.084271895
2.339999999999964,4440062.508923145
2.3419999999999637,4438732.596621127
2.3439999999999634,4437402.910779519
2.3459999999999632,4436053.050841448
2.347999999999963,4434703.613396319
2.349999999999963,4433354.602021247
2.3519999999999626,4432006.0096896365
2.3539999999999623,4430657.828979583
2.355999999999962,4429310.0525456015
2.357999999999962,4427962.67322802
2.3599999999999617,4426615.684088748
2.3619999999999615,4425271.063163804
2.3639999999999612,4423928.015617695
2.365999999999961,4422585.343449434
2.367999999999961,4421243.196233379
2.3699999999999606,4419901.445530646
2.3719999999999604,4418560.049341189
2.37399999999996,4417219.001110959
2.37599999999996,4415878.29465859
2.3779999999999597,4414537.924510973
2.3799999999999595,4413197.885469139
2.3819999999999593,4411858.172525625
2.383999999999959,4410518.780826908
2.385999999999959,4409179.705658073
2.3879999999999586,4407840.942245584
2.3899999999999584,4406502.484128505
2.391999999999958,4405164.329301123
2.393999999999958,4403826.471572502
2.3959999999999577,4402488.901641857
2.3979999999999575,4401151.616626699
2.3999999999999573,4399814.612952695
2.401999999999957,4398477.8870162
2.403999999999957,4397141.435262684
2.4059999999999566,4395805.254240463
2.4079999999999564,4394469.340607909
2.409999999999956,4393133.691134134
2.411999999999956,4391798.302703579
2.4139999999999557,4390459.535702499
2.4159999999999555,4389120.638564489
2.4179999999999553,4387782.041830662
2.419999999999955,4386443.741598835
2.421999999999955,4385105.730832428
2.4239999999999546,4383767.995503193
2.4259999999999544,4382430.531660903
2.427999999999954,4381093.335817328
2.429999999999954,4379756.404024336
2.4319999999999538,4378419.733280519
2.4339999999999535,4377083.320844879
2.4359999999999533,4375747.164124409
2.437999999999953,4374411.2606299445
2.439999999999953,4373075.607967945
2.4419999999999527,4371741.073884581
2.4439999999999524,4370408.534020454
2.445999999999952,4369076.255508324
2.447999999999952,4367744.236489017
2.4499999999999518,4366412.473910484
2.4519999999999516,4365060.40802414
2.4539999999999513,4363708.712382298
2.455999999999951,4362357.449784876
2.457999999999951,4361006.613363224
2.4599999999999507,4359656.196212545
2.4619999999999505,4358306.19155483
2.4639999999999502,4356956.592778093
2.46599999999995,4355607.393485779
2.46799999999995,4354258.64526822
2.4699999999999496,4352910.382805425
2.4719999999999493,4351562.5000057155
2.473999999999949,4350214.989940563
2.475999999999949,4348867.845726126
2.4779999999999487,4347521.061524033
2.4799999999999485,4346174.623881404
2.4819999999999482,4344828.522337835
2.483999999999948,4343482.751416117
2.485999999999948,4342134.192474859
2.4879999999999476,4340784.950255634
2.4899999999999474,4339436.074511651
2.491999999999947,4338087.561467318
2.493999999999947,4336739.406446198
2.4959999999999467,4335391.604716775
2.4979999999999465,4334044.151771133
2.4999999999999463,4332697.0476469835
2.501999999999946,4331350.291006284
2.503999999999946,4330003.87730216
2.5059999999999456,4328657.802133049
2.5079999999999454,4327312.054219445
2.509999999999945,4325966.622656233
2.511999999999945,4324621.503848435
2.5139999999999447,4323276.694316361
2.5159999999999445,4321932.190702085
2.5179999999999443,4320587.989760142
2.519999999999944,4319244.088354678
2.521999999999944,4317900.483456722
2.5239999999999436,4316558.823549339
2.5259999999999434,4315218.029776802
2.527999999999943,4313877.53611202
2.529999999999943,4312537.339851446
2.5319999999999427,4311197.438054262
2.5339999999999425,4309857.827792564
2.5359999999999423,4308518.500541746
2.537999999999942,4307179.446109943
2.539999999999942,4305840.66221099
2.5419999999999416,4304502.1467844
2.5439999999999414,4303163.897824053
2.545999999999941,4301825.913404017
2.547999999999941,4300488.191684151
2.5499999999999408,4299150.730970882
2.5519999999999405,4297813.52957849
2.5539999999999403,4296476.58588921
2.55599999999994,4295139.30125512
2.55799999999994,4293786.111316256
2.5599999999999397,4292424.907775493
2.5619999999999394,4291064.190776115
2.563999999999939,4289703.947675099
2.565999999999939,4288344.162538311
2.5679999999999388,4286984.932582868
2.5699999999999386,4285626.166665483
2.5719999999999383,4284267.835973296
2.573999999999938,4282909.933998747
2.575999999999938,4281552.454431089
2.5779999999999377,4280195.391150839
2.5799999999999375,4278838.738223283
2.5819999999999372,4277482.489892424
2.583999999999937,4276126.641132724
2.585999999999937,4274771.187723376
2.5879999999999366,4273416.124642213
2.5899999999999364,4272061.446791182
2.591999999999936,4270707.141614629
2.593999999999936,4269353.197165266
2.5959999999999357,4267999.60908604
2.5979999999999355,4266646.373264814
2.5999999999999353,4265293.4857688
2.601999999999935,4263940.9427983565
2.603999999999935,4262588.741117938
2.6059999999999346,4261238.641765674
2.6079999999999344,4259888.992729456
2.609999999999934,4258539.689006274
2.611999999999934,4257190.726979812
2.6139999999999337,4255842.102894625
2.6159999999999335,4254493.813078192
2.6179999999999333,4253145.853622351
2.619999999999933,4251798.213033065
2.621999999999933,4250450.883540429
2.6239999999999326,4249103.8623974
2.6259999999999324,4247756.883921735
2.627999999999932,4246406.131495926
2.629999999999932,4245055.727505879
2.6319999999999317,4243705.669784582
2.6339999999999315,4242355.9553253595
2.6359999999999313,4241006.580847071
2.637999999999931,4239657.543081759
2.639999999999931,4238308.838792727
2.6419999999999306,4236960.463009276
2.6439999999999304,4235612.411998154
2.64599999999993,4234264.681319018
2.64799999999993,4232917.257753745
2.6499999999999297,4231570.136362709
2.6519999999999295,4230223.315084282
2.6539999999999293,4228876.791966119
2.655999999999929,4227530.565142026
2.657999999999929,4226184.632817263
2.6599999999999286,4224838.993260101
2.6619999999999284,4223493.644815062
2.663999999999928,4222148.606113679
2.665999999999928,4220785.777429543
2.6679999999999278,4219420.291013054
2.6699999999999275,4218055.268612217
2.6719999999999273,4216690.703619661
2.673999999999927,4215326.586488074
2.675999999999927,4213962.901187159
2.6779999999999267,4212599.641696999
2.6799999999999264,4211236.803293593
2.681999999999926,4209874.380570304
2.683999999999926,4208512.368169564
2.685999999999926,4207150.761520103
2.6879999999999256,4205791.093660716
2.6899999999999253,4204431.827173548
2.691999999999925,4203072.957508802
2.693999999999925,4201714.479841591
2.6959999999999247,4200354.127992112
2.6979999999999245,4198992.00612667
2.6999999999999242,4197630.3082338115
2.701999999999924,4196269.020809856
2.703999999999924,4194908.133218158
2.7059999999999236,4193547.6405812553
2.7079999999999234,4192187.5393874133
2.709999999999923,4190827.828478621
2.711999999999923,4189468.503546462
2.7139999999999227,4188109.560177079
2.7159999999999225,4186750.994069861
2.7179999999999223,4185392.8006928237
2.719999999999922,4184034.9756088536
2.721999999999922,4182677.5149110267
2.7239999999999216,4181320.4153004624
2.7259999999999214,4179963.67428887
2.727999999999921,4178607.285617559
2.729999999999921,4177251.23590543
2.7319999999999207,4175895.52139838
2.7339999999999205,4174540.1394113544
2.7359999999999203,4173185.0874012345
2.73799999999992,4171830.362944623
2.73999999999992,4170475.96371184
2.7419999999999196,4169121.887472389
2.7439999999999194,4167768.1320875343
2.745999999999919,4166414.6955022635
2.747999999999919,4165061.575754629
2.7499999999999187,4163708.7709768945
2.7519999999999185,4162356.279320721
2.7539999999999183,4161004.0980653553
2.755999999999918,4159652.2183986832
2.757999999999918,4158300.6335364264
2.7599999999999176,4156949.382929343
2.7619999999999174,4155598.458976219
2.763999999999917,4154245.7672423488
2.765999999999917,4152890.906476135
2.7679999999999167,4151536.3807411673
2.7699999999999165,4150183.3694455475
2.7719999999999163,4148830.708632408
2.773999999999916,4147461.688873868
2.775999999999916,4146088.297332514
2.7779999999999156,4144715.406314919
2.7799999999999154,4143343.0081386324
2.781999999999915,4141971.0922220503
2.783999999999915,4140599.6421811515
2.7859999999999148,4139228.650431155
2.7879999999999145,4137858.1103449455
2.7899999999999143,4136488.0155502073
2.791999999999914,4135118.3599074204
2.793999999999914,4133749.137500661
2.7959999999999137,4132380.342614293
2.7979999999999134,4131011.9697369942
2.7999999999999132,4129644.013549187
2.801999999999913,4128276.468917508
2.803999999999913,4126909.3308901284
2.8059999999999126,4125542.5945564024
2.8079999999999123,4124176.25348825
2.809999999999912,4122810.2953142407
2.811999999999912,4121444.716134791
2.8139999999999117,4120079.5121302316
2.8159999999999115,4118714.679674757
2.8179999999999112,4117350.2161902376
2.819999999999911,4115986.119005844
2.821999999999911,4114622.3850054927
2.8239999999999106,4113259.0109213805
2.8259999999999104,4111895.991814043
2.82799999999991,4110533.3240768854
2.82999999999991,4109171.004739555
2.8319999999999097,4107804.852491007
2.8339999999999095,4106438.626507021
2.8359999999999093,4105072.778229485
2.837999999999909,4103707.3003372215
2.839999999999909,4102342.1897058804
2.8419999999999086,4100977.4433272835
2.8439999999999084,4099613.0583176482
2.845999999999908,4098249.0319170565
2.847999999999908,4096885.3614859297
2.8499999999999077,4095522.044502097
2.8519999999999075,4094159.9703594623
2.8539999999999073,4092798.3520875843
2.855999999999907,4091437.0884796446
2.857999999999907,4090076.169754491
2.8599999999999066,4088715.5929180165
2.8619999999999064,4087355.3492735587
2.863999999999906,4085995.4318514746
2.865999999999906,4084635.84005149
2.8679999999999057,4083276.572514474
2.8699999999999055,4081917.627885644
2.8719999999999053,4080559.004844099
2.873999999999905,4079200.7021319102
2.875999999999905,4077842.7185635776
2.8779999999999046,4076485.0530264657
2.8799999999999044,4075127.704479485
2.881999999999904,4073762.6798529634
2.883999999999904,4072384.1381876674
2.8859999999999038,4071006.0714043677
2.8879999999999035,4069628.468215715
2.8899999999999033,4068251.315159895
2.891999999999903,4066874.60559776
2.893999999999903,4065498.333362155
2.8959999999999027,4064122.49252917
2.8979999999999024,4062743.0574218724
2.899999999999902,4061363.3593156342
2.901999999999902,4059984.1205004817
2.9039999999999018,4058605.3345038984
2.9059999999999016,4057226.995041357
2.9079999999999013,4055849.094960088
2.909999999999901,4054471.6294069807
2.911999999999901,4053094.5939828977
2.9139999999999007,4051717.977371107
2.9159999999999004,4050341.7684149463
2.9179999999999002,4048965.9624189185
2.9199999999999,4047590.5550298057
2.9219999999999,4046215.5420775623
2.9239999999998996,4044840.919563815
2.9259999999998993,4043466.683661173
2.927999999999899,4042092.830698214
2.929999999999899,4040719.3571668305
2.9319999999998987,4039346.2597128917
2.9339999999998985,4037974.252299505
2.9359999999998982,4036602.6222638865
2.937999999999898,4035231.3581782244
2.939999999999898,4033860.45143813
2.9419999999998976,4032489.8942197263
2.9439999999998974,4031119.6937814243
2.945999999999897,4029749.867035095
2.947999999999897,4028380.382298533
2.9499999999998967,4027011.2375997575
2.9519999999998965,4025642.4310662937
2.9539999999998963,4024273.9609178444
2.955999999999896,4022905.825950056
2.957999999999896,4021538.02568625
2.9599999999998956,4020170.558849278
2.9619999999998954,4018802.1032719454
2.963999999999895,4017430.46060347
2.965999999999895,4016059.1831744034
2.9679999999998947,4014688.2642635764
2.9699999999998945,4013317.7016460393
2.9719999999998943,4011947.4932395173
2.973999999999894,4010577.637048323
2.975999999999894,4009208.1312163025
2.9779999999998936,4007838.9740016754
2.9799999999998934,4006470.163761655
2.981999999999893,4005101.698951583
2.983999999999893,4003733.5781117375
2.9859999999998927,4002365.799873587
2.9879999999998925,4000998.3629485336
2.9899999999998923,3999631.2645757115
2.991999999999892,3998249.1812604526
2.993999999999892,3996860.585628244
2.9959999999998916,3995472.4584810976
2.9979999999998914,3994084.792522994
2.999999999999891,3992697.5804043086
3.001999999999891,3991310.815431821
3.0039999999998908,3989924.491935337
3.0059999999998905,3988538.6041214676
3.0079999999998903,3987153.1470565414
3.00999999999989,3985768.1147845765
3.01199999999989,3984383.5015187925
3.0139999999998897,3982999.472483824
3.0159999999998894,3981616.197447382
3.017999999999889,3980233.311697554
3.019999999999889,3978850.8104801895
3.0219999999998888,3977468.6895735613
3.0239999999998886,3976086.9449047605
3.0259999999998883,3974704.6113289525
3.027999999999888,3973318.655045824
3.029999999999888,3971933.106300945
3.0319999999998877,3970547.960073825
3.0339999999998875,3969163.23306175
3.0359999999998872,3967778.9029111955
3.037999999999887,3966394.960639835
3.039999999999887,3965011.401953363
3.0419999999998866,3963628.2175129503
3.0439999999998864,3962245.399448569
3.045999999999886,3960862.944739123
3.047999999999886,3959480.8510756884
3.0499999999998857,3958099.1168481726
3.0519999999998855,3956717.739687859
3.0539999999998853,3955336.717210452
3.055999999999885,3953956.0471100495
3.057999999999885,3952575.727204877
3.0599999999998846,3951195.755448588
3.0619999999998844,3949816.129915753
3.063999999999884,3948436.848803276
3.065999999999884,3947057.9095524447
3.0679999999998837,3945679.3019356853
3.0699999999998835,3944301.0237618093
3.0719999999998833,3942923.072389398
3.073999999999883,3941545.4463352356
3.075999999999883,3940168.144770325
3.0779999999998826,3938791.1670810874
3.0799999999998824,3937414.5127608157
3.081999999999882,3936038.181366972
3.083999999999882,3934662.172491957
3.0859999999998817,3933286.485765758
3.0879999999998815,3931911.1208457686
3.0899999999998813,3930533.0479190177
3.091999999999881,3929153.2649380476
3.093999999999881,3927773.9097120836
3.0959999999998806,3926395.148034641
3.0979999999998804,3925016.7311064675
3.09999999999988,3923638.657831301
3.10199999999988,3922243.1342009115
3.1039999999998797,3920843.2045406103
3.1059999999998795,3919443.7362690014
3.1079999999998793,3918044.7192832706
3.109999999999879,3916646.143711899
3.111999999999879,3915248.0001702653
3.1139999999998786,3913850.2798041757
3.1159999999998784,3912452.9728950495
3.117999999999878,3911056.063895309
3.119999999999878,3909659.558051098
3.1219999999998778,3908263.4377673473
3.1239999999998775,3906867.694857438
3.1259999999998773,3905472.3237913623
3.127999999999877,3904077.3193505434
3.129999999999877,3902682.676616528
3.1319999999998767,3901288.390800965
3.1339999999998764,3899894.456825299
3.135999999999876,3898500.8703862736
3.137999999999876,3897107.6276444467
3.139999999999876,3895714.7254599053
3.1419999999998756,3894322.1553563555
3.1439999999998753,3892929.9127744166
3.145999999999875,3891537.9954390517
3.147999999999875,3890146.40116748
3.1499999999998747,3888755.1278870925
3.1519999999998745,3887361.5989597887
3.1539999999998742,3885965.777495453
3.155999999999874,3884570.3076377492
3.157999999999874,3883175.1852886244
3.1599999999998736,3881780.4065109976
3.1619999999998734,3880385.9675828437
3.163999999999873,3878991.8646799284
3.165999999999873,3877598.088592096
3.1679999999998727,3876204.6322728666
3.1699999999998725,3874811.4933971274
3.1719999999998723,3873418.697818863
3.173999999999872,3872026.346833595
3.175999999999872,3870634.299809785
3.1779999999998716,3869242.5554106324
3.1799999999998714,3867851.1119174454
3.181999999999871,3866459.9675333747
3.183999999999871,3865069.12062064
3.1859999999998707,3863678.5706146085
3.1879999999998705,3862288.316176094
3.1899999999998703,3860898.3528066454
3.19199999999987,3859508.6745066214
3.19399999999987,3858119.280165799
3.1959999999998696,3856730.168706747
3.1979999999998694,3855341.3389695813
3.199999999999869,3853952.789681788
3.201999999999869,3852564.524771574
3.2039999999998687,3851176.536856717
3.2059999999998685,3849788.8241328076
3.2079999999998683,3848401.3847014206
3.209999999999868,3847014.2164506773
3.211999999999868,3845610.3029248086
3.2139999999998676,3844195.8022469403
3.2159999999998674,3842781.131091441
3.217999999999867,3841366.799955845
3.219999999999867,3839952.789635464
3.2219999999998667,3838539.0823362023
3.2239999999998665,3837125.661533291
3.2259999999998663,3835712.511776415
3.227999999999866,3834299.618456397
3.229999999999866,3832886.968036778
3.2319999999998656,3831474.5478853243
3.2339999999998654,3830062.3444719655
3.235999999999865,3828650.343740696
3.237999999999865,3827238.529089153
3.2399999999998648,3825826.882022233
3.2419999999998645,3824415.3856272884
3.2439999999998643,3823004.0195367057
3.245999999999864,3821592.7738439585
3.247999999999864,3820181.5877656103
3.2499999999998637,3818770.4122603787
3.2519999999998634,3817359.1650827457
3.2539999999998632,3815474.906183326
3.255999999999863,3811110.2584546064
3.257999999999863,3806635.2125213924
3.2599999999998626,3802075.6541562653
3.2619999999998623,3797451.7733812877
3.263999999999862,3792800.205274756
3.265999999999862,3788136.7249575667
3.2679999999998617,3783471.640573467
3.2699999999998615,3778811.3713848013
3.2719999999998612,3774159.7845849567
3.273999999999861,3769519.088170145
3.275999999999861,3764830.0892609735
3.2779999999998606,3760130.5734223602
3.2799999999998604,3755431.795815967
3.28199999999986,3750746.4015223267
3.28399999999986,3746074.452846824
3.2859999999998597,3741415.964035307
3.2879999999998595,3736770.925405949
3.2899999999998593,3732139.330138636
3.291999999999859,3727521.1502031665
3.293999999999859,3722916.347719464
3.2959999999998586,3718316.860097239
3.2979999999998584,3713720.1206498533
3.299999999999858,3709136.7581909085
3.301999999999858,3704566.7439198517
3.3039999999998577,3700010.060915611
3.3059999999998575,3695466.677403544
3.3079999999998573,3690936.5603933996
3.309999999999857,3686358.0209036716
3.311999999999857,3681776.7985072625
3.3139999999998566,3677199.8414551904
3.3159999999998564,3672626.306855499
3.317999999999856,3668065.9818900796
3.319999999999856,3663518.8355275756
3.3219999999998557,3658984.8356850957
3.3239999999998555,3654463.950378362
3.3259999999998553,3649956.1477144007
3.327999999999855,3645461.395860906
3.329999999999855,3640979.668067056
3.3319999999998546,3636502.148256335
3.3339999999998544,3632027.757003394
3.335999999999854,3627566.4293448273
3.337999999999854,3623118.1184117426
3.3399999999998538,3618682.7833958967
3.3419999999998535,3614260.389874425
3.3439999999998533,3609817.197457165
3.345999999999853,3605343.1027197973
3.347999999999853,3600881.86731693
3.3499999999998527,3596425.7641453156
3.3519999999998524,3591971.45311075
3.353999999999852,3587530.023287357
3.355999999999852,3583101.44329755
3.3579999999998518,3578685.6834649798
3.3599999999998515,3574282.7288540713
3.3619999999998513,3569892.5329561164
3.363999999999851,3565515.0583611387
3.365999999999851,3561150.274425794
3.3679999999998507,3556792.581152814
3.3699999999998504,3552434.328894415
3.3719999999998502,3548088.7944681467
3.37399999999985,3543755.9608507995
3.37599999999985,3539435.8030900843
3.3779999999998496,3535128.289878029
3.3799999999998493,3530780.494876015
3.381999999999849,3526420.694545491
3.383999999999849,3522073.425035261
3.3859999999998487,3517736.2442864603
3.3879999999998485,3513395.105858859
3.3899999999998482,3509066.530252167
3.391999999999848,3504750.487176954
3.393999999999848,3500446.9461720325
3.3959999999998476,3496155.876849132
3.3979999999998474,3491877.2489656303
3.399999999999847,3487611.032377712
3.401999999999847,3483357.1998980423
3.4039999999998467,3479115.737898331
3.4059999999998465,3474869.559835105
3.4079999999998463,3470633.9723297674
3.409999999999846,3466410.7612020196
3.411999999999846,3462199.896103513
3.4139999999998456,3458001.347550491
3.4159999999998454,3453774.6427894263
3.417999999999845,3449523.204180529
3.419999999999845,3445283.9983383613
3.4219999999998447,3441056.995343925
3.4239999999998445,3436830.353068278
3.4259999999998443,3432608.81804417
3.427999999999844,3428399.5144268526
3.429999999999844,3424202.4126155223
3.4319999999998436,3420017.481972184
3.4339999999998434,3415844.69052531
3.435999999999843,3411684.0094543374
3.437999999999843,3407535.40964921
3.4399999999998427,3403398.86205409
3.4419999999998425,3399268.8749374715
3.4439999999998423,3395137.416786952
3.445999999999842,3391018.043524463
3.447999999999842,3386910.7357038315
3.4499999999998416,3382815.477195005
3.4519999999998414,3378732.2313647373
3.453999999999841,3374588.5002233847
3.455999999999841,3370451.7914582063
3.4579999999998408,3366326.9742406476
3.4599999999998405,3362214.0155331255
3.4619999999998403,3358095.888882409
3.46399999999984,3353987.682405738
3.46599999999984,3349891.3887994513
3.4679999999998397,3345806.9791497914
3.4699999999998394,3341734.4246651176
3.471999999999839,3337673.696661069
3.473999999999839,3333624.766591683
3.4759999999998388,3329587.6060601114
3.4779999999998386,3325562.188375134
3.4799999999998383,3321540.0426384555
3.481999999999838,3317519.068082191
3.483999999999838,3313509.8616677453
3.4859999999998377,3309512.402089151
3.4879999999998375,3305526.65906572
3.4899999999998372,3301552.604704741
3.491999999999837,3297520.0683108196
3.493999999999837,3293491.94761429
3.4959999999998366,3289475.4289503284
3.4979999999998364,3285470.4854895705
3.499999999999836,3281459.2615041677
3.501999999999836,3277458.4145325967
3.5039999999998357,3273469.179612396
3.5059999999998355,3269491.5264342325
3.5079999999998353,3265525.412814742
3.509999999999835,3261570.8060410502
3.511999999999835,3257627.6942908405
3.5139999999998346,3253696.0512947002
3.5159999999998344,3249775.849523901
3.517999999999834,3245860.046526853
3.519999999999834,3241943.574764565
3.5219999999998337,3238038.5826861146
3.5239999999998335,3234145.0428044796
3.5259999999998333,3230262.931025189
3.527999999999833,3226392.235696927
3.529999999999833,3222500.922856617
3.5319999999998326,3218575.6839794233
3.5339999999998324,3214661.7394138565
3.535999999999832,3210759.053432652
3.537999999999832,3206853.4463927974
3.5399999999998317,3202954.1374216406
3.5419999999998315,3199066.128514191
3.5439999999998313,3195189.409550475
3.545999999999831,3191323.955841629
3.547999999999831,3187469.740190372
3.5499999999998306,3183626.735559175
3.5519999999998304,3179794.9150382373
3.55399999999983,3175974.251866218
3.55599999999983,3172163.7489954955
3.5579999999998297,3168346.14424795
3.5599999999998295,3164539.7422963716
3.5619999999998293,3160744.5090702972
3.563999999999829,3156960.4181026965
3.565999999999829,3153187.443005321
3.5679999999998286,3149425.5574761587
3.5699999999998284,3145640.9647529563
3.571999999999828,3141823.9446159387
3.573999999999828,3138017.906743157
3.5759999999998278,3134217.031529407
3.5779999999998275,3130413.7298325095
3.5799999999998273,3126621.4719773885
3.581999999999827,3122840.2313974323
3.583999999999827,3119069.9816930345
3.5859999999998267,3115310.6952338656
3.5879999999998264,3111562.3261116846
3.589999999999826,3107824.8465326414
3.591999999999826,3104098.232971036
3.593999999999826,3100382.4766895333
3.5959999999998256,3096668.1006895527
3.5979999999998253,3092954.798464409
3.599999999999825,3089252.40201778
3.601999999999825,3085560.8791152453
3.6039999999998247,3081880.2103447844
3.6059999999998245,3078210.3679595934
3.6079999999998242,3074551.3264334635
3.609999999999824,3070903.0694298083
3.611999999999824,3067191.9761109226
3.6139999999998236,3063488.0461594807
3.6159999999998234,3059782.8755421387
3.617999999999823,3056081.047248745
3.619999999999823,3052389.95284391
3.6219999999998227,3048709.567541438
3.6239999999998225,3045039.8665442253
3.6259999999998223,3041380.8261849703
3.627999999999822,3037732.436164053
3.629999999999822,3034094.676293907
3.6319999999998216,3030467.5213813907
3.6339999999998214,3026850.9463582053
3.635999999999821,3023231.785886476
3.637999999999821,3019617.0708445166
3.6399999999998207,3016012.9849855555
3.6419999999998205,3012419.49631481
3.6439999999998203,3008836.565786384
3.64599999999982,3005264.18442686
3.64799999999982,3001702.329252819
3.6499999999998196,2998150.975803924
3.6519999999998194,2994610.0997116105
3.653999999999819,2991007.2427369803
3.655999999999819,2987397.0072422246
3.6579999999998187,2983791.0311248438
3.6599999999998185,2980195.521363839
3.6619999999998183,2976610.459725448
3.663999999999818,2973035.8359300806
3.665999999999818,2969471.6264500977
3.6679999999998176,2965917.806958407
3.6699999999998174,2962374.3524539624
3.671999999999817,2958841.2215778264
3.673999999999817,2955318.385869983
3.6759999999998167,2951793.9474947015
3.6779999999998165,2948272.3492909414
3.6799999999998163,2944761.105320458
3.681999999999816,2941260.2049963884
3.683999999999816,2937769.6251120633
3.6859999999998156,2934289.341807494
3.6879999999998154,2930819.3313595653
3.689999999999815,2927359.570176718
3.691999999999815,2923910.0348034264
3.6939999999998148,2920470.7018782278
3.6959999999998145,2917003.9256362994
3.6979999999998143,2913488.6248566713
3.699999999999814,2909983.552609694
3.701999999999814,2906488.6730368948
3.7039999999998137,2903003.9598349435
3.7059999999998134,2899529.3921591276
3.7079999999998132,2896064.9432839877
3.709999999999813,2892610.590500524
3.711999999999813,2889166.3150123362
3.7139999999998126,2885732.0921293925
3.7159999999998123,2882302.4504168793
3.717999999999812,2878868.9171825657
3.719999999999812,2875445.5100462874
3.7219999999998117,2872032.2074694955
3.7239999999998115,2868628.9803734063
3.7259999999998112,2865235.8131812136
3.727999999999811,2861852.6751559516
3.729999999999811,2858479.547825912
3.7319999999998106,2855116.3884042893
3.7339999999998104,2851763.171697895
3.73599999999981,2848419.657560922
3.73799999999981,2845066.8762224754
3.7399999999998097,2841708.1858886173
3.7419999999998095,2838298.536478108
3.7439999999998093,2834898.8155332142
3.745999999999809,2831509.000158732
3.747999999999809,2828129.0675176713
3.7499999999998086,2824758.994807546
3.7519999999998084,2821398.759246475
3.753999999999808,2818048.3458311153
3.755999999999808,2814707.743661259
3.7579999999998077,2811363.8201378454
3.7599999999998075,2808023.414801328
3.7619999999998073,2804692.866643073
3.763999999999807,2801372.1369109694
3.765999999999807,2798061.202416978
3.7679999999998066,2794760.040561289
3.7699999999998064,2791468.628699453
3.771999999999806,2788186.9452397763
3.773999999999806,2784914.981777189
3.7759999999998057,2781652.719787908
3.7779999999998055,2778394.9771025283
3.7799999999998053,2775132.6300616544
3.781999999999805,2771880.0386745105
3.783999999999805,2768637.179611179
3.7859999999998046,2765371.4287076117
3.7879999999998044,2762071.199420283
3.789999999999804,2758780.58771847
3.791999999999804,2755499.575244921
3.7939999999998038,2752228.6541697243
3.7959999999998035,2748967.605756976
3.7979999999998033,2745716.2901064563
3.799999999999803,2742459.372580124
3.801999999999803,2739207.9067753614
3.8039999999998027,2735966.089884836
3.8059999999998024,2732733.884426239
3.807999999999802,2729511.2591276104
3.809999999999802,2726298.186346193
3.8119999999998018,2723094.648481069
3.8139999999998015,2719900.6327667297
3.8159999999998013,2716716.1154968794
3.817999999999801,2713541.072978597
3.819999999999801,2710371.116824244
3.8219999999998007,2707195.514244524
3.8239999999998004,2704029.440479406
3.8259999999998002,2700872.8723310865
3.8279999999998,2697725.7859573443
3.8299999999998,2694588.142806253
3.8319999999997996,2691459.923932777
3.8339999999997993,2688266.3784018867
3.835999999999799,2685080.3567274027
3.837999999999799,2681903.655697498
3.8399999999997987,2678736.2528052833
3.8419999999997985,2675566.6429781797
3.8439999999997982,2672398.365493806
3.845999999999798,2669239.4398923577
3.847999999999798,2666089.8436318603
3.8499999999997976,2662949.554234826
3.8519999999997974,2659818.557410735
3.853999999999797,2656696.8422845304
3.855999999999797,2653584.3864641315
3.8579999999997967,2650481.1672523725
3.8599999999997965,2647387.163774522
3.8619999999997963,2644302.348513082
3.863999999999796,2641209.5934556527
3.865999999999796,2638123.6892781914
3.8679999999997956,2635047.0116673955
3.8699999999997954,2631979.540352881
3.871999999999795,2628921.2530105244
3.873999999999795,2625872.1468562777
3.8759999999997947,2622832.1988867745
3.8779999999997945,2619801.38670868
3.8799999999997943,2616779.6880333396
3.881999999999794,2613704.1152004087
3.883999999999794,2610622.4287403016
3.8859999999997936,2607531.9905794654
3.8879999999997934,2604450.649932294
3.889999999999793,2601378.3848929666
3.891999999999793,2598315.1747270403
3.8939999999997927,2595261.0121698217
3.8959999999997925,2592215.879735541
3.8979999999997923,2589179.7543485523
3.899999999999792,2586152.5976874083
3.901999999999792,2583134.3836167073
3.9039999999997916,2580125.090877482
3.9059999999997914,2577120.4005018966
3.907999999999791,2574109.423955442
3.909999999999791,2571107.427252906
3.9119999999997908,2568114.3888768638
3.9139999999997905,2565130.2945215283
3.9159999999997903,2562155.134845891
3.91799999999979,2559188.888527765
3.91999999999979,2556231.53375277
3.9219999999997897,2553283.0488309693
3.9239999999997894,2550343.4121915433
3.925999999999789,2547412.6023666603
3.927999999999789,2544485.286964953
3.9299999999997888,2541552.617236108
3.9319999999997886,2538557.89044914
3.9339999999997883,2535566.7140775374
3.935999999999788,2532584.325317396
3.937999999999788,2529610.7029257473
3.9399999999997877,2526645.8258888833
3.9419999999997875,2523689.673244628
3.9439999999997872,2520742.2240784722
3.945999999999787,2517803.457525479
3.947999999999787,2514873.3527696594
3.9499999999997866,2511947.1450911076
3.9519999999997864,2509014.8412983436
3.953999999999786,2506091.2584923785
3.955999999999786,2503176.3769965926
3.9579999999997857,2500270.1909325076
3.9599999999997855,2497372.682883857
3.9619999999997852,2494483.831593043
3.963999999999785,2491603.615924598
3.965999999999785,2488732.014868181
3.9679999999997846,2485869.007525115
3.9699999999997844,2483014.573091075
3.971999999999784,2480166.1180435834
3.973999999999784,2477309.277225452
3.9759999999997837,2474461.0498106666
3.9779999999997835,2471621.4168046913
3.9799999999997833,2468790.3730922197
3.981999999999783,2465948.6834714417
3.983999999999783,2463058.725632331
3.9859999999997826,2460177.240758382
3.9879999999997824,2457304.208424503
3.989999999999782,2454439.608281193
3.991999999999782,2451583.4201018326
3.9939999999997817,2448735.6237167236
3.9959999999997815,2445877.9419094976
3.9979999999997813,2443027.499711983
3.999999999999781,2440185.510194192
4.001999999999781,2437351.968355244
4.003999999999781,2434526.854564002
4.005999999999781,2431710.15270309
4.007999999999781,2428901.842232448
4.00999999999978,2426101.896888566
4.01199999999978,2423310.282896807
4.01399999999978,2420526.976906297
4.01599999999978,2417751.9593272256
4.0179999999997795,2414972.385408596
4.019999999999779,2412194.4900463205
4.021999999999779,2409424.9464102606
4.023999999999779,2406663.744123141
4.025999999999779,2403910.8733027377
4.027999999999778,2401166.31367044
4.029999999999778,2398430.0449536964
4.031999999999778,2395702.0470005884
4.033999999999778,2392982.2997743255
4.0359999999997775,2390214.4329211875
4.037999999999777,2387435.259376392
4.039999999999777,2384658.5020781993
4.041999999999777,2381876.1441084244
4.043999999999777,2379101.9991183486
4.045999999999776,2376336.0491438336
4.047999999999776,2373578.29131232
4.049999999999776,2370828.699580336
4.051999999999776,2368087.2405568874
4.053999999999776,2365353.89463172
4.055999999999775,2362628.642567076
4.057999999999775,2359911.465150083
4.059999999999775,2357202.3431840446
4.061999999999775,2354501.257493071
4.0639999999997745,2351791.8082020422
4.065999999999774,2349087.378648876
4.067999999999774,2346391.0489454553
4.069999999999774,2343702.807133341
4.071999999999774,2341022.645758462
4.073999999999773,2338350.5455946857
4.075999999999773,2335686.486981859
4.077999999999773,2333030.450386446
4.079999999999773,2330382.416391471
4.0819999999997725,2327742.3656789283
4.083999999999772,2325110.2790139015
4.085999999999772,2322480.2619128977
4.087999999999772,2319844.64143431
4.089999999999772,2317190.515449013
4.091999999999771,2314495.265468317
4.093999999999771,2311807.9307418913
4.095999999999771,2309128.5026210793
4.097999999999771,2306456.9621412246
4.0999999999997705,2303793.29038054
4.10199999999977,2301137.468488624
4.10399999999977,2298489.4776898082
4.10599999999977,2295849.299278265
4.10799999999977,2293216.914611795
4.109999999999769,2290579.2234527105
4.111999999999769,2287943.015816036
4.113999999999769,2285314.663213225
4.115999999999769,2282694.15100935
4.1179999999997685,2280081.4687625095
4.119999999999768,2277476.6078704777
4.121999999999768,2274879.5493174507
4.123999999999768,2272290.274108987
4.125999999999768,2269708.7633793037
4.127999999999767,2267134.998376723
4.129999999999767,2264568.960444741
4.131999999999767,2262010.621231747
4.133999999999767,2259441.450387961
4.1359999999997665,2256879.1282614646
4.137999999999766,2254324.560827287
4.139999999999766,2251777.7298183385
4.141999999999766,2249238.622695785
4.143999999999766,2246707.2341523278
4.145999999999765,2244182.016889575
4.147999999999765,2241590.5970364898
4.149999999999765,2239006.77425682
4.151999999999765,2236430.530290711
4.1539999999997645,2233861.847030958
4.155999999999764,2231297.9652040405
4.157999999999764,2228724.963202482
4.159999999999764,2226159.58631454
4.161999999999764,2223601.816383562
4.1639999999997634,2221051.635304577
4.165999999999763,2218509.0261026868
4.167999999999763,2215973.985061174
4.169999999999763,2213446.4984453055
4.171999999999763,2210926.547844219
4.173999999999762,2208414.1109580644
4.175999999999762,2205909.1547160293
4.177999999999762,2203411.656741889
4.179999999999762,2200917.0176030817
4.1819999999997615,2198415.0308819655
4.183999999999761,2195920.5727192806
4.185999999999761,2193433.6253063944
4.187999999999761,2190954.1708467775
4.189999999999761,2188482.191568226
4.19199999999976,2186017.674481515
4.19399999999976,2183560.6169525157
4.19599999999976,2181110.998164295
4.19799999999976,2178668.803716688
4.1999999999997595,2176234.0144185363
4.201999999999759,2173806.6124233655
4.203999999999759,2171381.988909948
4.205999999999759,2168898.079880042
4.207999999999759,2166398.2865700484
4.209999999999758,2163905.858198012
4.211999999999758,2161420.777283135
4.213999999999758,2158943.0282015437
4.215999999999758,2156472.5857435605
4.2179999999997575,2154009.437477933
4.219999999999757,2151553.5779427774
4.221999999999757,2149104.9814042808
4.223999999999757,2146663.6281243414
4.225999999999757,2144229.5009774426
4.227999999999756,2141799.8430931806
4.229999999999756,2139360.787515222
4.231999999999756,2136929.0254666824
4.233999999999756,2134504.539666897
4.2359999999997555,2132087.31287276
4.237999999999755,2129677.3278777655
4.239999999999755,2127274.5675050784
4.241999999999755,2124879.0146564343
4.243999999999755,2122490.6583765303
4.245999999999754,2120109.494358762
4.247999999999754,2117735.505870242
4.249999999999754,2115368.6755040777
4.251999999999754,2113008.9859800143
4.2539999999997535,2110638.0886370293
4.255999999999753,2108273.4245426795
4.257999999999753,2105915.9624866736
4.259999999999753,2103565.683371249
4.261999999999753,2101222.570256232
4.263999999999752,2098886.606212415
4.265999999999752,2096535.7321539233
4.267999999999752,2094139.023880726
4.269999999999752,2091749.3350369423
4.2719999999997516,2089366.6615527668
4.273999999999751,2086990.9888951315
4.275999999999751,2084622.3003592088
4.277999999999751,2082247.879768802
4.279999999999751,2079873.8925201409
4.2819999999997505,2077506.9562475274
4.28399999999975,2075147.0542369052
4.28599999999975,2072794.1698306566
4.28799999999975,2070448.2864226948
4.28999999999975,2068109.3886191987
4.291999999999749,2065777.4575722874
4.293999999999749,2063452.4768289437
4.295999999999749,2061134.4322786017
4.297999999999749,2058823.315318535
4.2999999999997485,2056519.1184834067
4.301999999999748,2054216.67328003
4.303999999999748,2051907.011936369
4.305999999999748,2049604.3310300792
4.307999999999748,2047308.6139939898
4.309999999999747,2045019.84431183
4.311999999999747,2042738.0055124662
4.313999999999747,2040463.0811670597
4.315999999999747,2038195.054888914
4.3179999999997465,2035933.910332853
4.319999999999746,2033679.6242405009
4.321999999999746,2031432.1769668101
4.323999999999746,2029191.553090803
4.325999999999746,2026957.7485298726
4.327999999999745,2024715.8673013158
4.329999999999745,2022419.8695774057
4.331999999999745,2020112.6326324542
4.333999999999745,2017812.1990998103
4.3359999999997445,2015518.5493877558
4.337999999999744,2013231.6708768248
4.339999999999744,2010951.5464182994
4.341999999999744,2008678.1600684985
4.343999999999744,2006411.495770999
4.345999999999743,2004151.5325571117
4.347999999999743,2001898.2496844293
4.349999999999743,1999651.6314900077
4.351999999999743,1997408.235521839
4.3539999999997425,1995155.7232712188
4.355999999999742,1992909.964801317
4.357999999999742,1990670.9438379323
4.359999999999742,1988438.6442147621
4.361999999999742,1986213.0498803908
4.363999999999741,1983994.1448661664
4.365999999999741,1981781.9133092726
4.367999999999741,1979576.3394096694
4.369999999999741,1977377.4072318748
4.3719999999997405,1975185.092729337
4.37399999999974,1972999.3788781685
4.37599999999974,1970820.2503218998
4.37799999999974,1968638.5137448248
4.37999999999974,1966453.39238134
4.381999999999739,1964274.9358545914
4.383999999999739,1962103.1401155586
4.385999999999739,1959937.989557513
4.387999999999739,1957779.4681110326
4.3899999999997386,1955627.5598662132
4.391999999999738,1953482.2473803197
4.393999999999738,1951343.4016825408
4.395999999999738,1949136.7156982694
4.397999999999738,1946936.4907825417
4.3999999999997375,1944742.7120165173
4.401999999999737,1942555.3654762297
4.403999999999737,1940361.562140578
4.405999999999737,1938167.9717023023
4.407999999999737,1935980.8815324323
4.409999999999736,1933800.277375497
4.411999999999736,1931626.1575679495
4.413999999999736,1929458.5116414605
4.415999999999736,1927297.3240146346
4.4179999999997355,1925142.5792285795
4.419999999999735,1922994.2619446376
4.421999999999735,1920852.356933645
4.423999999999735,1918716.8470054388
4.425999999999735,1916587.7094806333
4.427999999999734,1914464.929488424
4.429999999999734,1912333.9902538909
4.431999999999734,1910204.8630483425
4.433999999999734,1908082.1649959167
4.4359999999997335,1905965.8810465373
4.437999999999733,1903855.9961716651
4.439999999999733,1901752.496421219
4.441999999999733,1899655.3759690041
4.443999999999733,1897564.6177783005
4.445999999999732,1895480.2067542318
4.447999999999732,1893402.1278780554
4.449999999999732,1891330.366199486
4.451999999999732,1889264.9077950108
4.4539999999997315,1887205.7349251916
4.455999999999731,1885138.7972843284
4.457999999999731,1883073.1846911232
4.459999999999731,1881013.9331934524
4.461999999999731,1878961.0278201818
4.46399999999973,1876845.1041314919
4.46599999999973,1874730.5072852508
4.46799999999973,1872622.1275372878
4.46999999999973,1870519.9514729623
4.4719999999997295,1868423.979651614
4.473999999999729,1866334.198641576
4.475999999999729,1864250.596613521
4.477999999999729,1862173.157815194
4.479999999999729,1860101.861761358
4.481999999999728,1858025.2056294903
4.483999999999728,1855947.1890647174
4.485999999999728,1853875.382530836
4.487999999999728,1851809.7715444532
4.4899999999997275,1849750.3416588567
4.491999999999727,1847697.073251903
4.493999999999727,1845649.9461989116
4.495999999999727,1843608.9461604415
4.497999999999727,1841574.0590421252
4.499999999999726,1839545.270732105
4.501999999999726,1837522.5751975228
4.503999999999726,1835505.9688831498
4.505999999999726,1833495.4375077512
4.507999999999726,1831484.163299211
4.509999999999725,1829466.7962695262
4.511999999999725,1827455.5765361495
4.513999999999725,1825450.4896100454
4.515999999999725,1823451.521066294
4.5179999999997245,1821458.6565334005
4.519999999999724,1819471.8816854719
4.521999999999724,1817491.182238735
4.523999999999724,1815516.5439484422
4.525999999999724,1813547.9526087341
4.527999999999723,1811585.3940499208
4.529999999999723,1809628.8541396377
4.531999999999723,1807678.3193092635
4.533999999999723,1805700.0577385493
4.5359999999997225,1803668.5756070178
4.537999999999722,1801643.0671034898
4.539999999999722,1799623.54451107
4.541999999999722,1797609.9938399387
4.543999999999722,1795602.398549079
4.545999999999721,1793600.7363981064
4.547999999999721,1791604.9930289232
4.549999999999721,1789615.1548981513
4.551999999999721,1787631.2084399844
4.5539999999997205,1785653.1400759476
4.55599999999972,1783680.9362312928
4.55799999999972,1781714.5833467215
4.55999999999972,1779754.06788582
4.56199999999972,1777789.4639166961
4.563999999999719,1775821.7479008036
4.565999999999719,1773859.9529857403
4.567999999999719,1771904.0729920282
4.569999999999719,1769954.0937461152
4.5719999999997185,1768010.0012006154
4.573999999999718,1766071.7814300023
4.575999999999718,1764139.4206086895
4.577999999999718,1762212.904987562
4.579999999999718,1760292.2208769382
4.581999999999717,1758377.3546361728
4.583999999999717,1756468.2926683587
4.585999999999717,1754565.02141511
4.587999999999717,1752667.5273547657
4.5899999999997165,1750758.2307451048
4.591999999999716,1748853.516048042
4.593999999999716,1746954.6526793295
4.595999999999716,1745061.6227933522
4.597999999999716,1743174.4129319212
4.599999999999715,1741293.015197239
4.601999999999715,1739417.4132603824
4.603999999999715,1737547.5935940945
4.605999999999715,1735683.5427133224
4.6079999999997145,1733791.6254107421
4.609999999999714,1731865.2763437121
4.611999999999714,1729944.567630345
4.613999999999714,1728029.486266039
4.615999999999714,1726115.8526157585
4.6179999999997134,1724193.2233865336
4.619999999999713,1722276.292480484
4.621999999999713,1720365.0467339577
4.623999999999713,1718459.4730172963
4.625999999999713,1716559.5582345668
4.627999999999712,1714665.2893229213
4.629999999999712,1712776.653253198
4.631999999999712,1710893.6464112531
4.633999999999712,1709016.2654279792
4.6359999999997115,1707144.4969240278
4.637999999999711,1705278.327571072
4.639999999999711,1703417.7441648105
4.641999999999711,1701562.73360076
4.643999999999711,1699705.9597077991
4.64599999999971,1697843.355393174
4.64799999999971,1695986.3967475975
4.64999999999971,1694135.070609551
4.65199999999971,1692289.363855952
4.6539999999997095,1690449.263399842
4.655999999999709,1688614.7536272556
4.657999999999709,1686785.8051001804
4.659999999999709,1684962.4041679164
4.661999999999709,1683144.5383795062
4.663999999999708,1681332.1952180492
4.665999999999708,1679525.369684137
4.667999999999708,1677724.0599170616
4.669999999999708,1675928.2531964655
4.6719999999997075,1674129.7778346036
4.673999999999707,1672326.305942709
4.675999999999707,1670528.4118744622
4.677999999999707,1668736.0826014427
4.679999999999707,1666949.305154299
4.681999999999706,1665168.0666111903
4.683999999999706,1663392.35409176
4.685999999999706,1661562.6303148149
4.687999999999706,1659724.3578274185
4.6899999999997055,1657891.4804325155
4.691999999999705,1656063.9857302154
4.693999999999705,1654241.8613526237
4.695999999999705,1652425.0949631045
4.697999999999705,1650613.67425633
4.699999999999704,1648800.9074751898
4.701999999999704,1646981.5695627304
4.703999999999704,1645167.6664383658
4.705999999999704,1643359.1876266403
4.7079999999997035,1641556.119492393
4.709999999999703,1639758.4493365572
4.711999999999703,1637966.1645491102
4.713999999999703,1636179.2525887215
4.715999999999703,1634397.7017625128
4.717999999999702,1632621.4864984378
4.719999999999702,1630850.5874818936
4.721999999999702,1629084.992096763
4.723999999999702,1627324.6884580397
4.7259999999997016,1625569.6646142534
4.727999999999701,1623817.049648453
4.729999999999701,1622053.9901519194
4.731999999999701,1620296.285494876
4.733999999999701,1618543.9211111534
4.7359999999997004,1616796.8890963257
4.7379999999997,1615055.1919430688
4.7399999999997,1613318.818463419
4.7419999999997,1611587.7560286648
4.7439999999997,1609861.9921348535
4.745999999999699,1608141.5143881368
4.747999999999699,1606426.3104792773
4.749999999999699,1604716.3681627184
4.751999999999699,1603011.675243329
4.7539999999996985,1601312.2195676812
4.755999999999698,1599617.9890189841
4.757999999999698,1597913.7626831052
4.759999999999698,1596211.534320526
4.761999999999698,1594514.6070005249
4.763999999999697,1592822.9684552797
4.765999999999697,1591108.9490296538
4.767999999999697,1589354.5812532213
4.769999999999697,1587605.3688858182
4.7719999999996965,1585861.3009412065
4.773999999999696,1584122.3785872252
4.775999999999696,1582388.5953683222
4.777999999999696,1580659.939077651
4.779999999999696,1578936.3969806533
4.781999999999695,1577217.9426861296
4.783999999999695,1575504.5594228846
4.785999999999695,1573789.5947878128
4.787999999999695,1572067.9080192796
4.7899999999996945,1570351.3652044872
4.791999999999694,1568639.9546739298
4.793999999999694,1566933.6647493455
4.795999999999694,1565232.4837604573
4.797999999999694,1563536.4000535961
4.799999999999693,1561845.4019977981
4.801999999999693,1560159.4779889928
4.803999999999693,1558478.617180715
4.805999999999693,1556802.8058339579
4.8079999999996925,1555132.0346206827
4.809999999999692,1553466.2935545687
4.811999999999692,1551805.5864138117
4.813999999999692,1550149.9027152818
4.815999999999692,1548485.1429087834
4.817999999999691,1546821.163642935
4.819999999999691,1545162.2812728547
4.821999999999691,1543508.483968195
4.823999999999691,1541859.7599607129
4.8259999999996905,1540216.0975309443
4.82799999999969,1538577.484999587
4.82999999999969,1536943.9107225658
4.83199999999969,1535315.3630879042
4.83399999999969,1533691.8305148738
4.835999999999689,1532073.3014531275
4.837999999999689,1530459.7650575442
4.839999999999689,1528851.2078103502
4.841999999999689,1527247.6202770637
4.8439999999996886,1525648.2965303115
4.845999999999688,1524036.3076461984
4.847999999999688,1522429.3517605306
4.849999999999688,1520827.320396596
4.851999999999688,1519157.4535872813
4.8539999999996875,1517492.4961767988
4.855999999999687,1515832.4370090328
4.857999999999687,1514177.2648952205
4.859999999999687,1512526.9686909602
4.861999999999687,1510881.537297941
4.863999999999686,1509240.959640855
4.865999999999686,1507605.224676729
4.867999999999686,1505974.3214012566
4.869999999999686,1504348.2388375748
4.8719999999996855,1502726.9660367898
4.873999999999685,1501107.303058385
4.875999999999685,1499477.3811956348
4.877999999999685,1497852.3415266385
4.879999999999685,1496232.1729554837
4.881999999999684,1494616.8644144302
4.883999999999684,1493006.404863478
4.885999999999684,1491400.7832911417
4.887999999999684,1489799.994649722
4.8899999999996835,1488204.0402539973
4.891999999999683,1486612.9093917091
4.893999999999683,1485026.5907120777
4.895999999999683,1483445.0729876498
4.897999999999683,1481868.3450915292
4.899999999999682,1480296.3959721406
4.901999999999682,1478729.2146337288
4.903999999999682,1477163.6318603796
4.905999999999682,1475587.78573628
4.9079999999996815,1474016.7816451057
4.909999999999681,1472450.6084697202
4.911999999999681,1470889.2551224404
4.913999999999681,1469332.710544122
4.915999999999681,1467780.9580861037
4.91799999999968,1466233.9732231556
4.91999999999968,1464691.7449648033
4.92199999999968,1463154.2628433602
4.92399999999968,1461621.516316803
4.9259999999996795,1460093.4954137646
4.927999999999679,1458570.1917642425
4.929999999999679,1457051.6099459918
4.931999999999679,1455537.7392569312
4.933999999999679,1454027.9888797929
4.935999999999678,1452505.4127557876
4.937999999999678,1450987.623696436
4.939999999999678,1449438.1227505517
4.941999999999678,1447857.1335448418
4.9439999999996775,1446280.7949749627
4.945999999999677,1444709.096506287
4.947999999999677,1443142.0276360868
4.949999999999677,1441579.5778902303
4.951999999999677,1440021.7368223881
4.953999999999676,1438468.4940129705
4.955999999999676,1436919.8390560416
4.957999999999676,1435375.7615831068
4.959999999999676,1433836.2512703645
4.961999999999676,1432301.2978036837
4.963999999999675,1430770.8908950002
4.965999999999675,1429231.498517502
4.967999999999675,1427692.1918395485
4.969999999999675,1426157.5143065853
4.9719999999996745,1424627.4639683783
4.973999999999674,1423102.0298905466
4.975999999999674,1421581.2012675498
4.977999999999674,1420064.96741401
4.979999999999674,1418553.3177364466
4.981999999999673,1417046.2417091809
4.983999999999673,1415543.7294752146
4.985999999999673,1414045.7674271397
4.987999999999673,1412552.3365313136
4.9899999999996725,1411063.4248888027
4.991999999999672,1409579.0164975452
4.993999999999672,1408099.1006141873
4.995999999999672,1406617.8790119856
4.997999999999672,1405128.9860335067
4.999999999999671,1403644.6609152523
5.001999999999671,1402164.8928085505
5.003999999999671,1400689.671471662
5.005999999999671,1399218.986676711
5.0079999999996705,1397752.8282154833
5.00999999999967,1396291.1859025024
5.01199999999967,1394834.0573538807
5.01399999999967,1393381.4427979467
5.01599999999967,1391933.3319316427
5.017999999999669,1390489.7142337558
5.019999999999669,1389050.5793029934
5.021999999999669,1387615.9168326717
5.023999999999669,1386185.7165850874
5.0259999999996685,1384759.9683738837
5.027999999999668,1383325.27861536
5.029999999999668,1381890.6128216602
5.031999999999668,1380460.475107159
5.033999999999668,1378985.914265088
5.035999999999667,1377492.319176478
5.037999999999667,1376003.1153759526
5.039999999999667,1374518.2929855543
5.041999999999667,1373037.8421524395
5.0439999999996665,1371561.7530488991
5.045999999999666,1370090.0158716554
5.047999999999666,1368622.6208424827
5.049999999999666,1367159.5582078195
5.051999999999666,1365700.8188417861
5.053999999999665,1364246.3918107147
5.055999999999665,1362796.2811372224
5.057999999999665,1361350.0109234075
5.059999999999665,1359890.700219273
5.0619999999996645,1358435.7693094069
5.063999999999664,1356985.2084160382
5.065999999999664,1355539.0077527352
5.067999999999664,1354097.1575376745
5.069999999999664,1352659.6479958838
5.0719999999996634,1351226.4683041936
5.073999999999663,1349797.6032680054
5.075999999999663,1348373.0432495754
5.077999999999663,1346952.7787122708
5.079999999999663,1345536.8006746157
5.081999999999662,1344125.0978809805
5.083999999999662,1342717.6624823066
5.085999999999662,1341314.4843728687
5.087999999999662,1339915.5540313062
5.0899999999996615,1338518.1345871778
5.091999999999661,1337109.9584979264
5.093999999999661,1335706.103947954
5.095999999999661,1334306.5612590355
5.097999999999661,1332911.3207769874
5.09999999999966,1331520.3809385472
5.10199999999966,1330133.7411604295
5.10399999999966,1328751.3933528517
5.10599999999966,1327373.326978047
5.1079999999996595,1325999.5321600575
5.109999999999659,1324629.9991166417
5.111999999999659,1323264.7181339776
5.113999999999659,1321903.6795481942
5.115999999999659,1320546.8737338462
5.117999999999658,1319194.2910971828
5.119999999999658,1317845.92207255
5.121999999999658,1316499.494599079
5.123999999999658,1315141.9098534686
5.1259999999996575,1313788.6132216267
5.127999999999657,1312439.5965227422
5.129999999999657,1311094.8495518516
5.131999999999657,1309733.513856593
5.133999999999657,1308325.118195276
5.135999999999656,1306920.8435159088
5.137999999999656,1305520.6793197622
5.139999999999656,1304124.616730426
5.141999999999656,1302732.6468239783
5.1439999999996555,1301344.760641565
5.145999999999655,1299960.9578938656
5.147999999999655,1298581.2392639273
5.149999999999655,1297205.595429735
5.151999999999655,1295834.0175748577
5.153999999999654,1294466.494787388
5.155999999999654,1293086.3971997558
5.157999999999654,1291709.4963355295
5.159999999999654,1290336.7158671534
5.1619999999996535,1288968.0467193392
5.163999999999653,1287603.4798105096
5.165999999999653,1286243.0060532258
5.167999999999653,1284886.6163590106
5.169999999999653,1283534.3016461977
5.171999999999652,1282186.0528462606
5.173999999999652,1280841.8609079819
5.175999999999652,1279501.7167999097
5.177999999999652,1278165.6115117157
5.1799999999996515,1276833.5360549195
5.181999999999651,1275505.481463176
5.183999999999651,1274181.4387924247
5.185999999999651,1272861.399120884
5.187999999999651,1271534.715830163
5.1899999999996504,1270205.2417967168
5.19199999999965,1268879.8446838423
5.19399999999965,1267558.5294925
5.19599999999965,1266241.2902964347
5.19799999999965,1264928.1175815498
5.199999999999649,1263619.0019565315
5.201999999999649,1262313.9341369644
5.203999999999649,1261012.9049180779
5.205999999999649,1259715.905152413
5.2079999999996485,1258422.9257349325
5.209999999999648,1257133.9575939723
5.211999999999648,1255848.9916861828
5.213999999999648,1254568.017865327
5.215999999999648,1253291.0161149204
5.217999999999647,1252017.9766482546
5.219999999999647,1250746.9901795993
5.221999999999647,1249464.4898797888
5.223999999999647,1248186.0270337749
5.2259999999996465,1246911.592693674
5.227999999999646,1245641.1779113384
5.229999999999646,1244374.7742090032
5.231999999999646,1243112.3712813882
5.233999999999646,1241853.9620624774
5.235999999999645,1240594.3205299135
5.237999999999645,1239272.0180148636
5.239999999999645,1237953.5724253
5.241999999999645,1236638.9860440828
5.2439999999996445,1235328.2578509578
5.245999999999644,1234021.3789029713
5.247999999999644,1232718.3378124286
5.249999999999644,1231419.122707186
5.251999999999644,1230123.7251321021
5.253999999999643,1228824.3857783896
5.255999999999643,1227519.3573852282
5.257999999999643,1226218.2161743979
5.259999999999643,1224920.953539136
5.2619999999996425,1223627.5608884245
5.263999999999642,1222338.0296488362
5.265999999999642,1221052.351266494
5.267999999999642,1219770.517207853
5.269999999999642,1218492.5189602233
5.271999999999641,1217218.348032132
5.273999999999641,1215947.995952905
5.275999999999641,1214681.4542730367
5.277999999999641,1213418.7145643227
5.2799999999996405,1212159.7684193028
5.28199999999964,1210904.6074517576
5.28399999999964,1209653.2232961038
5.28599999999964,1208405.6076078846
5.28799999999964,1207151.051669051
5.289999999999639,1205893.806073738
5.291999999999639,1204640.4115330242
5.293999999999639,1203390.8669658774
5.295999999999639,1202145.1633870443
5.2979999999996386,1200903.2919348036
5.299999999999638,1199665.2438606452
5.301999999999638,1198431.0105007514
5.303999999999638,1197200.5832522195
5.305999999999638,1195973.9535556338
5.3079999999996375,1194751.1128855238
5.309999999999637,1193532.0527438358
5.311999999999637,1192316.7646574648
5.313999999999637,1191105.2401758512
5.315999999999637,1189897.4708708748
5.317999999999636,1188693.4483356546
5.319999999999636,1187493.1641850665
5.321999999999636,1186285.8894051427
5.323999999999636,1185076.022542705
5.3259999999996355,1183869.9670959485
5.327999999999635,1182667.714566769
5.329999999999635,1181469.256442127
5.331999999999635,1180274.584230602
5.333999999999635,1179083.689462141
5.335999999999634,1177896.563688032
5.337999999999634,1176713.1984808508
5.339999999999634,1175533.5854343812
5.341999999999634,1174357.717184698
5.3439999999996335,1173185.5978785458
5.345999999999633,1172017.218765357
5.347999999999633,1170801.700613532
5.349999999999633,1169569.1694603662
5.351999999999633,1168340.2447899666
5.353999999999632,1167114.918520927
5.355999999999632,1165885.3787840162
5.357999999999632,1164650.2807999006
5.359999999999632,1163418.8489263924
5.3619999999996315,1162191.0749802089
5.363999999999631,1160966.9508024622
5.365999999999631,1159746.4682575073
5.367999999999631,1158529.6192311598
5.369999999999631,1157316.3956297482
5.37199999999963,1156106.7893808319
5.37399999999963,1154900.7924323808
5.37599999999963,1153698.3967527093
5.37799999999963,1152499.5943300177
5.3799999999996295,1151304.3771733795
5.381999999999629,1150112.7373119516
5.383999999999629,1148924.6667949506
5.385999999999629,1147740.157691674
5.387999999999629,1146559.202091412
5.389999999999628,1145379.853960509
5.391999999999628,1144189.0893799644
5.393999999999628,1143001.9478974363
5.395999999999628,1141818.4269818123
5.3979999999996275,1140638.5314578728
5.399999999999627,1139462.2536308335
5.401999999999627,1138289.5850476678
5.403999999999627,1137120.5173752387
5.405999999999627,1135955.0423757816
5.407999999999626,1134793.1518809218
5.409999999999626,1133634.8377716946
5.411999999999626,1132480.0919657429
5.413999999999626,1131328.9064097938
5.415999999999626,1130181.273075474
5.417999999999625,1129037.183957049
5.419999999999625,1127896.6310702842
5.421999999999625,1126759.606451847
5.423999999999625,1125626.1021594622
5.4259999999996245,1124486.1999854394
5.427999999999624,1123342.974568793
5.429999999999624,1122203.340550635
5.431999999999624,1121067.2898429474
5.433999999999624,1119934.8143776527
5.435999999999623,1118805.9061079298
5.437999999999623,1117680.5570068015
5.439999999999623,1116558.7590684404
5.441999999999623,1115440.5043067657
5.4439999999996225,1114325.7847567312
5.445999999999622,1113214.5924729027
5.447999999999622,1112106.9193085174
5.449999999999622,1111002.754269739
5.451999999999622,1109902.1022650015
5.453999999999621,1108804.9604355895
5.455999999999621,1107711.3205144801
5.457999999999621,1106621.1743362725
5.459999999999621,1105534.5138307905
5.4619999999996205,1104436.678721866
5.46399999999962,1103340.3899044471
5.46599999999962,1102190.5406562435
5.46799999999962,1101030.1185610215
5.46999999999962,1099873.1244271153
5.471999999999619,1098719.5505646162
5.473999999999619,1097569.3893038835
5.475999999999619,1096422.6329964467
5.477999999999619,1095279.274013518
5.4799999999996185,1094139.3047452904
5.481999999999618,1093002.717602402
5.483999999999618,1091869.5050147856
5.485999999999618,1090739.6594316699
5.487999999999618,1089613.1733215947
5.489999999999617,1088490.0390699874
5.491999999999617,1087370.2491763234
5.493999999999617,1086253.7962790695
5.495999999999617,1085140.6729231977
5.4979999999996165,1084014.6473926988
5.499999999999616,1082891.6771051832
5.501999999999616,1081772.103509109
5.503999999999616,1080655.9190128027
5.505999999999616,1079543.116043956
5.507999999999615,1078433.6944999294
5.509999999999615,1077327.6584838247
5.511999999999615,1076225.0004437838
5.513999999999615,1075125.7124252217
5.5159999999996145,1074029.7865934656
5.517999999999614,1072937.2152064429
5.519999999999614,1071847.990252236
5.521999999999614,1070762.1042946838
5.523999999999614,1069679.5498908502
5.525999999999613,1068600.3194754801
5.527999999999613,1067524.405506992
5.529999999999613,1066451.8004653803
5.531999999999613,1065382.496851085
5.533999999999613,1064301.9172814135
5.535999999999612,1063222.8121371444
5.537999999999612,1062147.0744316082
5.539999999999612,1061165.6758940709
5.541999999999612,1061134.0434410367
5.5439999999996115,1061140.204827534
5.545999999999611,1061131.979178214
5.547999999999611,1061135.8910531541
5.549999999999611,1061141.915321853
5.551999999999611,1061145.7889718795
5.55399999999961,1061136.4365178505
5.55599999999961,1061132.7663270114
5.55799999999961,1061132.1617542787
5.55999999999961,1061132.903290201
5.5619999999996095,1060345.5335861053
5.563999999999609,1059558.7206786256
5.565999999999609,1061208.081226152
5.567999999999609,1060411.8992527758
5.569999999999609,1061169.7878534293
5.571999999999608,1060349.0123892478
5.573999999999608,1061167.4408493908
5.575999999999608,1061132.975188273
5.577999999999608,1060298.171954853
5.5799999999996075,1059464.0005073762
5.581999999999607,1061134.8057771903
5.583999999999607,1061159.2224914955
5.585999999999607,1060304.364679695
5.587999999999607,1059450.1689323075
5.589999999999606,1058596.594283298
5.591999999999606,1061150.0810761983
5.593999999999606,1060274.2999514248
5.595999999999606,1061162.6403994882
5.5979999999996055,1060275.9773550197
5.599999999999605,1061134.3034012183
5.601999999999605,1060236.7193435917
5.603999999999605,1059886.2531187595
5.605999999999605,1061131.7259503247
5.607999999999604,1060178.639369981
5.609999999999604,1059226.3469161678
5.611999999999604,1058274.7856108113
5.613999999999604,1061393.639702772
5.6159999999996035,1060803.981848548
5.617999999999603,1059791.6926358524
5.619999999999603,1060419.6046167724
5.621999999999603,1059304.8948068589
5.623999999999603,1058191.3847411452
5.625999999999602,1057078.909942047
5.627999999999602,1055967.338993584
5.629999999999602,1054856.592286795
5.631999999999602,1053746.6131580018
5.6339999999996015,1052637.3686198934
5.635999999999601,1051528.8404725264
5.637999999999601,1050421.0188420133
5.639999999999601,1049313.8983027183
5.641999999999601,1048207.4757037278
5.6439999999996004,1047096.2873463108
5.6459999999996,1045960.9301730981
5.6479999999996,1044826.2842283709
5.6499999999996,1043692.3479927629
5.6519999999996,1042559.1201084986
5.653999999999599,1041426.5993181459
5.655999999999599,1040294.7844352337
5.657999999999599,1039163.6743703508
5.659999999999599,1038033.2680454885
5.6619999999995985,1036903.5643714219
5.663999999999598,1035774.5622443126
5.665999999999598,1034646.2605506437
5.667999999999598,1033518.6581712982
5.669999999999598,1032849.0031394752
5.671999999999597,1032373.4194876776
5.673999999999597,1031354.036571461
5.675999999999597,1030334.9979732466
5.677999999999597,1029316.3958008945
5.6799999999995965,1028298.3072716439
5.681999999999596,1027278.1323363343
5.683999999999596,1026233.6334397187
5.685999999999596,1025189.7652224747
5.687999999999596,1024139.7762966155
5.689999999999595,1023096.8153696635
5.691999999999595,1022054.5090381684
5.693999999999595,1021012.8703246806
5.695999999999595,1019971.8989742635
5.6979999999995945,1018931.5939097883
5.699999999999594,1017891.9540076263
5.701999999999594,1016852.9781515513
5.703999999999594,1015814.6652436137
5.705999999999594,1014777.0139204642
5.707999999999593,1013740.0226992731
5.709999999999593,1012703.6901871525
5.711999999999593,1011668.0151083079
5.713999999999593,1010632.9962782258
5.7159999999995925,1009598.6325726438
5.717999999999592,1008564.9222980425
5.719999999999592,1007531.8629755198
5.721999999999592,1006476.5364280455
5.723999999999592,1005416.1445277848
5.725999999999591,1004356.4184033227
5.727999999999591,1003297.356983776
5.729999999999591,1002238.9591995826
5.731999999999591,1001181.2239842142
5.7339999999995905,1000124.1502719137
5.73599999999959,999067.7369981316
5.73799999999959,998011.9831013759
5.73999999999959,996956.8875217313
5.74199999999959,995902.4492000627
5.743999999999589,994848.6670793083
5.745999999999589,993795.5401042934
5.747999999999589,992743.067221583
5.749999999999589,991691.2473786453
5.7519999999995886,990640.0795250599
5.753999999999588,989589.5626122819
5.755999999999588,988539.6955935339
5.757999999999588,987490.4814716151
5.759999999999588,986434.0075851645
5.7619999999995875,985356.3871906943
5.763999999999587,984279.4544765414
5.765999999999587,983203.2080390968
5.767999999999587,982127.6462725424
5.769999999999587,981052.7676568662
5.771999999999586,979978.5708036068
5.773999999999586,978905.054434184
5.775999999999586,977832.2173454193
5.777999999999586,976760.0584405954
5.7799999999995855,975688.5766464326
5.781999999999585,974617.7708881432
5.783999999999585,973547.6400818939
5.785999999999585,972478.1831377895
5.787999999999585,971409.3989622674
5.789999999999584,970341.2864601765
5.791999999999584,969273.8445352591
5.793999999999584,968207.072092427
5.795999999999584,967140.968038056
5.7979999999995835,966075.531280086
5.799999999999583,964995.6205946931
5.801999999999583,963900.627965606
5.803999999999583,962806.3186385117
5.805999999999583,961712.6914970182
5.807999999999582,960619.7454252366
5.809999999999582,959527.479308439
5.811999999999582,958435.8920353892
5.813999999999582,957344.9824953902
5.8159999999995815,956254.7495788776
5.817999999999581,955165.1921798027
5.819999999999581,954076.3091926172
5.821999999999581,952988.0995128967
5.823999999999581,951900.5619419436
5.82599999999958,950813.6948204306
5.82799999999958,949727.5086679554
5.82999999999958,948642.0147362108
5.83199999999958,947557.2117133419
5.8339999999995795,946473.0983175784
5.835999999999579,945389.6733288587
5.837999999999579,944306.9355644371
5.839999999999579,943209.9444172856
5.841999999999579,942574.812236514
5.843999999999578,941472.6658774634
5.845999999999578,940736.3337448041
5.847999999999578,941221.4307777964
5.849999999999578,941587.2097146497
5.8519999999995775,940559.9760167194
5.853999999999577,939533.2642074961
5.855999999999577,938507.1163977606
5.857999999999577,937481.5664896895
5.859999999999577,936456.6368237901
5.861999999999576,935432.3405036367
5.863999999999576,934408.6844875261
5.865999999999576,933385.6720288261
5.867999999999576,932363.3042908845
5.869999999999576,931341.5813162873
5.871999999999575,930320.5025720103
5.873999999999575,929300.0672419878
5.875999999999575,928280.2743769232
5.877999999999575,927261.122969266
5.8799999999995745,926236.7735277971
5.881999999999574,925188.7703623015
5.883999999999574,924141.4244353594
5.885999999999574,923094.7346732947
5.887999999999574,922048.7000060126
5.889999999999573,921003.3193638325
5.891999999999573,919958.5916781607
5.893999999999573,918914.5153611605
5.895999999999573,919637.2118389985
5.8979999999995725,918339.3065375673
5.899999999999572,919509.0016441434
5.901999999999572,919224.6227241149
5.903999999999572,918321.9713376297
5.905999999999572,917419.6376437764
5.907999999999571,916517.7119764773
5.909999999999571,915616.2651585944
5.911999999999571,914715.3437962438
5.913999999999571,913814.975636194
5.9159999999995705,912915.175985032
5.91799999999957,912015.9526640313
5.91999999999957,911117.309264348
5.92199999999957,910201.7184053322
5.92399999999957,909278.3079687331
5.925999999999569,908355.4952973367
5.927999999999569,907433.2796845218
5.929999999999569,906511.6602856452
5.931999999999569,905590.6361883306
5.9339999999995685,904670.206454531
5.935999999999568,903750.3701351117
5.937999999999568,902831.1262762377
5.939999999999568,901912.4739259447
5.941999999999568,900994.4121317079
5.943999999999567,900076.9399443916
5.945999999999567,899160.056414716
5.947999999999567,898243.7605954966
5.949999999999567,897328.0515413766
5.9519999999995665,896412.928308666
5.953999999999566,895498.3899552636
5.955999999999566,894584.4355405966
5.957999999999566,893671.0641256111
5.959999999999566,892758.274772758
5.961999999999565,891846.066545956
5.963999999999565,890910.1660937992
5.965999999999565,889972.1933089796
5.967999999999565,889034.8159402624
5.9699999999995645,888098.0325798552
5.971999999999564,887161.8417891354
5.973999999999564,886226.2425813186
5.975999999999564,885444.7168713865
5.977999999999564,884609.6710336829
5.979999999999563,883774.8678168139
5.981999999999563,882940.3916497686
5.983999999999563,882106.3237378208
5.985999999999563,881272.7225842732
5.987999999999563,880439.625140422
5.989999999999562,879607.0528380127
5.991999999999562,878775.0172439942
5.993999999999562,877943.5241196479
5.995999999999562,877066.6164462412
5.9979999999995615,876241.0732921683
5.999999999999561,875416.0552628614
