time,value
0.0,619.8704008492432
0.002,1029.450328426125
0.004,1211.3910580601241
0.006,1894.4469109938814
0.008,2476.495108863959
0.01,2834.8524065268293
0.012,3019.9244002963974
0.014,3102.7234082419186
0.016,3133.429632389657
0.018000000000000002,3140.5075447520962
0.020000000000000004,3138.076893186214
0.022000000000000006,3132.4216758587713
0.024000000000000007,3126.0304513092988
0.02600000000000001,3119.7313914280157
0.02800000000000001,3113.699920338967
0.030000000000000013,3107.90755416372
0.032000000000000015,3102.299414761509
0.034000000000000016,3096.8304630144953
0.03600000000000002,3091.4676463010387
0.03800000000000002,3086.1938035568583
0.04000000000000002,3081.0020579695315
0.04200000000000002,3075.89442441228
0.044000000000000025,3070.8698533273123
0.04600000000000003,3065.9291308380593
0.04800000000000003,3061.0703122996633
0.05000000000000003,3056.2944976420968
0.05200000000000003,3051.607018137449
0.054000000000000034,3047.0057570168033
0.056000000000000036,3042.490239392131
0.05800000000000004,3038.0634279978767
0.06000000000000004,3033.724783042306
0.06200000000000004,3029.4757135489576
0.06400000000000004,3025.31369897838
0.06600000000000004,3021.2393817066327
0.06800000000000005,3017.2592153903015
0.07000000000000005,3013.3683478011767
0.07200000000000005,3009.5706169182636
0.07400000000000005,3005.8661578590372
0.07600000000000005,3002.2526092976755
0.07800000000000006,2998.7216448117897
0.08000000000000006,2995.2726703119515
0.08200000000000006,2991.9069292512477
0.08400000000000006,2988.629074605168
0.08600000000000006,2985.438322299798
0.08800000000000006,2982.33074221755
0.09000000000000007,2979.303193665031
0.09200000000000007,2976.3532425487124
0.09400000000000007,2973.4808682106463
0.09600000000000007,2970.683852270972
0.09800000000000007,2967.9607948092244
0.10000000000000007,2965.3149759565267
0.10200000000000008,2962.751318834917
0.10400000000000008,2960.269871765295
0.10600000000000008,2957.8720933402133
0.10800000000000008,2955.55591825674
0.11000000000000008,2953.3211987976015
0.11200000000000009,2951.1669716522338
0.11400000000000009,2949.0916414600106
0.11600000000000009,2947.092393675923
0.11800000000000009,2945.164525070852
0.12000000000000009,2943.30482518375
0.1220000000000001,2941.5120299057535
0.1240000000000001,2939.783920907286
0.12600000000000008,2938.117751388982
0.12800000000000009,2936.510344528305
0.1300000000000001,2934.9586360225944
0.1320000000000001,2933.4594422525092
0.1340000000000001,2932.006936035384
0.1360000000000001,2930.5985612754816
0.1380000000000001,2929.230988706017
0.1400000000000001,2927.902487247519
0.1420000000000001,2926.611406085726
0.1440000000000001,2925.3557084114777
0.1460000000000001,2924.1332064439584
0.1480000000000001,2922.941246162072
0.1500000000000001,2921.7771953010265
0.1520000000000001,2920.639411007411
0.1540000000000001,2919.5346004845437
0.1560000000000001,2918.464648605063
0.1580000000000001,2917.4281129615397
0.16000000000000011,2916.424157392187
0.16200000000000012,2915.451779345616
0.16400000000000012,2914.509767638085
0.16600000000000012,2913.6022723292895
0.16800000000000012,2912.735468210216
0.17000000000000012,2911.9105669322985
0.17200000000000013,2911.128464395439
0.17400000000000013,2910.388193974255
0.17600000000000013,2909.6873564378307
0.17800000000000013,2909.022908906204
0.18000000000000013,2908.391285291309
0.18200000000000013,2907.7885423716357
0.18400000000000014,2907.2107320410987
0.18600000000000014,2906.6549329531827
0.18800000000000014,2906.1181642374067
0.19000000000000014,2905.5980036230717
0.19200000000000014,2905.09017929124
0.19400000000000014,2904.592257268523
0.19600000000000015,2904.1035209716865
0.19800000000000015,2903.6218869424774
0.20000000000000015,2903.1448216510244
0.20200000000000015,2902.6703403889105
0.20400000000000015,2902.196165272996
0.20600000000000016,2901.719963444892
0.20800000000000016,2901.2390504615605
0.21000000000000016,2900.7510981055816
0.21200000000000016,2900.260956347564
0.21400000000000016,2899.777978357302
0.21600000000000016,2899.30383472247
0.21800000000000017,2898.8389143500926
0.22000000000000017,2898.3840842510913
0.22200000000000017,2897.939912322287
0.22400000000000017,2897.5059591016097
0.22600000000000017,2897.0816647389784
0.22800000000000017,2896.6662280131236
0.23000000000000018,2896.2589903675466
0.23200000000000018,2895.85886310205
0.23400000000000018,2895.46510639603
0.23600000000000018,2895.076857975649
0.23800000000000018,2894.693244347391
0.24000000000000019,2894.313399191596
0.2420000000000002,2893.936586196695
0.2440000000000002,2893.562001134552
0.2460000000000002,2893.187488475473
0.2480000000000002,2892.8111624874728
0.25000000000000017,2892.433485350744
0.25200000000000017,2892.054150452468
0.25400000000000017,2891.6729786239794
0.25600000000000017,2891.2897814993175
0.2580000000000002,2890.903929370426
0.2600000000000002,2890.51572738599
0.2620000000000002,2890.124799983157
0.2640000000000002,2889.7381361497924
0.2660000000000002,2889.360154445707
0.2680000000000002,2888.99126988858
0.2700000000000002,2888.6305346023064
0.2720000000000002,2888.2767625351116
0.2740000000000002,2887.9292052221913
0.2760000000000002,2887.587005701825
0.2780000000000002,2887.2496965121704
0.2800000000000002,2886.915788457649
0.2820000000000002,2886.5830710775094
0.2840000000000002,2886.2517361509495
0.2860000000000002,2885.9227607161683
0.2880000000000002,2885.598190000181
0.2900000000000002,2885.279143756859
0.2920000000000002,2884.965922156793
0.2940000000000002,2884.6586362763455
0.2960000000000002,2884.356826693499
0.2980000000000002,2884.0601250994923
0.3000000000000002,2883.76814091247
0.3020000000000002,2883.4798983803416
0.3040000000000002,2883.193959504694
0.3060000000000002,2882.909229843493
0.3080000000000002,2882.6245857231334
0.3100000000000002,2882.339042112058
0.3120000000000002,2882.051887711785
0.3140000000000002,2881.768220706207
0.3160000000000002,2881.492731260303
0.3180000000000002,2881.22553049963
0.32000000000000023,2880.963794700955
0.32200000000000023,2880.7054888903353
0.32400000000000023,2880.4502544155807
0.32600000000000023,2880.1981022992845
0.32800000000000024,2879.949111477371
0.33000000000000024,2879.7030447176126
0.33200000000000024,2879.4592685746507
0.33400000000000024,2879.2170802883707
0.33600000000000024,2878.976248798224
0.33800000000000024,2878.737461023161
0.34000000000000025,2878.500609725067
0.34200000000000025,2878.264986661177
0.34400000000000025,2878.0300122909503
0.34600000000000025,2877.796009145669
0.34800000000000025,2877.5634166910368
0.35000000000000026,2877.331247708755
0.35200000000000026,2877.0986305026654
0.35400000000000026,2876.8648822741497
0.35600000000000026,2876.629372247321
0.35800000000000026,2876.3916609166226
0.36000000000000026,2876.151392064401
0.36200000000000027,2875.9081680702902
0.36400000000000027,2875.6703964354533
0.36600000000000027,2875.4374968670454
0.36800000000000027,2875.2069224082948
0.3700000000000003,2874.9782341278415
0.3720000000000003,2874.751185146449
0.3740000000000003,2874.525681550751
0.3760000000000003,2874.3016253053574
0.3780000000000003,2874.0786295039325
0.3800000000000003,2873.855989256997
0.3820000000000003,2873.633811124613
0.3840000000000003,2873.412139214337
0.3860000000000003,2873.190716052698
0.3880000000000003,2872.9696138767267
0.3900000000000003,2872.748514518215
0.3920000000000003,2872.527444543113
0.3940000000000003,2872.3069038950152
0.3960000000000003,2872.086697771617
0.3980000000000003,2871.866419089124
0.4000000000000003,2871.645684643272
0.4020000000000003,2871.4239528195258
0.4040000000000003,2871.201023545359
0.4060000000000003,2870.9767013801948
0.4080000000000003,2870.7508098009616
0.4100000000000003,2870.5230656396284
0.4120000000000003,2870.2940148441694
0.4140000000000003,2870.070208165317
0.4160000000000003,2869.851656177282
0.4180000000000003,2869.6367523826957
0.4200000000000003,2869.4219597412243
0.4220000000000003,2869.206856372737
0.4240000000000003,2868.992542910051
0.4260000000000003,2868.7789270526023
0.4280000000000003,2868.5655523345413
0.4300000000000003,2868.3525799670024
0.43200000000000033,2868.1400690265355
0.43400000000000033,2867.9277848134716
0.43600000000000033,2867.7158403344743
0.43800000000000033,2867.5043260153266
0.44000000000000034,2867.2936984255884
0.44200000000000034,2867.085120440999
0.44400000000000034,2866.8781305236153
0.44600000000000034,2866.6724052877944
0.44800000000000034,2866.467660484655
0.45000000000000034,2866.263539731609
0.45200000000000035,2866.0599062234505
0.45400000000000035,2865.8563467941517
0.45600000000000035,2865.6527185761647
0.45800000000000035,2865.4487250340662
0.46000000000000035,2865.2442614022752
0.46200000000000035,2865.039162483709
0.46400000000000036,2864.8390711959096
0.46600000000000036,2864.644079991335
0.46800000000000036,2864.452926515628
0.47000000000000036,2864.2645180712275
0.47200000000000036,2864.077981610686
0.47400000000000037,2863.892691500956
0.47600000000000037,2863.7078650106314
0.47800000000000037,2863.5223672191414
0.48000000000000037,2863.334280058615
0.4820000000000004,2863.144395957906
0.4840000000000004,2862.9534258540207
0.4860000000000004,2862.7620163872753
0.4880000000000004,2862.5707429276945
0.4900000000000004,2862.3803608430703
0.4920000000000004,2862.190663157703
0.4940000000000004,2862.0014387104507
0.4960000000000004,2861.8122017354845
0.4980000000000004,2861.622788495987
0.5000000000000003,2861.433043893885
0.5020000000000003,2861.2427247778705
0.5040000000000003,2861.051683648585
0.5060000000000003,2860.859917748974
0.5080000000000003,2860.667847798551
0.5100000000000003,2860.4755067674787
0.5120000000000003,2860.282820515926
0.5140000000000003,2860.092824866571
0.5160000000000003,2859.9066849594738
0.5180000000000003,2859.723868872052
0.5200000000000004,2859.5430669197294
0.5220000000000004,2859.3633904906233
0.5240000000000004,2859.1844040593937
0.5260000000000004,2859.0057114941374
0.5280000000000004,2858.826365204608
0.5300000000000004,2858.646546695619
0.5320000000000004,2858.466072451151
0.5340000000000004,2858.2852924186313
0.5360000000000004,2858.1042637995515
0.5380000000000004,2857.923863525897
0.5400000000000004,2857.7437006884475
0.5420000000000004,2857.5636597406065
0.5440000000000004,2857.382643048499
0.5460000000000004,2857.1983169378423
0.5480000000000004,2857.0109651383723
0.5500000000000004,2856.821628163693
0.5520000000000004,2856.6308550941144
0.5540000000000004,2856.438980978388
0.5560000000000004,2856.246271581902
0.5580000000000004,2856.052684901046
0.5600000000000004,2855.858294246156
0.5620000000000004,2855.662965724412
0.5640000000000004,2855.4668183255835
0.5660000000000004,2855.273311051432
0.5680000000000004,2855.082494639403
0.5700000000000004,2854.893362677055
0.5720000000000004,2854.7052876556368
0.5740000000000004,2854.5177095583917
0.5760000000000004,2854.3302129577687
0.5780000000000004,2854.1424738858695
0.5800000000000004,2853.9541037267622
0.5820000000000004,2853.764724098325
0.5840000000000004,2853.5746899280516
0.5860000000000004,2853.385033798003
0.5880000000000004,2853.1957221015214
0.5900000000000004,2853.006663876631
0.5920000000000004,2852.817465530495
0.5940000000000004,2852.627924150922
0.5960000000000004,2852.438151973371
0.5980000000000004,2852.2480154172936
0.6000000000000004,2852.057684898012
0.6020000000000004,2851.8672401093263
0.6040000000000004,2851.676700371342
0.6060000000000004,2851.4860434647153
0.6080000000000004,2851.295109273124
0.6100000000000004,2851.104129856557
0.6120000000000004,2850.913633155742
0.6140000000000004,2850.7235723545673
0.6160000000000004,2850.5318686716673
0.6180000000000004,2850.3395835118968
0.6200000000000004,2850.1474120571274
0.6220000000000004,2849.9555108190284
0.6240000000000004,2849.764038851693
0.6260000000000004,2849.5727857726465
0.6280000000000004,2849.381884204252
0.6300000000000004,2849.191221960195
0.6320000000000005,2849.0007372388945
0.6340000000000005,2848.810606468273
0.6360000000000005,2848.6206867275587
0.6380000000000005,2848.4310614136766
0.6400000000000005,2848.2415555866164
0.6420000000000005,2848.0520618385463
0.6440000000000005,2847.8623887847125
0.6460000000000005,2847.67267205005
0.6480000000000005,2847.482692928
0.6500000000000005,2847.2924762737866
0.6520000000000005,2847.10199910983
0.6540000000000005,2846.911116173702
0.6560000000000005,2846.719985907594
0.6580000000000005,2846.5282865366703
0.6600000000000005,2846.336241107716
0.6620000000000005,2846.14365741386
0.6640000000000005,2845.9504577441435
0.6660000000000005,2845.7567031564904
0.6680000000000005,2845.5623860443234
0.6700000000000005,2845.3679393624475
0.6720000000000005,2845.1745024056772
0.6740000000000005,2844.9816693474163
0.6760000000000005,2844.7893283554795
0.6780000000000005,2844.5971802640133
0.6800000000000005,2844.4049899326415
0.6820000000000005,2844.2132258587935
0.6840000000000005,2844.0221844334383
0.6860000000000005,2843.831669076315
0.6880000000000005,2843.6406122718795
0.6900000000000005,2843.4488036408325
0.6920000000000005,2843.2563781523386
0.6940000000000005,2843.062480304074
0.6960000000000005,2842.8652942947174
0.6980000000000005,2842.6652073165733
0.7000000000000005,2842.463327988473
0.7020000000000005,2842.2602541059705
0.7040000000000005,2842.056195023608
0.7060000000000005,2841.8513411806657
0.7080000000000005,2841.645875662714
0.7100000000000005,2841.43980861343
0.7120000000000005,2841.233282632076
0.7140000000000005,2841.0262281785126
0.7160000000000005,2840.8193530574586
0.7180000000000005,2840.612915381976
0.7200000000000005,2840.4065125853995
0.7220000000000005,2840.1999568215733
0.7240000000000005,2839.9933027846364
0.7260000000000005,2839.786963575005
0.7280000000000005,2839.5807117421555
0.7300000000000005,2839.3746089682045
0.7320000000000005,2839.1691993827126
0.7340000000000005,2838.964605211333
0.7360000000000005,2838.7602850501785
0.7380000000000005,2838.5560459918793
0.7400000000000005,2838.351627884448
0.7420000000000005,2838.146582179768
0.7440000000000005,2837.940703336779
0.7460000000000006,2837.7341941198483
0.7480000000000006,2837.527094881059
0.7500000000000006,2837.31958186384
0.7520000000000006,2837.111726368189
0.7540000000000006,2836.903562709812
0.7560000000000006,2836.6950507122688
0.7580000000000006,2836.486338362393
0.7600000000000006,2836.2775978314035
0.7620000000000006,2836.0686521595435
0.7640000000000006,2835.859549052931
0.7660000000000006,2835.6501681204136
0.7680000000000006,2835.4406831666215
0.7700000000000006,2835.2309011312423
0.7720000000000006,2835.0208631438113
0.7740000000000006,2834.8105601116067
0.7760000000000006,2834.5988341502184
0.7780000000000006,2834.383673441419
0.7800000000000006,2834.1660723590508
0.7820000000000006,2833.947568286711
0.7840000000000006,2833.7288209491535
0.7860000000000006,2833.510077134399
0.7880000000000006,2833.2915163172634
0.7900000000000006,2833.0730572443044
0.7920000000000006,2832.8545414209248
0.7940000000000006,2832.6361251796334
0.7960000000000006,2832.417200901775
0.7980000000000006,2832.1975945701674
0.8000000000000006,2831.9775184781906
0.8020000000000006,2831.757132435292
0.8040000000000006,2831.5364208524325
0.8060000000000006,2831.315622558759
0.8080000000000006,2831.094583582939
0.8100000000000006,2830.873481207904
0.8120000000000006,2830.652130129538
0.8140000000000006,2830.4305800587495
0.8160000000000006,2830.208831247116
0.8180000000000006,2829.9867618275744
0.8200000000000006,2829.7649777862475
0.8220000000000006,2829.543832149755
0.8240000000000006,2829.3228490037136
0.8260000000000006,2829.1015553476423
0.8280000000000006,2828.8798073856988
0.8300000000000006,2828.658158818784
0.8320000000000006,2828.437024196329
0.8340000000000006,2828.2161393960114
0.8360000000000006,2827.994427335685
0.8380000000000006,2827.7718215103205
0.8400000000000006,2827.5484101838856
0.8420000000000006,2827.3243709283174
0.8440000000000006,2827.100060211938
0.8460000000000006,2826.8753978448403
0.8480000000000006,2826.6506030549317
0.8500000000000006,2826.425022376392
0.8520000000000006,2826.1986585756144
0.8540000000000006,2825.971560929539
0.8560000000000006,2825.743969731969
0.8580000000000007,2825.515903259027
0.8600000000000007,2825.2876218853794
0.8620000000000007,2825.0589875043866
0.8640000000000007,2824.8271500867954
0.8660000000000007,2824.592396636707
0.8680000000000007,2824.355476817923
0.8700000000000007,2824.1173376060847
0.8720000000000007,2823.878526788238
0.8740000000000007,2823.6393374475515
0.8760000000000007,2823.399794476047
0.8780000000000007,2823.160142787751
0.8800000000000007,2822.9205044329856
0.8820000000000007,2822.6816261573836
0.8840000000000007,2822.443233506213
0.8860000000000007,2822.205052804877
0.8880000000000007,2821.966877790274
0.8900000000000007,2821.7284668791167
0.8920000000000007,2821.4897473833917
0.8940000000000007,2821.249432197064
0.8960000000000007,2821.0077053541568
0.8980000000000007,2820.76507035997
0.9000000000000007,2820.5217734842254
0.9020000000000007,2820.278110908433
0.9040000000000007,2820.033639578927
0.9060000000000007,2819.788458571905
0.9080000000000007,2819.542695653285
0.9100000000000007,2819.2966344139522
0.9120000000000007,2819.0505384561475
0.9140000000000007,2818.8042940409036
0.9160000000000007,2818.557988173047
0.9180000000000007,2818.3116406715612
0.9200000000000007,2818.065253118092
0.9220000000000007,2817.819117914437
0.9240000000000007,2817.5737321455886
0.9260000000000007,2817.329070604301
0.9280000000000007,2817.084910905105
0.9300000000000007,2816.840950586834
0.9320000000000007,2816.5978401684224
0.9340000000000007,2816.3554625907286
0.9360000000000007,2816.1134534084044
0.9380000000000007,2815.8711553132694
0.9400000000000007,2815.6284623293222
0.9420000000000007,2815.385305210944
0.9440000000000007,2815.141831040999
0.9460000000000007,2814.8981125244663
0.9480000000000007,2814.654186109176
0.9500000000000007,2814.410065023598
0.9520000000000007,2814.162094245777
0.9540000000000007,2813.9092079357797
0.9560000000000007,2813.6528571849376
0.9580000000000007,2813.3937608359715
0.9600000000000007,2813.1329803146364
0.9620000000000007,2812.8714711411126
0.9640000000000007,2812.609505519044
0.9660000000000007,2812.347482929353
0.9680000000000007,2812.0853282741514
0.9700000000000008,2811.823251595739
0.9720000000000008,2811.5610852641353
0.9740000000000008,2811.298998747236
0.9760000000000008,2811.036679013102
0.9780000000000008,2810.7741764027946
0.9800000000000008,2810.5115287326385
0.9820000000000008,2810.249503333947
0.9840000000000008,2809.9882181250905
0.9860000000000008,2809.7273792636256
0.9880000000000008,2809.4666407176446
0.9900000000000008,2809.206035239736
0.9920000000000008,2808.945415806826
0.9940000000000008,2808.684608380432
0.9960000000000008,2808.42365817684
0.9980000000000008,2808.1626819539106
1.0000000000000007,2807.901489254805
1.0020000000000007,2807.640015840792
1.0040000000000007,2807.378453895206
1.0060000000000007,2807.1167450353873
1.0080000000000007,2806.8547593754815
1.0100000000000007,2806.5922310097553
1.0120000000000007,2806.3264600519124
1.0140000000000007,2806.0578955672477
1.0160000000000007,2805.787581744248
1.0180000000000007,2805.51615318751
1.0200000000000007,2805.2441443396656
1.0220000000000007,2804.9718402175176
1.0240000000000007,2804.7003845840395
1.0260000000000007,2804.4296150699856
1.0280000000000007,2804.1592580604897
1.0300000000000007,2803.889082042084
1.0320000000000007,2803.619231658335
1.0340000000000007,2803.350262912901
1.0360000000000007,2803.081745503553
1.0380000000000007,2802.8135903279062
1.0400000000000007,2802.545542410586
1.0420000000000007,2802.2773555034714
1.0440000000000007,2802.0077306356975
1.0460000000000007,2801.7345942805437
1.0480000000000007,2801.4584581817785
1.0500000000000007,2801.180489917314
1.0520000000000007,2800.9014386276444
1.0540000000000007,2800.621921222242
1.0560000000000007,2800.342251129148
1.0580000000000007,2800.062575512666
1.0600000000000007,2799.7830640226703
1.0620000000000007,2799.503520177695
1.0640000000000007,2799.2233111600626
1.0660000000000007,2798.942562944935
1.0680000000000007,2798.6614733115393
1.0700000000000007,2798.3802005091925
1.0720000000000007,2798.097381334299
1.0740000000000007,2797.8120795500604
1.0760000000000007,2797.524938498977
1.0780000000000007,2797.2366337506237
1.0800000000000007,2796.947873362336
1.0820000000000007,2796.6587910479116
1.0840000000000007,2796.370436206023
1.0860000000000007,2796.082810227348
1.0880000000000007,2795.7958185735265
1.0900000000000007,2795.5091753240135
1.0920000000000007,2795.2227116743193
1.0940000000000007,2794.93632993004
1.0960000000000008,2794.6499782328037
1.0980000000000008,2794.363518685735
1.1000000000000008,2794.077125358489
1.1020000000000008,2793.7907352712164
1.1040000000000008,2793.5042187775002
1.1060000000000008,2793.2177525659736
1.1080000000000008,2792.9312744917206
1.1100000000000008,2792.6446481514176
1.1120000000000008,2792.3577577249744
1.1140000000000008,2792.0706252745135
1.1160000000000008,2791.7827349375193
1.1180000000000008,2791.493983420749
1.1200000000000008,2791.2046412000655
1.1220000000000008,2790.9157969020494
1.1240000000000008,2790.6276504589537
1.1260000000000008,2790.3399383876763
1.1280000000000008,2790.0524339948274
1.1300000000000008,2789.764980746194
1.1320000000000008,2789.4773751644534
1.1340000000000008,2789.188096841102
1.1360000000000008,2788.8968448633195
1.1380000000000008,2788.6014718852985
1.1400000000000008,2788.302363916276
1.1420000000000008,2788.0006605036565
1.1440000000000008,2787.697693647534
1.1460000000000008,2787.3940005389272
1.1480000000000008,2787.0901404964147
1.1500000000000008,2786.7856739873737
1.1520000000000008,2786.480897022406
1.1540000000000008,2786.1759128948324
1.1560000000000008,2785.870722792578
1.1580000000000008,2785.5655844909584
1.1600000000000008,2785.260369836969
1.1620000000000008,2784.955275511726
1.1640000000000008,2784.6503342101373
1.1660000000000008,2784.3455225222215
1.1680000000000008,2784.0402795127193
1.1700000000000008,2783.7343819820057
1.1720000000000008,2783.428153365819
1.1740000000000008,2783.1215897549864
1.1760000000000008,2782.8148709386305
1.1780000000000008,2782.5080809960396
1.1800000000000008,2782.201260864592
1.1820000000000008,2781.8944271592386
1.1840000000000008,2781.587584077202
1.1860000000000008,2781.2809961281614
1.1880000000000008,2780.9751521107723
1.1900000000000008,2780.6700608112087
1.1920000000000008,2780.36554401882
1.1940000000000008,2780.061216494469
1.1960000000000008,2779.757007259066
1.1980000000000008,2779.4500104887807
1.2000000000000008,2779.140225260424
1.2020000000000008,2778.8284077985477
1.2040000000000008,2778.5156126794236
1.2060000000000008,2778.2022142302576
1.2080000000000009,2777.8886862046857
1.2100000000000009,2777.5750059540896
1.2120000000000009,2777.2614092372723
1.2140000000000009,2776.9484479841276
1.2160000000000009,2776.6365637228955
1.2180000000000009,2776.3254000586517
1.2200000000000009,2776.014086658781
1.2220000000000009,2775.7024009561524
1.2240000000000009,2775.3902858542547
1.2260000000000009,2775.078038230306
1.2280000000000009,2774.765582240903
1.2300000000000009,2774.453033585108
1.2320000000000009,2774.140469432297
1.2340000000000009,2773.82452756502
1.2360000000000009,2773.5056585230614
1.2380000000000009,2773.185013830261
1.2400000000000009,2772.864323630709
1.2420000000000009,2772.5437094199715
1.2440000000000009,2772.2232136107455
1.2460000000000009,2771.902833373614
1.2480000000000009,2771.5825539343073
1.2500000000000009,2771.2619544128843
1.252000000000001,2770.9409268746817
1.254000000000001,2770.6196697633195
1.256000000000001,2770.2983176411117
1.258000000000001,2769.976953911437
1.260000000000001,2769.6556221935543
1.262000000000001,2769.332097334829
1.264000000000001,2769.005624451693
1.266000000000001,2768.677017353476
1.268000000000001,2768.34708578594
1.270000000000001,2768.0164356870164
1.272000000000001,2767.6848092496116
1.274000000000001,2767.3525284902603
1.276000000000001,2767.0198818626855
1.278000000000001,2766.687067618325
1.280000000000001,2766.354089964348
1.282000000000001,2766.0211921965497
1.284000000000001,2765.688345968788
1.286000000000001,2765.355547529538
1.288000000000001,2765.022791840393
1.290000000000001,2764.690074061707
1.292000000000001,2764.358180966006
1.294000000000001,2764.0271333687997
1.296000000000001,2763.696623275405
1.298000000000001,2763.366423661843
1.300000000000001,2763.0363883441214
1.302000000000001,2762.7064322784727
1.304000000000001,2762.3765095033436
1.306000000000001,2762.046596859528
1.308000000000001,2761.7167931524355
1.310000000000001,2761.3876922464106
1.312000000000001,2761.059555882532
1.314000000000001,2760.732080478547
1.316000000000001,2760.405101722162
1.318000000000001,2760.0783529709342
1.320000000000001,2759.751589274139
1.322000000000001,2759.424500497517
1.324000000000001,2759.0966847720188
1.326000000000001,2758.768340013549
1.328000000000001,2758.436548695708
1.330000000000001,2758.0983282991624
1.332000000000001,2757.755062242066
1.334000000000001,2757.408546063681
1.336000000000001,2757.0603910125683
1.338000000000001,2756.7115301911854
1.340000000000001,2756.362566514816
1.342000000000001,2756.013547718152
1.344000000000001,2755.6653761310145
1.346000000000001,2755.317751918688
1.348000000000001,2754.970385680639
1.350000000000001,2754.623175385792
1.352000000000001,2754.276094784045
1.354000000000001,2753.9292521544485
1.356000000000001,2753.582466617322
1.358000000000001,2753.235903055364
1.360000000000001,2752.8893886456513
1.362000000000001,2752.543089580597
1.364000000000001,2752.196942136315
1.366000000000001,2751.8508712834973
1.368000000000001,2751.5045980642617
1.370000000000001,2751.158322146053
1.372000000000001,2750.811856592176
1.374000000000001,2750.4646535950487
1.376000000000001,2750.1168850915833
1.378000000000001,2749.7687788776875
1.380000000000001,2749.420513548643
1.382000000000001,2749.0720905337826
1.384000000000001,2748.723753149203
1.386000000000001,2748.375475873442
1.388000000000001,2748.027256699109
1.390000000000001,2747.679091331424
1.392000000000001,2747.3309752654495
1.394000000000001,2746.98142443068
1.396000000000001,2746.6289283230008
1.398000000000001,2746.274532650322
1.400000000000001,2745.9192381679636
1.402000000000001,2745.5633965897046
1.404000000000001,2745.2082520647477
1.406000000000001,2744.854114805587
1.408000000000001,2744.5007150496035
1.410000000000001,2744.1477788557677
1.412000000000001,2743.7952155909247
1.414000000000001,2743.4427201687245
1.416000000000001,2743.09038901147
1.418000000000001,2742.7380181925273
1.420000000000001,2742.3856513462
1.422000000000001,2742.0334059764627
1.424000000000001,2741.680515091057
1.426000000000001,2741.3269813006727
1.428000000000001,2740.9697486266164
1.430000000000001,2740.609176384859
1.432000000000001,2740.2464742767966
1.434000000000001,2739.882790870947
1.436000000000001,2739.518569657935
1.438000000000001,2739.1543124365858
1.440000000000001,2738.789563559212
1.442000000000001,2738.424368313763
1.444000000000001,2738.0590898597065
1.446000000000001,2737.693811329191
1.448000000000001,2737.32860292075
1.450000000000001,2736.9642290990532
1.452000000000001,2736.6008009355082
1.454000000000001,2736.238148420881
1.456000000000001,2735.875871853624
1.458000000000001,2735.5139892829784
1.460000000000001,2735.152355206073
1.462000000000001,2734.789382630123
1.464000000000001,2734.423268365378
1.466000000000001,2734.054526383961
1.468000000000001,2733.6841302770977
1.470000000000001,2733.312919929095
1.472000000000001,2732.941494440335
1.474000000000001,2732.569463727654
1.476000000000001,2732.196747365926
1.478000000000001,2731.82363161129
1.480000000000001,2731.450335546762
1.482000000000001,2731.0770010680094
1.484000000000001,2730.703706949977
1.486000000000001,2730.330491293704
1.488000000000001,2729.95726787698
1.490000000000001,2729.5839320676114
1.492000000000001,2729.21051705715
1.494000000000001,2728.8370794344924
1.496000000000001,2728.464259480593
1.498000000000001,2728.092552420881
1.500000000000001,2727.7218146878013
1.5020000000000011,2727.3518137140863
1.5040000000000011,2726.983080317139
1.5060000000000011,2726.615246278708
1.5080000000000011,2726.247980553603
1.5100000000000011,2725.8810460961913
1.5120000000000011,2725.514408949051
1.5140000000000011,2725.147807793043
1.5160000000000011,2724.7813626688717
1.5180000000000011,2724.414883680557
1.5200000000000011,2724.0484198141858
1.5220000000000011,2723.682090249693
1.5240000000000011,2723.315204703353
1.5260000000000011,2722.945034561974
1.5280000000000011,2722.5712274953685
1.5300000000000011,2722.1944510847625
1.5320000000000011,2721.8129491744116
1.5340000000000011,2721.4270800872714
1.5360000000000011,2721.03844786152
1.5380000000000011,2720.6483864335733
1.5400000000000011,2720.2578207651095
1.5420000000000011,2719.8670151438378
1.5440000000000011,2719.476347525572
1.5460000000000012,2719.085849581697
1.5480000000000012,2718.695536376821
1.5500000000000012,2718.305403933219
1.5520000000000012,2717.9155520381614
1.5540000000000012,2717.5257904508658
1.5560000000000012,2717.13670376378
1.5580000000000012,2716.7485035172112
1.5600000000000012,2716.361140263637
1.5620000000000012,2715.974322119737
1.5640000000000012,2715.5878587227335
1.5660000000000012,2715.201634069678
1.5680000000000012,2714.8156933185624
1.5700000000000012,2714.429822692211
1.5720000000000012,2714.044166838945
1.5740000000000012,2713.658027117166
1.5760000000000012,2713.2712364408812
1.5780000000000012,2712.8840428558274
1.5800000000000012,2712.496547706807
1.5820000000000012,2712.109081088642
1.5840000000000012,2711.7216787299517
1.5860000000000012,2711.334488717357
1.5880000000000012,2710.9485271578883
1.5900000000000012,2710.563759567135
1.5920000000000012,2710.179789134145
1.5940000000000012,2709.7964228472442
1.5960000000000012,2709.413284556546
1.5980000000000012,2709.03042367536
1.6000000000000012,2708.6476141400553
1.6020000000000012,2708.2627076646204
1.6040000000000012,2707.8743851466756
1.6060000000000012,2707.483520389065
1.6080000000000012,2707.0909115587588
1.6100000000000012,2706.6980222667885
1.6120000000000012,2706.305502906272
1.6140000000000012,2705.913478466875
1.6160000000000012,2705.5216855572226
1.6180000000000012,2705.129986122602
1.6200000000000012,2704.737947701086
1.6220000000000012,2704.345483604608
1.6240000000000012,2703.9520775031574
1.6260000000000012,2703.554708334613
1.6280000000000012,2703.1537504387575
1.6300000000000012,2702.75050406717
1.6320000000000012,2702.3460972302382
1.6340000000000012,2701.9412212600705
1.6360000000000012,2701.5362553077725
1.6380000000000012,2701.131492568838
1.6400000000000012,2700.726939500305
1.6420000000000012,2700.3226018974915
1.6440000000000012,2699.918474820292
1.6460000000000012,2699.5145507161174
1.6480000000000012,2699.110930140961
1.6500000000000012,2698.707423754046
1.6520000000000012,2698.3041819524287
1.6540000000000012,2697.9011369989835
1.6560000000000012,2697.498267631049
1.6580000000000013,2697.095562082793
1.6600000000000013,2696.6931212889717
1.6620000000000013,2696.2907602381033
1.6640000000000013,2695.889324815874
1.6660000000000013,2695.488768359046
1.6680000000000013,2695.0889785076743
1.6700000000000013,2694.689669225505
1.6720000000000013,2694.2904311289053
1.6740000000000013,2693.887545623132
1.6760000000000013,2693.480887496633
1.6780000000000013,2693.0729133649697
1.6800000000000013,2692.66440552705
1.6820000000000013,2692.2560564164232
1.6840000000000013,2691.8477775884335
1.6860000000000013,2691.439748372685
1.6880000000000013,2691.0317890765823
1.6900000000000013,2690.624047242839
1.6920000000000013,2690.216451241053
1.6940000000000013,2689.8089769412045
1.6960000000000013,2689.401611366191
1.6980000000000013,2688.99434772116
1.7000000000000013,2688.58718213294
1.7020000000000013,2688.1801120232703
1.7040000000000013,2687.773245453576
1.7060000000000013,2687.365845803271
1.7080000000000013,2686.958030137204
1.7100000000000013,2686.5499787613526
1.7120000000000013,2686.141847978889
1.7140000000000013,2685.7337400229226
1.7160000000000013,2685.3258178666906
1.7180000000000013,2684.918585017204
1.7200000000000013,2684.5122513334663
1.7220000000000013,2684.1059832837777
1.7240000000000013,2683.6990595119164
1.7260000000000013,2683.289031311806
1.7280000000000013,2682.8755399320753
1.7300000000000013,2682.459668003765
1.7320000000000013,2682.042410145898
1.7340000000000013,2681.624668947892
1.7360000000000013,2681.206810473251
1.7380000000000013,2680.7890356634466
1.7400000000000013,2680.37154186434
1.7420000000000013,2679.9541834203646
1.7440000000000013,2679.5371260992806
1.7460000000000013,2679.118293929468
1.7480000000000013,2678.696314182041
1.7500000000000013,2678.271975403236
1.7520000000000013,2677.84616823968
1.7540000000000013,2677.4196714260884
1.7560000000000013,2676.9930412107037
1.7580000000000013,2676.5664435087674
1.7600000000000013,2676.1398615717203
1.7620000000000013,2675.713617245171
1.7640000000000013,2675.2874915299903
1.7660000000000013,2674.8625472480435
1.7680000000000013,2674.438930227682
1.7700000000000014,2674.0161102429875
1.7720000000000014,2673.593823444352
1.7740000000000014,2673.172022975923
1.7760000000000014,2672.7506019010834
1.7780000000000014,2672.3294617171623
1.7800000000000014,2671.908534539024
1.7820000000000014,2671.4878845029993
1.7840000000000014,2671.067307798542
1.7860000000000014,2670.6469477310206
1.7880000000000014,2670.226629826934
1.7900000000000014,2669.8062154568056
1.7920000000000014,2669.3852401429062
1.7940000000000014,2668.9640433345166
1.7960000000000014,2668.542773859189
1.7980000000000014,2668.121880600158
1.8000000000000014,2667.7011572572555
1.8020000000000014,2667.2806212196983
1.8040000000000014,2666.860358612569
1.8060000000000014,2666.4401735969345
1.8080000000000014,2666.0202109897336
1.8100000000000014,2665.600403215796
1.8120000000000014,2665.180729658973
1.8140000000000014,2664.7611780554935
1.8160000000000014,2664.3417398074416
1.8180000000000014,2663.9224092339978
1.8200000000000014,2663.4998475768716
1.8220000000000014,2663.073194219665
1.8240000000000014,2662.6437773166213
1.8260000000000014,2662.2125945809685
1.8280000000000014,2661.777884590218
1.8300000000000014,2661.340544927096
1.8320000000000014,2660.9016922408323
1.8340000000000014,2660.462091987961
1.8360000000000014,2660.0220740946074
1.8380000000000014,2659.5818103087036
1.8400000000000014,2659.14165952104
1.8420000000000014,2658.701779550937
1.8440000000000014,2658.262030141315
1.8460000000000014,2657.8225805130783
1.8480000000000014,2657.3832641778913
1.8500000000000014,2656.944238592889
1.8520000000000014,2656.505441296613
1.8540000000000014,2656.0669591580036
1.8560000000000014,2655.6286031908826
1.8580000000000014,2655.1904161415846
1.8600000000000014,2654.7536907381436
1.8620000000000014,2654.318351963084
1.8640000000000014,2653.8839750386987
1.8660000000000014,2653.4502230613684
1.8680000000000014,2653.0165341314123
1.8700000000000014,2652.582336328235
1.8720000000000014,2652.147684658357
1.8740000000000014,2651.712104812111
1.8760000000000014,2651.2759396799374
1.8780000000000014,2650.8395954267494
1.8800000000000014,2650.4035032701554
1.8820000000000014,2649.968249353981
1.8840000000000015,2649.533715967676
1.8860000000000015,2649.099819720608
1.8880000000000015,2648.666435981992
1.8900000000000015,2648.2332604965745
1.8920000000000015,2647.8002718072835
1.8940000000000015,2647.3661422879704
1.8960000000000015,2646.928828458628
1.8980000000000015,2646.48894038687
1.9000000000000015,2646.0472656529732
1.9020000000000015,2645.6048101092297
1.9040000000000015,2645.1619172680466
1.9060000000000015,2644.719025735444
1.9080000000000015,2644.2762137604136
1.9100000000000015,2643.833629204447
1.9120000000000015,2643.3911056247657
1.9140000000000015,2642.948690920301
1.9160000000000015,2642.5062562544417
1.9180000000000015,2642.0632507319847
1.9200000000000015,2641.6195238601294
1.9220000000000015,2641.175523147938
1.9240000000000015,2640.7312903418065
1.9260000000000015,2640.28711721759
1.9280000000000015,2639.842599525862
1.9300000000000015,2639.3942616585646
1.9320000000000015,2638.9435935582596
1.9340000000000015,2638.4910637727126
1.9360000000000015,2638.038321398592
1.9380000000000015,2637.585954255312
1.9400000000000015,2637.13411679317
1.9420000000000015,2636.6826981688455
1.9440000000000015,2636.231619305815
1.9460000000000015,2635.7806484001803
1.9480000000000015,2635.3309395005995
1.9500000000000015,2634.8825231262194
1.9520000000000015,2634.4351393982347
1.9540000000000015,2633.988062341758
1.9560000000000015,2633.540871789242
1.9580000000000015,2633.0934464189077
1.9600000000000015,2632.646061619732
1.9620000000000015,2632.1986607402537
1.9640000000000015,2631.7514230228335
1.9660000000000015,2631.303571890989
1.9680000000000015,2630.8551178914613
1.9700000000000015,2630.4045672530588
1.9720000000000015,2629.950755014539
1.9740000000000015,2629.4943669326626
1.9760000000000015,2629.0364005758256
1.9780000000000015,2628.577790611432
1.9800000000000015,2628.118947408682
1.9820000000000015,2627.6601050108757
1.9840000000000015,2627.2013743524158
1.9860000000000015,2626.742906874073
1.9880000000000015,2626.28454127989
1.9900000000000015,2625.8271034530762
1.9920000000000015,2625.3706397393144
1.9940000000000015,2624.9148691149708
1.9960000000000016,2624.4595672929695
1.9980000000000016,2624.0045825993925
2.0000000000000013,2623.549931961376
2.002000000000001,2623.095392723126
2.004000000000001,2622.6410949302413
2.0060000000000007,2622.1868608634395
2.0080000000000005,2621.732843026653
2.0100000000000002,2621.2789812810206
2.012,2620.8252586064723
2.014,2620.370914932853
2.0159999999999996,2619.9158696633153
2.0179999999999993,2619.4604037966737
2.019999999999999,2619.0047423695023
2.021999999999999,2618.5490363369954
2.0239999999999987,2618.093372623326
2.0259999999999985,2617.637900964282
2.0279999999999982,2617.182465943262
2.029999999999998,2616.7271231436216
2.031999999999998,2616.2695217094833
2.0339999999999976,2615.8087436574515
2.0359999999999974,2615.3462849881316
2.037999999999997,2614.883077121226
2.039999999999997,2614.4197640332686
2.0419999999999967,2613.9564473242663
2.0439999999999965,2613.4939531908935
2.0459999999999963,2613.0318049746556
2.047999999999996,2612.5672792935047
2.049999999999996,2612.1004948498935
2.0519999999999956,2611.632213842721
2.0539999999999954,2611.1630717901417
2.055999999999995,2610.693485906431
2.057999999999995,2610.2237606470776
2.0599999999999947,2609.7540827189805
2.0619999999999945,2609.283794399231
2.0639999999999943,2608.812965714255
2.065999999999994,2608.3418294231255
2.067999999999994,2607.8704912716253
2.0699999999999936,2607.3992679304497
2.0719999999999934,2606.9281926357894
2.073999999999993,2606.457399856668
2.075999999999993,2605.9867264488003
2.0779999999999927,2605.516328120569
2.0799999999999925,2605.0460404681617
2.0819999999999923,2604.5760195354233
2.083999999999992,2604.10620674027
2.085999999999992,2603.636584586659
2.0879999999999916,2603.167248228634
2.0899999999999914,2602.6980174885534
2.091999999999991,2602.2289366922205
2.093999999999991,2601.760119280232
2.0959999999999908,2601.2914987327827
2.0979999999999905,2600.823146517631
2.0999999999999903,2600.355719247933
2.10199999999999,2599.889196935819
2.10399999999999,2599.4233965844005
2.1059999999999897,2598.957936106125
2.1079999999999894,2598.492729489398
2.109999999999989,2598.0270675347438
2.111999999999989,2597.560456086698
2.1139999999999888,2597.092752278714
2.1159999999999886,2596.624338516699
2.1179999999999883,2596.1555623656827
2.119999999999988,2595.6870497846658
2.121999999999988,2595.21979357115
2.1239999999999877,2594.752408145443
2.1259999999999875,2594.282787243293
2.1279999999999872,2593.810956787336
2.129999999999987,2593.337892638455
2.131999999999987,2592.864059129808
2.1339999999999866,2592.389915416958
2.1359999999999864,2591.91274914047
2.137999999999986,2591.432279268962
2.139999999999986,2590.9497136634905
2.1419999999999857,2590.466029861119
2.1439999999999855,2589.981886303516
2.1459999999999853,2589.497663621789
2.147999999999985,2589.013557175558
2.149999999999985,2588.5297599849127
2.1519999999999846,2588.046236747486
2.1539999999999844,2587.563579697049
2.155999999999984,2587.081948849779
2.157999999999984,2586.6002732819497
2.1599999999999837,2586.118212294923
2.1619999999999835,2585.6359153493527
2.1639999999999833,2585.1533739755696
2.165999999999983,2584.6707899096145
2.167999999999983,2584.188279604072
2.1699999999999826,2583.706014203066
2.1719999999999824,2583.2239598852902
2.173999999999982,2582.7420077535585
2.175999999999982,2582.260327250442
2.1779999999999817,2581.7789720317132
2.1799999999999815,2581.2977545404624
2.1819999999999813,2580.8168177831008
2.183999999999981,2580.3359943275245
2.185999999999981,2579.855437739023
2.1879999999999806,2579.375088459524
2.1899999999999804,2578.8943655835164
2.19199999999998,2578.413241430003
2.19399999999998,2577.931770990709
2.1959999999999797,2577.4502952726098
2.1979999999999795,2576.9688872163033
2.1999999999999793,2576.4875031497586
2.201999999999979,2576.0058523069342
2.203999999999979,2575.5210349589106
2.2059999999999786,2575.033406035186
2.2079999999999784,2574.5449547110197
2.209999999999978,2574.0568528870845
2.211999999999978,2573.569400546196
2.2139999999999778,2573.082581078544
2.2159999999999775,2572.596194869066
2.2179999999999773,2572.1101155977194
2.219999999999977,2571.62426393327
2.221999999999977,2571.138595595019
2.2239999999999767,2570.6530877695486
2.2259999999999764,2570.1677293894695
2.227999999999976,2569.6825151659627
2.229999999999976,2569.197546439989
2.231999999999976,2568.7126491091835
2.2339999999999756,2568.2279728415606
2.2359999999999753,2567.743459233668
2.237999999999975,2567.259091465817
2.239999999999975,2566.772627602638
2.2419999999999747,2566.282856710143
2.2439999999999745,2565.7906329164593
2.2459999999999742,2565.297009303485
2.247999999999974,2564.802736902556
2.249999999999974,2564.3082733614983
2.2519999999999736,2563.8136819343645
2.2539999999999734,2563.31840800379
2.255999999999973,2562.822534844242
2.257999999999973,2562.326488299587
2.2599999999999727,2561.8304249045377
2.2619999999999725,2561.3344711441405
2.2639999999999723,2560.839416583239
2.265999999999972,2560.3445340289777
2.267999999999972,2559.849505074711
2.2699999999999716,2559.3545271574762
2.2719999999999714,2558.8595296936683
2.273999999999971,2558.364743152585
2.275999999999971,2557.87016045105
2.2779999999999707,2557.3757901645477
2.2799999999999705,2556.881737732219
2.2819999999999703,2556.3861461820693
2.28399999999997,2555.888176770625
2.28599999999997,2555.388358558798
2.2879999999999696,2554.8873748284373
2.2899999999999694,2554.3858605297364
2.291999999999969,2553.884291196475
2.293999999999969,2553.3833246976255
2.2959999999999687,2552.883473855187
2.2979999999999685,2552.3846491591266
2.2999999999999683,2551.886015998044
2.301999999999968,2551.386967028255
2.303999999999968,2550.887574274039
2.3059999999999676,2550.3880012273708
2.3079999999999674,2549.8884958557906
2.309999999999967,2549.388983441644
2.311999999999967,2548.8895656693176
2.3139999999999668,2548.39038482046
2.3159999999999665,2547.8912871454318
2.3179999999999663,2547.392905365673
2.319999999999966,2546.895381869613
2.321999999999966,2546.3986659194584
2.3239999999999656,2545.902591128512
2.3259999999999654,2545.406960244034
2.327999999999965,2544.9120758271206
2.329999999999965,2544.4176024367707
2.3319999999999648,2543.9235559583776
2.3339999999999645,2543.429785352335
2.3359999999999643,2542.9361132101085
2.337999999999964,2542.44266909746
2.339999999999964,2541.949028827085
2.3419999999999637,2541.4547531712196
2.3439999999999634,2540.9600850058464
2.3459999999999632,2540.4617256141078
2.347999999999963,2539.95921844082
2.349999999999963,2539.453704518316
2.3519999999999626,2538.9463662374606
2.3539999999999623,2538.438287642034
2.355999999999962,2537.9299785799963
2.357999999999962,2537.4218301940928
2.3599999999999617,2536.913809311762
2.3619999999999615,2536.404218530857
2.3639999999999612,2535.8918983517997
2.365999999999961,2535.3775448216506
2.367999999999961,2534.861908131566
2.3699999999999606,2534.3455895193624
2.3719999999999604,2533.82919945324
2.37399999999996,2533.313636496396
2.37599999999996,2532.798833527364
2.3779999999999597,2532.2847330685254
2.3799999999999595,2531.771113894407
2.3819999999999593,2531.2578462689717
2.383999999999959,2530.74485406823
2.385999999999959,2530.232096485076
2.3879999999999586,2529.72025639123
2.3899999999999584,2529.2099425850733
2.391999999999958,2528.700983515819
2.393999999999958,2528.1929327232533
2.3959999999999577,2527.684551173452
2.3979999999999575,2527.1757963462114
2.3999999999999573,2526.6668037680706
2.401999999999957,2526.1576274737254
2.403999999999957,2525.6485538372312
2.4059999999999566,2525.1396082738265
2.4079999999999564,2524.6308178077393
2.409999999999956,2524.1222970985104
2.411999999999956,2523.613880021959
2.4139999999999557,2523.105080060021
2.4159999999999555,2522.5956594353133
2.4179999999999553,2522.08602249135
2.419999999999955,2521.5763158493364
2.421999999999955,2521.0666597396016
2.4239999999999546,2520.557225464041
2.4259999999999544,2520.047877496127
2.427999999999954,2519.539489293681
2.429999999999954,2519.0319663128944
2.4319999999999538,2518.525198222869
2.4339999999999535,2518.018920586536
2.4359999999999533,2517.512975332905
2.437999999999953,2517.0073732983947
2.439999999999953,2516.501897027322
2.4419999999999527,2515.99516782406
2.4439999999999524,2515.4847489651406
2.445999999999952,2514.971102590879
2.447999999999952,2514.4554845352145
2.4499999999999518,2513.938819732266
2.4519999999999516,2513.417972350968
2.4539999999999513,2512.8936310542736
2.455999999999951,2512.367145003572
2.457999999999951,2511.839452744942
2.4599999999999507,2511.3113951664172
2.4619999999999505,2510.783305107084
2.4639999999999502,2510.255463987327
2.46599999999995,2509.7277808902522
2.46799999999995,2509.200374902002
2.4699999999999496,2508.673099461307
2.4719999999999493,2508.1460368540047
2.473999999999949,2507.620525298465
2.475999999999949,2507.0966160952753
2.4779999999999487,2506.5738116027696
2.4799999999999485,2506.051839644458
2.4819999999999482,2505.530758678234
2.483999999999948,2505.0108600585413
2.485999999999948,2504.4912540232212
2.4879999999999476,2503.9715077292476
2.4899999999999474,2503.450836073206
2.491999999999947,2502.9292702536673
2.493999999999947,2502.4071980644167
2.4959999999999467,2501.8849256436283
2.4979999999999465,2501.3627574542584
2.4999999999999463,2500.840641321954
2.501999999999946,2500.318784312611
2.503999999999946,2499.7971577400144
2.5059999999999456,2499.2757554852815
2.5079999999999454,2498.7545697719897
2.509999999999945,2498.2336946146224
2.511999999999945,2497.7129548497187
2.5139999999999447,2497.1924927072437
2.5159999999999445,2496.6722491774726
2.5179999999999443,2496.152206000838
2.519999999999944,2495.632353226254
2.521999999999944,2495.112685339407
2.5239999999999436,2494.591068304384
2.5259999999999434,2494.066702155518
2.527999999999943,2493.540448012258
2.529999999999943,2493.012997228408
2.5319999999999427,2492.4850926685535
2.5339999999999425,2491.956937666172
2.5359999999999423,2491.4288516940787
2.537999999999942,2490.90075041897
2.539999999999942,2490.3726657507023
2.5419999999999416,2489.8445419816144
2.5439999999999414,2489.316583262168
2.545999999999941,2488.7887675270495
2.547999999999941,2488.261096069523
2.5499999999999408,2487.7335685898333
2.5519999999999405,2487.2062859753264
2.5539999999999403,2486.6790792211614
2.55599999999994,2486.151904380054
2.55799999999994,2485.6233971452775
2.5599999999999397,2485.092158292881
2.5619999999999394,2484.5588272196655
2.563999999999939,2484.02429824014
2.565999999999939,2483.489230857145
2.5679999999999388,2482.953913909342
2.5699999999999386,2482.4185501584057
2.5719999999999383,2481.8832855266583
2.573999999999938,2481.348309282515
2.575999999999938,2480.813601261301
2.5779999999999377,2480.2791604093773
2.5799999999999375,2479.7449827794157
2.5819999999999372,2479.211063711182
2.583999999999937,2478.676558307679
2.585999999999937,2478.1414869847536
2.5879999999999366,2477.6059785053126
2.5899999999999364,2477.0705909857693
2.591999999999936,2476.536012266717
2.593999999999936,2476.002302588277
2.5959999999999357,2475.4692341377886
2.5979999999999355,2474.9367315913096
2.5999999999999353,2474.404507511353
2.601999999999935,2473.872636472265
2.603999999999935,2473.341025453337
2.6059999999999346,2472.806865061486
2.6079999999999344,2472.2701732239934
2.609999999999934,2471.7317272482283
2.611999999999934,2471.1923436828965
2.6139999999999337,2470.652558244938
2.6159999999999335,2470.112785454052
2.6179999999999333,2469.5731226590347
2.619999999999933,2469.0336221098355
2.621999999999933,2468.494300228049
2.6239999999999326,2467.955158405074
2.6259999999999324,2467.416154816949
2.627999999999932,2466.8765909723556
2.629999999999932,2466.336060252728
2.6319999999999317,2465.7942396379804
2.6339999999999315,2465.2515872160975
2.6359999999999313,2464.708505294344
2.637999999999931,2464.165380686181
2.639999999999931,2463.6227638484934
2.6419999999999306,2463.081804260719
2.6439999999999304,2462.5422895657457
2.64599999999993,2462.004667572937
2.64799999999993,2461.4683739821608
2.6499999999999297,2460.9330452799477
2.6519999999999295,2460.3981886464694
2.6539999999999293,2459.8637534118766
2.655999999999929,2459.32958010659
2.657999999999929,2458.795501207335
2.6599999999999286,2458.2616534801177
2.6619999999999284,2457.7279810213445
2.663999999999928,2457.194438716476
2.665999999999928,2456.657656054536
2.6679999999999278,2456.1173572230414
2.6699999999999275,2455.5746046211752
2.6719999999999273,2455.030410033229
2.673999999999927,2454.4856962758954
2.675999999999927,2453.940802941195
2.6779999999999267,2453.395105145684
2.6799999999999264,2452.8487016631634
2.681999999999926,2452.301950911038
2.683999999999926,2451.755215483057
2.685999999999926,2451.208495078835
2.6879999999999256,2450.6591906163053
2.6899999999999253,2450.107450835764
2.691999999999925,2449.5540754160447
2.693999999999925,2448.999861937287
2.6959999999999247,2448.444992844971
2.6979999999999245,2447.88960493257
2.6999999999999242,2447.334434575722
2.701999999999924,2446.779788053677
2.703999999999924,2446.2256018339313
2.7059999999999236,2445.671900514104
2.7079999999999234,2445.1185538598397
2.709999999999923,2444.565496934528
2.711999999999923,2444.0126928765794
2.7139999999999227,2443.460122102104
2.7159999999999225,2442.9080080413814
2.7179999999999223,2442.356664685545
2.719999999999922,2441.8059608892268
2.721999999999922,2441.255744799034
2.7239999999999216,2440.705151648749
2.7259999999999214,2440.154251054555
2.727999999999921,2439.603883998849
2.729999999999921,2439.054216740199
2.7319999999999207,2438.5050910345144
2.7339999999999205,2437.956368425284
2.7359999999999203,2437.4080484617148
2.73799999999992,2436.859903272849
2.73999999999992,2436.312042181656
2.7419999999999196,2435.7643934386456
2.7439999999999194,2435.2168326566375
2.745999999999919,2434.669513165256
2.747999999999919,2434.122486672871
2.7499999999999187,2433.5755748399115
2.7519999999999185,2433.0291683574537
2.7539999999999183,2432.4836927547167
2.755999999999918,2431.9389859451867
2.757999999999918,2431.3949346806694
2.7599999999999176,2430.851224174964
2.7619999999999174,2430.3076554374566
2.763999999999917,2429.7637749633313
2.765999999999917,2429.21919659438
2.7679999999999167,2428.6740212941772
2.7699999999999165,2428.125935262809
2.7719999999999163,2427.5746669835435
2.773999999999916,2427.0182332688005
2.775999999999916,2426.4568006918325
2.7779999999999156,2425.8921987832855
2.7799999999999154,2425.325778432291
2.781999999999915,2424.7586724912167
2.783999999999915,2424.191395765324
2.7859999999999148,2423.624224177317
2.7879999999999145,2423.0573823049026
2.7899999999999143,2422.490852370462
2.791999999999914,2421.924724671303
2.793999999999914,2421.358821491251
2.7959999999999137,2420.793274511409
2.7979999999999134,2420.2280211642524
2.7999999999999132,2419.6630393332243
2.801999999999913,2419.0983160002493
2.803999999999913,2418.5339434372413
2.8059999999999126,2417.9702476210296
2.8079999999999123,2417.407630891124
2.809999999999912,2416.845833969651
2.811999999999912,2416.2847299008213
2.8139999999999117,2415.723985873729
2.8159999999999115,2415.16331090345
2.8179999999999112,2414.601969643944
2.819999999999911,2414.0400732758435
2.821999999999911,2413.477761147147
2.8239999999999106,2412.9159182508793
2.8259999999999104,2412.3556943101676
2.82799999999991,2411.7969177726154
2.82999999999991,2411.2392449468507
2.8319999999999097,2410.681462592439
2.8339999999999095,2410.123301409986
2.8359999999999093,2409.5650066594294
2.837999999999909,2409.006573898375
2.839999999999909,2408.448270043323
2.8419999999999086,2407.890120629785
2.8439999999999084,2407.3321538392393
2.845999999999908,2406.7743829685805
2.847999999999908,2406.2168128148273
2.8499999999999077,2405.659543855112
2.8519999999999075,2405.099900409517
2.8539999999999073,2404.5376471046047
2.855999999999907,2403.973646514977
2.857999999999907,2403.408801960681
2.8599999999999066,2402.844230769714
2.8619999999999064,2402.280196124804
2.863999999999906,2401.715636005157
2.865999999999906,2401.150588220214
2.8679999999999057,2400.5852337098822
2.8699999999999055,2400.019754679838
2.8719999999999053,2399.454281607119
2.873999999999905,2398.888893699808
2.875999999999905,2398.3236333857903
2.8779999999999046,2397.758520754909
2.8799999999999044,2397.193663652349
2.881999999999904,2396.6275400943064
2.883999999999904,2396.0577366964017
2.8859999999999038,2395.484879016742
2.8879999999999035,2394.9101710854557
2.8899999999999033,2394.3345336587095
2.891999999999903,2393.7586615581017
2.893999999999903,2393.1827282802437
2.8959999999999027,2392.6070451751602
2.8979999999999024,2392.030951181469
2.899999999999902,2391.454431597229
2.901999999999902,2390.8775814053774
2.9039999999999018,2390.3007653531577
2.9059999999999016,2389.724143811768
2.9079999999999013,2389.1493323676127
2.909999999999901,2388.5753564958914
2.911999999999901,2388.002289479807
2.9139999999999007,2387.4302003799467
2.9159999999999004,2386.8588366004883
2.9179999999999002,2386.288181279354
2.9199999999999,2385.717885861235
2.9219999999999,2385.147898258638
2.9239999999998996,2384.578278026635
2.9259999999998993,2384.0088432132807
2.927999999999899,2383.4397262423477
2.929999999999899,2382.870869923063
2.9319999999998987,2382.3023557636575
2.9339999999998985,2381.7313180239844
2.9359999999998982,2381.1579997540975
2.937999999999898,2380.5829933174473
2.939999999999898,2380.007210991375
2.9419999999998976,2379.431100542184
2.9439999999998974,2378.8550062543977
2.945999999999897,2378.278815932099
2.947999999999897,2377.702647500985
2.9499999999998967,2377.1266716558853
2.9519999999998965,2376.5507713409793
2.9539999999998963,2375.975112470172
2.955999999999896,2375.3987085107724
2.957999999999896,2374.8214879368
2.9599999999998956,2374.243760694806
2.9619999999998954,2373.665606505307
2.963999999999895,2373.0871804954854
2.965999999999895,2372.5088227505676
2.9679999999998947,2371.93066462207
2.9699999999998945,2371.352841838786
2.9719999999998943,2370.775192288497
2.973999999999894,2370.197846232548
2.975999999999894,2369.6207404896745
2.9779999999998936,2369.0438515808787
2.9799999999998934,2368.4672654995647
2.981999999999893,2367.890813589482
2.983999999999893,2367.3146331066
2.9859999999998927,2366.7385708801266
2.9879999999998925,2366.1627721312607
2.9899999999998923,2365.588746127442
2.991999999999892,2365.013713592866
2.993999999999892,2364.4362508305185
2.9959999999998916,2363.856710844742
2.9979999999998914,2363.2759758481075
2.999999999999891,2362.6947058832347
3.001999999999891,2362.1125114349466
3.0039999999998908,2361.529454313767
3.0059999999998905,2360.9460385504376
3.0079999999998903,2360.362425127985
3.00999999999989,2359.7789686648443
3.01199999999989,2359.195739510814
3.0139999999998897,2358.611992923005
3.0159999999998894,2358.026657971329
3.017999999999889,2357.4401392048703
3.019999999999889,2356.852834013202
3.0219999999998888,2356.2652056455518
3.0239999999998886,2355.6776344757195
3.0259999999998883,2355.0900767772278
3.027999999999888,2354.501917406082
3.029999999999888,2353.9131995564717
3.0319999999998877,2353.3242258870177
3.0339999999998875,2352.7351213720713
3.0359999999998872,2352.146012226636
3.037999999999887,2351.5571083184464
3.039999999999887,2350.9683232639336
3.0419999999998866,2350.379837504127
3.0439999999998864,2349.7916162903703
3.045999999999886,2349.2037482385367
3.047999999999886,2348.6150377487606
3.0499999999998857,2348.025613300859
3.0519999999998855,2347.4357567760917
3.0539999999998853,2346.8456343105004
3.055999999999885,2346.255591545857
3.057999999999885,2345.665796284946
3.0599999999998846,2345.076136229122
3.0619999999998844,2344.486772908238
3.063999999999884,2343.8975641517377
3.065999999999884,2343.3090830618494
3.0679999999998837,2342.721632106306
3.0699999999998835,2342.135667510108
3.0719999999998833,2341.5519210706816
3.073999999999883,2340.9700180762634
3.075999999999883,2340.389445279319
3.0779999999998826,2339.809690483109
3.0799999999998824,2339.230447160467
3.081999999999882,2338.6515453097204
3.083999999999882,2338.072998776455
3.0859999999998817,2337.4946105349827
3.0879999999998815,2336.9165070688196
3.0899999999998813,2336.3379992617247
3.091999999999881,2335.758911861763
3.093999999999881,2335.1776415423305
3.0959999999998806,2334.592613003704
3.0979999999998804,2334.004436286092
3.09999999999988,2333.414387520571
3.10199999999988,2332.8202274840996
3.1039999999998797,2332.221982908267
3.1059999999998795,2331.620881866197
3.1079999999998793,2331.018390153528
3.109999999999879,2330.415349775665
3.111999999999879,2329.81227245505
3.1139999999998786,2329.209524073887
3.1159999999998784,2328.6075894368155
3.117999999999878,2328.006949447646
3.119999999999878,2327.4072599760884
3.1219999999998778,2326.8083552257767
3.1239999999998775,2326.210008882954
3.1259999999998773,2325.612107777758
3.127999999999877,2325.014593659926
3.129999999999877,2324.4175368747065
3.1319999999998767,2323.8212769686274
3.1339999999998764,2323.2261019080156
3.135999999999876,2322.6317597395987
3.137999999999876,2322.0378169581363
3.139999999999876,2321.4434031977285
3.1419999999998756,2320.848461773432
3.1439999999998753,2320.2532673881196
3.145999999999875,2319.6581466306507
3.147999999999875,2319.0630993894697
3.1499999999998747,2318.4683601529255
3.1519999999998745,2317.873556438512
3.1539999999998742,2317.278137520524
3.155999999999874,2316.6824529084843
3.157999999999874,2316.0866113922566
3.1599999999998736,2315.4909624125157
3.1619999999998734,2314.8955913414984
3.163999999999873,2314.3011125533003
3.165999999999873,2313.7089329280084
3.1679999999998727,2313.1187651837326
3.1699999999998725,2312.5301365894857
3.1719999999998723,2311.9421599681464
3.173999999999872,2311.3521897914543
3.175999999999872,2310.760360382294
3.1779999999998716,2310.167264918306
3.1799999999998714,2309.5735844835276
3.181999999999871,2308.9798731785995
3.183999999999871,2308.3856587779924
3.1859999999998707,2307.790788115958
3.1879999999998705,2307.1955087016795
3.1899999999998703,2306.6005169318423
3.19199999999987,2306.006341697332
3.19399999999987,2305.4130703905753
3.1959999999998696,2304.820550612942
3.1979999999998694,2304.2286720820684
3.199999999999869,2303.6375615212946
3.201999999999869,2303.046848968951
3.2039999999998687,2302.456643976317
3.2059999999998685,2301.8669292020754
3.2079999999998683,2301.277739328636
3.209999999999868,2300.6893110627525
3.211999999999868,2300.099124523474
3.2139999999998676,2299.505859084143
3.2159999999998674,2298.9103965708764
3.217999999999867,2298.314081039593
3.219999999999867,2297.7179107117163
3.2219999999998667,2297.122527916551
3.2239999999998665,2296.528306234383
3.2259999999998663,2295.935551692572
3.227999999999866,2295.344424644612
3.229999999999866,2294.7539200493316
3.2319999999998656,2294.164039696923
3.2339999999998654,2293.575304974322
3.235999999999865,2292.988178161173
3.237999999999865,2292.403057850448
3.2399999999998648,2291.820303209149
3.2419999999998645,2291.240399909958
3.2439999999998643,2290.6639715101614
3.245999999999864,2290.088537037153
3.247999999999864,2289.5153321318116
3.2499999999998637,2288.9473118669216
3.2519999999998634,2288.390793484109
3.2539999999998632,1928.8692352749442
3.255999999999863,1568.4185193708167
3.257999999999863,1287.3917046833578
3.2599999999998626,1090.5092703909195
3.2619999999998623,961.033497339432
3.263999999999862,879.5277439731095
3.265999999999862,829.8089082130467
3.2679999999998617,800.0967463272726
3.2699999999998615,782.4753465710264
3.2719999999998612,771.9134103771817
3.273999999999861,765.3509780132979
3.275999999999861,760.9918609943732
3.2779999999998606,757.8130390431959
3.2799999999998604,755.2485010528408
3.28199999999986,752.9939358193908
3.28399999999986,750.8903805786815
3.2859999999998597,748.8576123489449
3.2879999999998595,746.856006692434
3.2899999999998593,744.8666886537192
3.291999999999859,742.8820078943434
3.293999999999859,740.9001234999844
3.2959999999998586,738.9214358515734
3.2979999999998584,736.9459069125969
3.299999999999858,734.9734978623694
3.301999999999858,733.0034593564774
3.3039999999998577,731.0350895969091
3.3059999999998575,729.0685208850929
3.3079999999998573,727.1040915469998
3.309999999999857,725.1420813559466
3.311999999999857,723.1827911852741
3.3139999999998566,721.2263128367167
3.3159999999998564,719.2729641600382
3.317999999999856,717.3228405620514
3.319999999999856,715.3758643807753
3.3219999999998557,713.4320710435522
3.3239999999998555,711.4914645196484
3.3259999999998553,709.5539432605692
3.327999999999855,707.619447698047
3.329999999999855,705.6870587114167
3.3319999999998546,703.7561751644223
3.3339999999998544,701.8269761648455
3.335999999999854,699.8999217001164
3.337999999999854,697.9762979328827
3.3399999999998538,696.0569265324339
3.3419999999998535,694.1418107769261
3.3439999999998533,692.2298579082482
3.345999999999853,690.3201558418114
3.347999999999853,688.4124737274641
3.3499999999998527,686.5071234798338
3.3519999999998524,684.6041585175169
3.353999999999852,682.7039073628837
3.355999999999852,680.8063188213173
3.3579999999998518,678.9109569544092
3.3599999999998515,677.0172210758144
3.3619999999998513,675.1267007420695
3.363999999999851,673.2397714385079
3.365999999999851,671.3563905868323
3.3679999999998507,669.4763469142712
3.3699999999998504,667.5995695539128
3.3719999999998502,665.725654260088
3.37399999999985,663.8533311569411
3.37599999999985,661.9824953876196
3.3779999999998496,660.1134927209964
3.3799999999998493,658.2466300239342
3.381999999999849,656.3821430851854
3.383999999999849,654.5210364002027
3.3859999999998487,652.6643116733112
3.3879999999998485,650.810613821805
3.3899999999998482,648.9594435558115
3.391999999999848,647.1107518624306
3.393999999999848,645.264487188947
3.3959999999998476,643.4208598266589
3.3979999999998474,641.5799054779342
3.399999999999847,639.7417562002033
3.401999999999847,637.9055459982438
3.4039999999998467,636.0706311071531
3.4059999999998465,634.2371806652836
3.4079999999998463,632.4065421055609
3.409999999999846,630.5797870382057
3.411999999999846,628.7568945190136
3.4139999999998456,626.9376792066266
3.4159999999998454,625.1218291233608
3.417999999999845,623.3078078848807
3.419999999999845,621.4953610619947
3.4219999999998447,619.6846532139731
3.4239999999998445,617.8759915974078
3.4259999999998443,616.0696108671436
3.427999999999844,614.2657750051239
3.429999999999844,612.4645486490699
3.4319999999998436,610.6660115973142
3.4339999999998434,608.8704141392209
3.435999999999843,607.0778309457845
3.437999999999843,605.2881713299631
3.4399999999998427,603.5014649439124
3.4419999999998425,601.717615814252
3.4439999999998423,599.9365662602276
3.445999999999842,598.1582788308605
3.447999999999842,596.3814183673755
3.4499999999998416,594.6058231748318
3.4519999999998414,592.8318416452867
3.453999999999841,591.0597054225618
3.455999999999841,589.2900775142758
3.4579999999998408,587.5245854969256
3.4599999999998405,585.7632050216619
3.4619999999998403,584.0054502428511
3.46399999999984,582.2498263091212
3.46599999999984,580.4961154616947
3.4679999999998397,578.7444580264128
3.4699999999998394,576.994931100925
3.471999999999839,575.2477319670277
3.473999999999839,573.5030959327827
3.4759999999998388,571.7609723622272
3.4779999999998386,570.0208966097274
3.4799999999998383,568.282023341148
3.481999999999838,566.5457131619404
3.483999999999838,564.8128389128829
3.4859999999998377,563.0834651880805
3.4879999999998375,561.3575029934527
3.4899999999998372,559.6347308307465
3.491999999999837,557.9150849556507
3.493999999999837,556.1975466103518
3.4959999999998366,554.4814280255458
3.4979999999998364,552.7667485260857
3.499999999999836,551.0538848762833
3.501999999999836,549.3431414476082
3.5039999999998357,547.6348430959843
3.5059999999998355,545.9290051540083
3.5079999999998353,544.2274187654895
3.509999999999835,542.5293149140794
3.511999999999835,540.8339509744737
3.5139999999998346,539.1410622709183
3.5159999999998344,537.4506853586574
3.517999999999834,535.7627927209937
3.519999999999834,534.0775959256871
3.5219999999998337,532.3950208820972
3.5239999999998335,530.7152097939977
3.5259999999998333,529.0375001263944
3.527999999999833,527.361153874279
3.529999999999833,525.6863686225372
3.5319999999998326,524.0134544242551
3.5339999999998324,522.3443032083841
3.535999999999832,520.6794481372074
3.537999999999832,519.0185762132096
3.5399999999998317,517.3614846697337
3.5419999999998315,515.7072787096477
3.5439999999998313,514.0548697638654
3.545999999999831,512.4043730954146
3.547999999999831,510.7560383838056
3.5499999999998306,509.11003750797767
3.5519999999998304,507.4666268619942
3.55399999999983,505.8259871712819
3.55599999999983,504.1882458909427
3.5579999999998297,502.5531968257118
3.5599999999998295,500.92117283909903
3.5619999999998293,499.292548220975
3.563999999999829,497.66735501640403
3.565999999999829,496.04566322488824
3.5679999999998286,494.4273057207462
3.5699999999998284,492.81237228934316
3.571999999999828,491.20082167043415
3.573999999999828,489.59264509937447
3.5759999999998278,487.9866659656927
3.5779999999998275,486.3825962489136
3.5799999999998273,484.7807196806121
3.581999999999827,483.1813527489334
3.583999999999827,481.5848618328263
3.5859999999998267,479.99215842059596
3.5879999999998264,478.4043110387363
3.589999999999826,476.82158396264464
3.591999999999826,475.24299685050767
3.593999999999826,473.6675535890709
3.5959999999998256,472.0951359566004
3.5979999999998253,470.52584576440574
3.599999999999825,468.95984734575876
3.601999999999825,467.3973906237649
3.6039999999998247,465.83866948628685
3.6059999999998245,464.2838345382125
3.6079999999998242,462.73300575038286
3.609999999999824,461.18502091582536
3.611999999999824,459.6398195710687
3.6139999999998236,458.098611548774
3.6159999999998234,456.56244791266624
3.617999999999823,455.03161208846353
3.619999999999823,453.50598234645656
3.6219999999998227,451.9854322010342
3.6239999999998225,450.46987517024365
3.6259999999998223,448.95891926115684
3.627999999999822,447.45155913822646
3.629999999999822,445.9478945195645
3.6319999999998216,444.4481518856847
3.6339999999998214,442.95275527893585
3.635999999999821,441.4619803684844
3.637999999999821,439.9761271869195
3.6399999999998207,438.4954309333055
3.6419999999998205,437.0208121189838
3.6439999999998203,435.5525008069277
3.64599999999982,434.08991044404826
3.64799999999982,432.6328342779702
3.6499999999998196,431.1813912870677
3.6519999999998194,429.7357565638058
3.653999999999819,428.295996484218
3.655999999999819,426.8622836778485
3.6579999999998187,425.43470870313695
3.6599999999998185,424.013423820846
3.6619999999998183,422.5976930457396
3.663999999999818,421.18722761109467
3.665999999999818,419.7822411542269
3.6679999999998176,418.3831158683423
3.6699999999998174,416.99047659347275
3.671999999999817,415.60571811435915
3.673999999999817,414.2291948961406
3.6759999999998167,412.86079810562285
3.6779999999998165,411.5003974589187
3.6799999999998163,410.14694287460975
3.681999999999816,408.79996429807767
3.683999999999816,407.45952711231877
3.6859999999998156,406.1258844890152
3.6879999999998154,404.7992960293195
3.689999999999815,403.4800092047806
3.691999999999815,402.16818614018564
3.6939999999998148,400.863928736301
3.6959999999998145,399.5673410271561
3.6979999999998143,398.27776424968886
3.699999999999814,396.9953478789407
3.701999999999814,395.72087857668777
3.7039999999998137,394.45460424137985
3.7059999999998134,393.1965206837679
3.7079999999998132,391.9465353440262
3.709999999999813,390.70449407367914
3.711999999999813,389.4702362708512
3.7139999999998126,388.24363651539807
3.7159999999998123,387.0241303924701
3.717999999999812,385.8109733061913
3.719999999999812,384.60404710409074
3.7219999999998117,383.40345793544674
3.7239999999998115,382.2093235816131
3.7259999999998112,381.02169812873353
3.727999999999811,379.8405746651389
3.729999999999811,378.6662055325353
3.7319999999998106,377.49924921369706
3.7339999999998104,376.33944103707984
3.73599999999981,375.1857709431796
3.73799999999981,374.0376005933083
3.7399999999998097,372.89470893878104
3.7419999999998095,371.7569178106453
3.7439999999998093,370.6240982558797
3.745999999999809,369.49609739280527
3.747999999999809,368.3727710779364
3.7499999999998086,367.2539510241616
3.7519999999998084,366.13941116206826
3.753999999999808,365.02823899152577
3.755999999999808,363.9198750317076
3.7579999999998077,362.8141506933657
3.7599999999998075,361.7111449076178
3.7619999999998073,360.61146301505016
3.763999999999807,359.5155629644007
3.765999999999807,358.42338294247946
3.7679999999998066,357.33456219123843
3.7699999999998064,356.2486878484643
3.771999999999806,355.16516643942896
3.773999999999806,354.0829722555707
3.7759999999998057,353.001780044309
3.7779999999998055,351.9215120653321
3.7799999999998053,350.842222601255
3.781999999999805,349.76393936685787
3.783999999999805,348.686688629401
3.7859999999998046,347.61042092247317
3.7879999999998044,346.5351320577018
3.789999999999804,345.46073028998825
3.791999999999804,348.88163017082945
3.7939999999998038,348.8622520781681
3.7959999999998035,348.473317010765
3.7979999999998033,347.8581470210091
3.799999999999803,347.10770457258315
3.801999999999803,346.2781411001785
3.8039999999998027,345.4033613476974
3.8059999999998024,344.5034888341692
3.807999999999802,343.5902176533296
3.809999999999802,342.6703254417317
3.8119999999998018,341.74687881749713
3.8139999999998015,340.82175592134746
3.8159999999998013,339.89622449902976
3.817999999999801,338.9711321239222
3.819999999999801,338.0470132463932
3.8219999999998007,337.1241950853958
3.8239999999998004,336.20287255600334
3.8259999999998002,335.2831583245321
3.8279999999998,334.365273684594
3.8299999999998,333.45003552032784
3.8319999999997996,332.5367993883401
3.8339999999997993,331.6251568425985
3.835999999999799,330.7150040006937
3.837999999999799,329.8064092975544
3.8399999999997987,328.89934163240935
3.8419999999997985,327.9938959353669
3.8439999999997982,327.0900773478964
3.845999999999798,326.1879068876781
3.847999999999798,325.28739684641664
3.8499999999997976,324.3885519678297
3.8519999999997974,323.4906488954348
3.853999999999797,322.59348007622435
3.855999999999797,321.69711461797465
3.8579999999997967,320.80177944433217
3.8599999999997965,319.9076525347895
3.8619999999997963,319.01488723802066
3.863999999999796,318.12442485777467
3.865999999999796,317.2365463369115
3.8679999999997956,316.3511571851794
3.8699999999997954,315.4680484111911
3.871999999999795,314.58644589112896
3.873999999999795,313.7058100650683
3.8759999999997947,312.82609184207735
3.8779999999997945,311.9474067623008
3.8799999999997943,311.06991711059095
3.881999999999794,310.1937062558972
3.883999999999794,309.31892398390823
3.8859999999997936,308.4456062399648
3.8879999999997934,307.57379246999295
3.889999999999793,306.7035048373621
3.891999999999793,305.8344974730279
3.8939999999997927,304.9661793685444
3.8959999999997925,304.0984407384498
3.8979999999997923,303.2317456703994
3.899999999999792,302.3669330521185
3.901999999999792,301.5043471136882
3.9039999999997916,300.6438969320055
3.9059999999997914,299.7854438945968
3.907999999999791,298.928832858006
3.909999999999791,298.07391732798476
3.9119999999997908,297.22066360166195
3.9139999999997905,296.3683251733649
3.9159999999997903,295.5165379728932
3.91799999999979,294.665419623408
3.91999999999979,293.8151577239728
3.9219999999997897,292.9659253865475
3.9239999999997894,292.11790093954363
3.925999999999789,291.2711357931035
3.927999999999789,290.4257505868899
3.9299999999997888,289.5817578766686
3.9319999999997886,288.73918032448967
3.9339999999997883,287.8979975714465
3.935999999999788,287.05829099254566
3.937999999999788,286.22011287586975
3.9399999999997877,285.38344772980173
3.9419999999997875,284.5482956112548
3.9439999999997872,283.714578689929
3.945999999999787,282.8823302662451
3.947999999999787,282.0514807475279
3.9499999999997866,281.22207119015013
3.9519999999997864,280.3940638463397
3.953999999999786,279.56747652711056
3.955999999999786,278.7419421510047
3.9579999999997857,277.91691792571316
3.9599999999997855,277.0923338658571
3.9619999999997852,276.2683745889357
3.963999999999785,275.4452665688167
3.965999999999785,274.62316586368945
3.9679999999997846,273.8022281751174
3.9699999999997844,272.982485532673
3.971999999999784,272.16448549938417
3.973999999999784,271.34878378408683
3.9759999999997837,270.5353907945031
3.9779999999997835,269.7237816167404
3.9799999999997833,268.9131206537166
3.981999999999783,268.1032402495475
3.983999999999783,267.29414007430654
3.9859999999997826,266.4860098007189
3.9879999999997824,265.6788934610116
3.989999999999782,264.87293724525324
3.991999999999782,264.06817644782785
3.9939999999997817,263.26465043944336
3.9959999999997815,262.46240782348804
3.9979999999997813,261.6614334114436
3.999999999999781,260.86148972913475
4.001999999999781,260.061943718736
4.003999999999781,259.2627340626037
4.005999999999781,258.46402357354214
4.007999999999781,257.666022907676
4.00999999999978,256.86931128257527
4.01199999999978,256.07460571959814
4.01399999999978,255.28206913682516
4.01599999999978,254.4914872741519
4.0179999999997795,253.70271620957465
4.019999999999779,252.91551700847344
4.021999999999779,252.12977961141462
4.023999999999779,251.34462663987898
4.025999999999779,250.55975707714225
4.027999999999778,249.77530875967767
4.029999999999778,248.99150302256157
4.031999999999778,248.2085443110018
4.033999999999778,247.4265561944165
4.0359999999997775,246.64562606784324
4.037999999999777,245.86584089782747
4.039999999999777,245.08721059407384
4.041999999999777,244.30975530304636
4.043999999999777,243.53348489401645
4.045999999999776,242.75798168419817
4.047999999999776,241.98275207347086
4.049999999999776,241.2084850811293
4.051999999999776,240.43575623117619
4.053999999999776,239.66466480234493
4.055999999999775,238.89512552520807
4.057999999999775,238.12704867840176
4.059999999999775,237.36035933076545
4.061999999999775,236.59495705468856
4.0639999999997745,235.83079017113607
4.065999999999774,235.06782404714937
4.067999999999774,234.30606123844552
4.069999999999774,233.54470904870863
4.071999999999774,232.78353209723417
4.073999999999773,232.0226447998923
4.075999999999773,231.26224396185359
4.077999999999773,230.50257201985983
4.079999999999773,229.74378829241635
4.0819999999997725,228.98594934037885
4.083999999999772,228.2291726889896
4.085999999999772,227.4734727497642
4.087999999999772,226.71889662354698
4.089999999999772,225.96599888308543
4.091999999999771,225.21528479633128
4.093999999999771,224.46576705047676
4.095999999999771,223.71708226371084
4.097999999999771,222.96920169351927
4.0999999999997705,222.2221439252499
4.10199999999977,221.47601478495557
4.10399999999977,220.73085564860628
4.10599999999977,219.98671297886585
4.10799999999977,219.2436408144988
4.109999999999769,218.50163178415528
4.111999999999769,217.76069514682877
4.113999999999769,217.02085889984875
4.115999999999769,216.2820750022829
4.1179999999997685,215.5435298044718
4.119999999999768,214.8050283435747
4.121999999999768,214.06674057970577
4.123999999999768,213.32892876019548
4.125999999999768,212.5918086089037
4.127999999999767,211.855509647168
4.129999999999767,211.1201321564708
4.131999999999767,210.38660449181583
4.133999999999767,209.65522838019353
4.1359999999997665,208.9258118941454
4.137999999999766,208.19813022711577
4.139999999999766,207.47194706103198
4.141999999999766,206.74640093653528
4.143999999999766,206.02106239450075
4.145999999999765,205.2959681707042
4.147999999999765,204.5713090429615
4.149999999999765,203.84728841100883
4.151999999999765,203.1240364855309
4.1539999999997645,202.40168097300335
4.155999999999764,201.68024060524868
4.157999999999764,200.95982463913163
4.159999999999764,200.24038473462878
4.161999999999764,199.52197866526114
4.1639999999997634,198.80458813840988
4.165999999999763,198.08791999985345
4.167999999999763,197.37132841033497
4.169999999999763,196.65475469093155
4.171999999999763,195.93842393549153
4.173999999999762,195.22316328562692
4.175999999999762,194.50965499786793
4.177999999999762,193.79796217198566
4.179999999999762,193.08793900562569
4.1819999999997615,192.37935355637956
4.183999999999761,191.67208396860855
4.185999999999761,190.9659900138056
4.187999999999761,190.2610169588026
4.189999999999761,189.55709357313526
4.19199999999976,188.85354326075793
4.19399999999976,188.14997365749662
4.19599999999976,187.44647945059313
4.19799999999976,186.7433205752377
4.1999999999997595,186.04068663406946
4.201999999999759,185.33874994116707
4.203999999999759,184.63764783988233
4.205999999999759,183.93745200205655
4.207999999999759,183.2381824117681
4.209999999999758,182.53986179649672
4.211999999999758,181.84250183375372
4.213999999999758,181.14634323175687
4.215999999999758,180.45164722814798
4.2179999999997575,179.75759469755712
4.219999999999757,179.06388303033413
4.221999999999757,178.37106311307832
4.223999999999757,177.67931002474631
4.225999999999757,176.9887090557835
4.227999999999756,176.2992037578009
4.229999999999756,175.61075053374333
4.231999999999756,174.9233345579434
4.233999999999756,174.23690794214855
4.2359999999997555,173.5514523931477
4.237999999999755,172.8669556279396
4.239999999999755,172.18345258158467
4.241999999999755,171.50087418855634
4.243999999999755,170.81849865697512
4.245999999999754,170.13603304135785
4.247999999999754,169.45357735086372
4.249999999999754,168.77140645409503
4.251999999999754,168.08975706327323
4.2539999999997535,167.4087994505249
4.255999999999753,166.72885554140942
4.257999999999753,166.0503123330128
4.259999999999753,165.37315652832177
4.261999999999753,164.69729134864917
4.263999999999752,164.02261797732262
4.265999999999752,163.3490020916388
4.267999999999752,162.67642023263886
4.269999999999752,162.0048416609294
4.2719999999997516,161.3337815758967
4.273999999999751,160.66317660340468
4.275999999999751,159.99311317208867
4.277999999999751,159.32371436899808
4.279999999999751,158.655058051354
4.2819999999997505,157.98723181309464
4.28399999999975,157.32025820251408
4.28599999999975,156.65418205057796
4.28799999999975,155.98897680340167
4.28999999999975,155.32470914796738
4.291999999999749,154.66134256968462
4.293999999999749,153.9988767618554
4.295999999999749,153.3373107054697
4.297999999999749,152.67572739785624
4.2999999999997485,152.01429388962652
4.301999999999748,151.3534575329532
4.303999999999748,150.69341935315856
4.305999999999748,150.0342584562959
4.307999999999748,149.37600042088718
4.309999999999747,148.71866931608594
4.311999999999747,148.06224299578196
4.313999999999747,147.4067357094234
4.315999999999747,146.75212353480185
4.3179999999997465,146.09842156916523
4.319999999999746,145.44610280305199
4.321999999999746,144.79527386580833
4.323999999999746,144.1456354330515
4.325999999999746,143.49618453177555
4.327999999999745,142.84675315667698
4.329999999999745,142.197512838105
4.331999999999745,141.54867232054556
4.333999999999745,140.9003952796046
4.3359999999997445,140.252826012178
4.337999999999744,139.60602566645463
4.339999999999744,138.96005998485998
4.341999999999744,138.31493696083925
4.343999999999744,137.67072657309808
4.345999999999743,137.02795104167268
4.347999999999743,136.38663250344712
4.349999999999743,135.74662144455863
4.351999999999743,135.1076670965415
4.3539999999997425,134.46872764776572
4.355999999999742,133.82971490799446
4.357999999999742,133.19080039349518
4.359999999999742,132.55223523243973
4.361999999999742,131.91421711062213
4.363999999999741,131.2768622409166
4.365999999999741,130.64027243391973
4.367999999999741,130.00447934292015
4.369999999999741,129.36959288992375
4.3719999999997405,128.736087393424
4.37399999999974,128.10400107339547
4.37599999999974,127.47320737723891
4.37799999999974,126.84355642843917
4.37999999999974,126.21493263375373
4.381999999999739,125.58637904383505
4.383999999999739,124.95767599858567
4.385999999999739,124.32881465919763
4.387999999999739,123.7002332130628
4.3899999999997386,123.0721055799001
4.391999999999738,122.44497390221102
4.393999999999738,121.81918850617637
4.395999999999738,121.19470897091406
4.397999999999738,120.57142027037565
4.3999999999997375,119.94921515731227
4.401999999999737,119.32798428765756
4.403999999999737,118.70766526227976
4.405999999999737,118.08823672172781
4.407999999999737,117.46965889071981
4.409999999999736,116.85163726795128
4.411999999999736,116.23337329023633
4.413999999999736,115.61491469773665
4.415999999999736,114.99648209293599
4.4179999999997355,114.37838474386018
4.419999999999735,113.76085146813466
4.421999999999735,113.1438929672342
4.423999999999735,112.52791242324531
4.425999999999735,111.91327797021518
4.427999999999734,111.29995244520148
4.429999999999734,110.68779831256029
4.431999999999734,110.07673513164502
4.433999999999734,109.46661834735505
4.4359999999997335,108.85741587874969
4.437999999999733,108.24908901492506
4.439999999999733,107.64125168145637
4.441999999999733,107.03377228796086
4.443999999999733,106.42668843338976
4.445999999999732,105.8201581086746
4.447999999999732,105.21425512801926
4.449999999999732,104.6090679668709
4.451999999999732,104.00462662132975
4.4539999999997315,103.40097328317393
4.455999999999731,102.79810676057781
4.457999999999731,102.1960499868257
4.459999999999731,101.59479039755013
4.461999999999731,100.99434431667208
4.46399999999973,100.39471186352239
4.46599999999973,99.79587628767564
4.46799999999973,99.19785141681405
4.46999999999973,98.60026649764444
4.4719999999997295,98.00238657023783
4.473999999999729,97.40424040192914
4.475999999999729,96.80614414525252
4.477999999999729,96.20833309281983
4.479999999999729,95.61148632470179
4.481999999999728,95.0157992549602
4.483999999999728,94.42127222027437
4.485999999999728,93.82778938402492
4.487999999999728,93.23525867888105
4.4899999999997275,92.64361518911886
4.491999999999727,92.05347912440368
4.493999999999727,91.46482707635505
4.495999999999727,90.8774942887236
4.497999999999727,90.2912906661852
4.499999999999726,89.70608956357461
4.501999999999726,89.1207978934766
4.503999999999726,88.53520918291395
4.505999999999726,87.9495212587712
4.507999999999726,87.3640391651249
4.509999999999725,86.77897847785755
4.511999999999725,86.19449392014405
4.513999999999725,85.61066598427874
4.515999999999725,85.02756391382093
4.5179999999997245,84.44520348169448
4.519999999999724,83.86361441102088
4.521999999999724,83.28278987476762
4.523999999999724,82.70276160800688
4.525999999999724,82.12348767380956
4.527999999999723,81.54499490859575
4.529999999999723,80.96728307693007
4.531999999999723,80.3901636359434
4.533999999999723,79.8126751911717
4.5359999999997225,79.23502244292035
4.537999999999722,78.65784232231283
4.539999999999722,78.08137243639345
4.541999999999722,77.50571821220001
4.543999999999722,76.93135903943482
4.545999999999721,76.35849866160919
4.547999999999721,75.78702602254731
4.549999999999721,75.21675256358373
4.551999999999721,74.64748559130811
4.5539999999997205,74.07913854579198
4.55599999999972,73.5116414449119
4.55799999999972,72.94493857061252
4.55999999999972,72.37901900304956
4.56199999999972,71.81386973203189
4.563999999999719,71.24934870337597
4.565999999999719,70.68443620550448
4.567999999999719,70.11914325742168
4.569999999999719,69.55375963492924
4.5719999999997185,68.98856451092104
4.573999999999718,68.42380886104786
4.575999999999718,67.85962563113651
4.577999999999718,67.29608766694514
4.579999999999718,66.7332429205502
4.581999999999717,66.17114402104215
4.583999999999717,65.60977848468332
4.585999999999717,65.04915113195813
4.587999999999717,64.48927705025659
4.5899999999997165,63.93015716400453
4.591999999999716,63.371777734718876
4.593999999999716,62.8141501366278
4.595999999999716,62.25765378799218
4.597999999999716,61.70180365513477
4.599999999999715,61.14665840446878
4.601999999999715,60.59225897018882
4.603999999999715,60.038619690770474
4.605999999999715,59.48571359417127
4.6079999999997145,58.93353780757826
4.609999999999714,58.38210257403284
4.611999999999714,57.831413518651175
4.613999999999714,57.28146679398719
4.615999999999714,56.732246760179635
4.6179999999997134,56.18376306231448
4.619999999999713,55.63600170123732
4.621999999999713,55.08897317674223
4.623999999999713,54.542676472352355
4.625999999999713,53.99709780794706
4.627999999999712,53.45224761245777
4.629999999999712,52.90812496642695
4.631999999999712,52.36358612918434
4.633999999999712,51.81856961924723
4.6359999999997115,51.27339687742017
4.637999999999711,50.72836673105803
4.639999999999711,50.18370434575559
4.641999999999711,49.63958751862765
4.643999999999711,49.096084403599775
4.64599999999971,48.55325773493547
4.64799999999971,48.01112269826979
4.64999999999971,47.46970444900745
4.65199999999971,46.92900968825762
4.6539999999997095,46.389028664261446
4.655999999999709,45.85038788550395
4.657999999999709,45.313718715329856
4.659999999999709,44.7788830434817
4.661999999999709,44.2455302698105
4.663999999999708,43.713370214992665
4.665999999999708,43.181162542188645
4.667999999999708,42.64862855791995
4.669999999999708,42.11595365454218
4.6719999999997075,41.58341034449177
4.673999999999707,41.05122413381196
4.675999999999707,40.519546173188985
4.677999999999707,39.98846832270516
4.679999999999707,39.458031088527775
4.681999999999706,38.92827335081108
4.683999999999706,38.39920968856268
4.685999999999706,37.87083509047784
4.687999999999706,37.343162984690935
4.6899999999997055,36.81619419178145
4.691999999999705,36.28992837219175
4.693999999999705,35.76435321550724
4.695999999999705,35.239466668273565
4.697999999999705,34.71528989934876
4.699999999999704,34.191328116324826
4.701999999999704,33.666849400079116
4.703999999999704,33.141992099860886
4.705999999999704,32.61707040129562
4.7079999999997035,32.09236579622984
4.709999999999703,31.5680708066306
4.711999999999703,31.044334019829307
4.713999999999703,30.521208097895794
4.715999999999703,29.998743451450764
4.717999999999702,29.478161955551627
4.719999999999702,28.959549705307154
4.721999999999702,28.44258683489204
4.723999999999702,27.926934004052498
4.7259999999997016,27.412331996424257
4.727999999999701,26.898623558180248
4.729999999999701,26.385708922649258
4.731999999999701,25.873520574915233
4.733999999999701,25.362037117425473
4.7359999999997004,24.85060884792199
4.7379999999997,24.338638891434073
4.7399999999997,23.826297788825855
4.7419999999997,23.313900826928545
4.7439999999997,22.80174054847447
4.745999999999699,22.29000035515162
4.747999999999699,21.77878818358647
4.749999999999699,21.2681817150916
4.751999999999699,20.758218105598985
4.7539999999996985,20.24891624051952
4.755999999999698,19.74027460503163
4.757999999999698,19.232306545402253
4.759999999999698,18.72501349663031
4.761999999999698,18.218385050683196
4.763999999999697,17.712430017096892
4.765999999999697,17.207147662006605
4.767999999999697,16.702537001978897
4.769999999999697,16.198586591986555
4.7719999999996965,15.695004162221153
4.773999999999696,15.190856011849746
4.775999999999696,14.686233319028986
4.777999999999696,14.181452677911238
4.779999999999696,13.677086922880449
4.781999999999695,13.174385727927756
4.783999999999695,12.673423207787323
4.785999999999695,12.17391922694469
4.787999999999695,11.675599831094587
4.7899999999996945,11.178240221534168
4.791999999999694,10.68170125136345
4.793999999999694,10.18591998190351
4.795999999999694,9.690831470453475
4.797999999999694,9.19640943335861
4.799999999999693,8.702659352248247
4.801999999999693,8.209555610539326
4.803999999999693,7.717103027617384
4.805999999999693,7.225299056300571
4.8079999999996925,6.734132518221372
4.809999999999692,6.242943215610524
4.811999999999692,5.7511629734822804
4.813999999999692,5.258963354662114
4.815999999999692,4.766698578913804
4.817999999999691,4.274627142649706
4.819999999999691,3.7829599451737295
4.821999999999691,3.291796944268981
4.823999999999691,2.801213499848018
4.8259999999996905,2.3112457313652612
4.82799999999969,1.8219119597409303
4.82999999999969,1.3332114000502315
4.83199999999969,0.8451561099938658
4.83399999999969,0.35774741413820266
4.835999999999689,-0.1290240428747893
4.837999999999689,-0.6151412504145242
4.839999999999689,-1.100622737492472
4.841999999999689,-1.58547041392643
4.8439999999996886,-2.069667796364172
4.845999999999688,-2.5530547691849392
4.847999999999688,-3.0349698376230663
4.849999999999688,-3.5162367078934267
4.851999999999688,-3.997076575715994
4.8539999999996875,-4.477482880234561
4.855999999999687,-4.957414710460171
4.857999999999687,-5.436809182553645
4.859999999999687,-5.915603476494368
4.861999999999687,-6.3938269909747305
4.863999999999686,-6.871456033072718
4.865999999999686,-7.3484470575752425
4.867999999999686,-7.824817861231509
4.869999999999686,-8.300561998263788
4.8719999999996855,-8.775689117948787
4.873999999999685,-9.250183857596255
4.875999999999685,-9.724063552843745
4.877999999999685,-10.197321641070403
4.879999999999685,-10.66995918455035
4.881999999999684,-11.141985695266897
4.883999999999684,-11.613385998414344
4.885999999999684,-12.084177247351079
4.887999999999684,-12.555331485320892
4.8899999999996835,-13.027127752228239
4.891999999999683,-13.499291971164666
4.893999999999683,-13.971484608053402
4.895999999999683,-14.443447345873778
4.897999999999683,-14.915006845391531
4.899999999999682,-15.386068415062766
4.901999999999682,-15.85656704717087
4.903999999999682,-16.326464163295043
4.905999999999682,-16.795768661765635
4.9079999999996815,-17.264450819793467
4.909999999999681,-17.732515121082884
4.911999999999681,-18.199969113056284
4.913999999999681,-18.66680588438396
4.915999999999681,-19.132118754117982
4.91799999999968,-19.59549452091744
4.91999999999968,-20.057173138335486
4.92199999999968,-20.517534397680436
4.92399999999968,-20.976865101774024
4.9259999999996795,-21.43534400385954
4.927999999999679,-21.89395831067924
4.929999999999679,-22.353175763500758
4.931999999999679,-22.81279358412388
4.933999999999679,-23.27248442214733
4.935999999999678,-23.731986163719057
4.937999999999678,-24.19111961224212
4.939999999999678,-24.649776948571798
4.941999999999678,-25.107897637995222
4.9439999999996775,-25.565457328840694
4.945999999999677,-26.022425422629
4.947999999999677,-26.478808966694032
4.949999999999677,-26.934598124691206
4.951999999999677,-27.389799558785796
4.953999999999676,-27.844399083131066
4.955999999999676,-28.298411629702684
4.957999999999676,-28.751824011611973
4.959999999999676,-29.204651434210632
4.961999999999676,-29.65689570944062
4.963999999999675,-30.1085435814922
4.965999999999675,-30.559602820202088
4.967999999999675,-31.01014550014287
4.969999999999675,-31.461386142246113
4.9719999999996745,-31.913302516772603
4.973999999999674,-32.36552480255642
4.975999999999674,-32.817716828498135
4.977999999999674,-33.269651224137704
4.979999999999674,-33.72116438895256
4.981999999999673,-34.1721836035282
4.983999999999673,-34.62265562536703
4.985999999999673,-35.07207947699089
4.987999999999673,-35.5200403984453
4.9899999999996725,-35.9666203422359
4.991999999999672,-36.41163657678794
4.993999999999672,-36.85531108273341
4.995999999999672,-37.297922490186295
4.997999999999672,-37.73966403554715
4.999999999999671,-38.18066895868293
5.001999999999671,-38.62101647261841
5.003999999999671,-39.06075798233405
5.005999999999671,-39.49991123508181
5.0079999999996705,-39.93848233441952
5.00999999999967,-40.37649091202741
5.01199999999967,-40.8151054145502
5.01399999999967,-41.254435905723994
5.01599999999967,-41.694154460442235
5.017999999999669,-42.13392159424882
5.019999999999669,-42.573473490010485
5.021999999999669,-43.01265953089546
5.023999999999669,-43.45137236457566
5.0259999999996685,-43.88957258328509
5.027999999999668,-44.327227376141934
5.029999999999668,-44.764323742785564
5.031999999999668,-45.20085585896561
5.033999999999668,-45.63682786869947
5.035999999999667,-46.07222723113745
5.037999999999667,-46.507066485844234
5.039999999999667,-46.941340639963585
5.041999999999667,-47.37504440226559
5.0439999999996665,-47.80819709687853
5.045999999999666,-48.240782027842556
5.047999999999666,-48.672805944397794
5.049999999999666,-49.10427602817259
5.051999999999666,-49.53518153472828
5.053999999999665,-49.965776224591934
5.055999999999665,-50.39712301201945
5.057999999999665,-50.82876671659204
5.059999999999665,-51.25979311159989
5.0619999999996645,-51.68998575721861
5.063999999999664,-52.11937353202126
5.065999999999664,-52.548028401606075
5.067999999999664,-52.97602453382126
5.069999999999664,-53.403403665772885
5.0719999999996634,-53.83002354876356
5.073999999999663,-54.255619350026734
5.075999999999663,-54.680256322585194
5.077999999999663,-55.10406836386136
5.079999999999663,-55.527162060843466
5.081999999999662,-55.94961363779464
5.083999999999662,-56.371475370617645
5.085999999999662,-56.79276306574013
5.087999999999662,-57.21350255577295
5.0899999999996615,-57.633696667365996
5.091999999999661,-58.053349931687706
5.093999999999661,-58.47246509612012
5.095999999999661,-58.8910439780895
5.097999999999661,-59.309087980148945
5.09999999999966,-59.72776489531458
5.10199999999966,-60.14720670110279
5.10399999999966,-60.567083185563774
5.10599999999966,-60.987042175849695
5.1079999999996595,-61.40683225166987
5.109999999999659,-61.82627700230813
5.111999999999659,-62.24528510708069
5.113999999999659,-62.663803995323576
5.115999999999659,-63.08181164395245
5.117999999999658,-63.49928467733952
5.119999999999658,-63.9162273316382
5.121999999999658,-64.33263248178082
5.123999999999658,-64.74849960323536
5.1259999999996575,-65.16382929430915
5.127999999999657,-65.57862234904337
5.129999999999657,-65.99287967366604
5.131999999999657,-66.40660730492931
5.133999999999657,-66.81935503517184
5.135999999999656,-67.23064400333152
5.137999999999656,-67.64061325844887
5.139999999999656,-68.04951934411253
5.141999999999656,-68.45757380919343
5.1439999999996555,-68.86492717542683
5.145999999999655,-69.2729065086977
5.147999999999655,-69.68159059744028
5.149999999999655,-70.09066164464485
5.151999999999655,-70.49977973570839
5.153999999999654,-70.90871645291247
5.155999999999654,-71.31731436356802
5.157999999999654,-71.72521854134135
5.159999999999654,-72.13222009580477
5.1619999999996535,-72.53837234710767
5.163999999999653,-72.94377825850279
5.165999999999653,-73.34852772364417
5.167999999999653,-73.75268620639662
5.169999999999653,-74.15628638449647
5.171999999999652,-74.55934973870262
5.173999999999652,-74.96188836375438
5.175999999999652,-75.36390894899768
5.177999999999652,-75.7654152640792
5.1799999999996515,-76.16640968360485
5.181999999999651,-76.56689378723468
5.183999999999651,-76.96686889707837
5.185999999999651,-77.36634031047231
5.187999999999651,-77.76530051731112
5.1899999999996504,-78.16375911686686
5.19199999999965,-78.56221005542687
5.19399999999965,-78.96149559376323
5.19599999999965,-79.36144611681692
5.19799999999965,-79.76169073704602
5.199999999999649,-80.16191965816347
5.201999999999649,-80.56191708846922
5.203999999999649,-80.9615522835968
5.205999999999649,-81.36075149363961
5.2079999999996485,-81.75947560911453
5.209999999999648,-82.15770489393674
5.211999999999648,-82.55543019386516
5.213999999999648,-82.95215612140481
5.215999999999648,-83.34741183511926
5.217999999999647,-83.74134221087286
5.219999999999647,-84.13421805064127
5.221999999999647,-84.52626128231663
5.223999999999647,-84.91761696897981
5.2259999999996465,-85.30837549120452
5.227999999999646,-85.69858823954536
5.229999999999646,-86.08828305387487
5.231999999999646,-86.47747495622508
5.233999999999646,-86.86617161518808
5.235999999999645,-87.2543774116723
5.237999999999645,-87.64209469006772
5.239999999999645,-88.02946388683307
5.241999999999645,-88.4176662815409
5.2439999999996445,-88.80663465781316
5.245999999999644,-89.19600087265434
5.247999999999644,-89.5851523535564
5.249999999999644,-89.97372493401929
5.251999999999644,-90.36164800825316
5.253999999999643,-90.74895373116891
5.255999999999643,-91.13567829991831
5.257999999999643,-91.52186371353491
5.259999999999643,-91.90753279787833
5.2619999999996425,-92.2926934120415
5.263999999999642,-92.67735778475111
5.265999999999642,-93.06153098255749
5.267999999999642,-93.44521588503102
5.269999999999642,-93.82841762004637
5.271999999999641,-94.21113099983512
5.273999999999641,-94.59336089501954
5.275999999999641,-94.97511133903413
5.277999999999641,-95.35637670784854
5.2799999999996405,-95.73716463952104
5.28199999999964,-96.1174695061826
5.28399999999964,-96.49729882117651
5.28599999999964,-96.8766470893421
5.28799999999964,-97.25552161228188
5.289999999999639,-97.63406273044296
5.291999999999639,-98.01348925637876
5.293999999999639,-98.39372852549656
5.295999999999639,-98.77439791516406
5.2979999999996386,-99.15515362722215
5.299999999999638,-99.5357490302892
5.301999999999638,-99.91603985472887
5.303999999999638,-100.29593446549859
5.305999999999638,-100.6753928384968
5.3079999999996375,-101.05438558591186
5.309999999999637,-101.43290738018447
5.311999999999637,-101.81094753078548
5.313999999999637,-102.18851006582827
5.315999999999637,-102.56558900720819
5.317999999999636,-102.94219051470822
5.319999999999636,-103.31831213006973
5.321999999999636,-103.69395496423272
5.323999999999636,-104.069117656814
5.3259999999996355,-104.44380650263287
5.327999999999635,-104.81801926582926
5.329999999999635,-105.19175699084599
5.331999999999635,-105.56502080622084
5.333999999999635,-105.937811668677
5.335999999999634,-106.31013049175272
5.337999999999634,-106.68197824378126
5.339999999999634,-107.05335584291362
5.341999999999634,-107.4247249294894
5.3439999999996335,-107.79687134518338
5.345999999999633,-108.16940516481361
5.347999999999633,-108.5419885143184
5.349999999999633,-108.91439253533002
5.351999999999633,-109.2864772573389
5.353999999999632,-109.65816798267281
5.355999999999632,-110.02940646564963
5.357999999999632,-110.40019085996244
5.359999999999632,-110.7705319311296
5.3619999999996315,-111.14041015881116
5.363999999999631,-111.5098234999084
5.365999999999631,-111.87876639232059
5.367999999999631,-112.2472367344493
5.369999999999631,-112.61523931377127
5.37199999999963,-112.98277188729395
5.37399999999963,-113.34983556857287
5.37599999999963,-113.71642974628742
5.37799999999963,-114.08255950294932
5.3799999999996295,-114.44822294645184
5.381999999999629,-114.81342133767134
5.383999999999629,-115.17815558082327
5.385999999999629,-115.54242672156852
5.387999999999629,-115.90623579214235
5.389999999999628,-116.2695835795181
5.391999999999628,-116.6324711501141
5.393999999999628,-116.99489929983451
5.395999999999628,-117.35791505582318
5.3979999999996275,-117.72185745918671
5.399999999999627,-118.08642316476534
5.401999999999627,-118.45123827402966
5.403999999999627,-118.81600936206786
5.405999999999627,-119.18054975289107
5.407999999999626,-119.54474747510034
5.409999999999626,-119.90854069568962
5.411999999999626,-120.27189699447075
5.413999999999626,-120.63480031835729
5.415999999999626,-120.9972433633618
5.417999999999625,-121.35922308473954
5.419999999999625,-121.72073861022761
5.421999999999625,-122.0817911598918
5.423999999999625,-122.44237838186103
5.4259999999996245,-122.80250354741457
5.427999999999624,-123.162167264971
5.429999999999624,-123.52137135774609
5.431999999999624,-123.88011381933353
5.433999999999624,-124.23839883673583
5.435999999999623,-124.5962242964506
5.437999999999623,-124.95359427486676
5.439999999999623,-125.31050661354499
5.441999999999623,-125.66696527291589
5.4439999999996225,-126.0229681895567
5.445999999999622,-126.37851918655912
5.447999999999622,-126.73355504095878
5.449999999999622,-127.08819524655297
5.451999999999622,-127.44352680061877
5.453999999999621,-127.79950143115065
5.455999999999621,-128.1558015933607
5.457999999999621,-128.5121340609379
5.459999999999621,-128.8682896785777
5.4619999999996205,-129.22414172946043
5.46399999999962,-129.5796138821736
5.46599999999962,-129.93466868079958
5.46799999999962,-130.28928348343845
5.46999999999962,-130.64345096207614
5.471999999999619,-130.9971646287018
5.473999999999619,-131.35042522248835
5.475999999999619,-131.7032307346317
5.477999999999619,-132.05558175673934
5.4799999999996185,-132.40748100657413
5.481999999999618,-132.7589273437975
5.483999999999618,-133.10992206218089
5.485999999999618,-133.4604661944942
5.487999999999618,-133.81056066896303
5.489999999999617,-134.16020788832225
5.491999999999617,-134.5094068490639
5.493999999999617,-134.85815881303694
5.495999999999617,-135.2064648084134
5.4979999999996165,-135.55432581966357
5.499999999999616,-135.90174275911562
5.501999999999616,-136.24871655064686
5.503999999999616,-136.59524813480908
5.505999999999616,-136.94133840001598
5.507999999999615,-137.28822943628086
5.509999999999615,-137.6361104664183
5.511999999999615,-137.98463011367494
5.513999999999615,-138.3334033209539
5.5159999999996145,-138.6821403606118
5.517999999999614,-139.03065736060864
5.519999999999614,-139.37884528421796
5.521999999999614,-139.7266442244433
5.523999999999614,-140.0740227522066
5.525999999999613,-140.42096545561452
5.527999999999613,-140.76746511146519
5.529999999999613,-141.11351880653297
5.531999999999613,-141.45912578274528
5.533999999999613,-141.80428621155033
5.535999999999612,-142.1490007759176
5.537999999999612,-142.49327069547854
5.539999999999612,-142.82309356618254
5.541999999999612,-142.99294722052502
5.5439999999996115,-143.00444010395188
5.545999999999611,-142.90369221172068
5.547999999999611,-142.73105949140484
5.549999999999611,-142.51595502181783
5.551999999999611,-142.27773198298678
5.55399999999961,-142.0296726421319
5.55599999999961,-141.77708970519097
5.55799999999961,-141.52228675838973
5.55999999999961,-141.26648327895498
5.5619999999996095,-141.12879512532993
5.563999999999609,-141.1067249049001
5.565999999999609,-140.80301911551066
5.567999999999609,-140.56138807325647
5.569999999999609,-140.2084769068842
5.571999999999608,-139.9743060003222
5.573999999999608,-139.56097725109464
5.575999999999608,-139.1110707361495
5.577999999999608,-138.82685575248837
5.5799999999996075,-138.71325051942443
5.581999999999607,-138.23687555230202
5.583999999999607,-137.6851468770475
5.585999999999607,-137.3196913582824
5.587999999999607,-137.15427473981862
5.589999999999606,-137.13724237110108
5.591999999999606,-136.56662886779185
5.593999999999606,-136.06963366873737
5.595999999999606,-135.4557085884631
5.5979999999996055,-135.03733236757773
5.599999999999605,-134.5197283895638
5.601999999999605,-134.17671849926353
5.603999999999605,-133.8749795412623
5.605999999999605,-133.09474721035997
5.607999999999604,-132.4700558570774
5.609999999999604,-132.11720919003335
5.611999999999604,-131.9895345086706
5.613999999999604,-130.87398152993188
5.6159999999996035,-129.7712989370541
5.617999999999603,-129.04299772721527
5.619999999999603,-127.10785894060314
5.621999999999603,-125.47995058085615
5.623999999999603,-124.45455705320336
5.625999999999602,-123.93638396652483
5.627999999999602,-123.76173607902956
5.629999999999602,-123.79570206799923
5.631999999999602,-123.94777580235052
5.6339999999996015,-124.16332702655228
5.635999999999601,-124.41158297352263
5.637999999999601,-124.67609650770135
5.639999999999601,-124.94846141618052
5.641999999999601,-125.22458299433816
5.6439999999996004,-125.5041296019694
5.6459999999996,-125.78618051584931
5.6479999999996,-126.06990932539696
5.6499999999996,-126.35474734700983
5.6519999999996,-126.64034365352757
5.653999999999599,-126.9264501542329
5.655999999999599,-127.21272728301182
5.657999999999599,-127.49913859909958
5.659999999999599,-127.78573493565818
5.6619999999995985,-128.07257084151564
5.663999999999598,-128.3596916344481
5.665999999999598,-128.6471251211122
5.667999999999598,-128.93488808147907
5.669999999999598,-129.77700206905712
5.671999999999597,-131.37797308855824
5.673999999999597,-132.79835580279166
5.675999999999597,-133.85297445076765
5.677999999999597,-134.59783498072255
5.6799999999995965,-135.13223924886267
5.681999999999596,-135.538610110354
5.683999999999596,-135.87249202979433
5.685999999999596,-136.16753470824182
5.687999999999596,-136.43768109429556
5.689999999999595,-136.6983530388046
5.691999999999595,-136.95605179608248
5.693999999999595,-137.21326533732753
5.695999999999595,-137.47081906285752
5.6979999999995945,-137.7289020634712
5.699999999999594,-137.98749841360626
5.701999999999594,-138.24654464580783
5.703999999999594,-138.5070625920972
5.705999999999594,-138.76953129379086
5.707999999999593,-139.03361635581768
5.709999999999593,-139.29887480333127
5.711999999999593,-139.56495902133116
5.713999999999593,-139.83164212686677
5.7159999999995925,-140.09878878629178
5.717999999999592,-140.3663222245894
5.719999999999592,-140.6342044613396
5.721999999999592,-140.9024153961493
5.723999999999592,-141.1709462351859
5.725999999999591,-141.43979373125518
5.727999999999591,-141.70895545141332
5.729999999999591,-141.97843241421174
5.731999999999591,-142.2482242162589
5.7339999999995905,-142.51833369523092
5.73599999999959,-142.78876173296806
5.73799999999959,-143.05950732327955
5.73999999999959,-143.330572462617
5.74199999999959,-143.60195914482307
5.743999999999589,-143.87366761457344
5.745999999999589,-144.14569867269944
5.747999999999589,-144.4180538155661
5.749999999999589,-144.6907348011532
5.7519999999995886,-144.9637418876087
5.753999999999588,-145.2370756948992
5.755999999999588,-145.51073705459203
5.757999999999588,-145.7847274681232
5.759999999999588,-146.0590463063736
5.7619999999995875,-146.3336924077321
5.763999999999587,-146.60965763975275
5.765999999999587,-146.8876740536087
5.767999999999587,-147.16745190337053
5.769999999999587,-147.44852830208805
5.771999999999586,-147.73052464887257
5.773999999999586,-148.0131764424516
5.775999999999586,-148.29611470881105
5.777999999999586,-148.5792606725435
5.7799999999995855,-148.8626292658547
5.781999999999585,-149.14625567292018
5.783999999999585,-149.43017113024348
5.785999999999585,-149.7143960340165
5.787999999999585,-149.9989433778639
5.789999999999584,-150.28382216113232
5.791999999999584,-150.56903770968842
5.793999999999584,-150.85459202410436
5.795999999999584,-151.140486766023
5.7979999999995835,-151.42672448207713
5.799999999999583,-151.71330674495965
5.801999999999583,-152.00023520302148
5.803999999999583,-152.28750946140707
5.805999999999583,-152.57513062093903
5.807999999999582,-152.86310183808052
5.809999999999582,-153.15142239035782
5.811999999999582,-153.44009325042782
5.813999999999582,-153.7291176207159
5.8159999999995815,-154.01849462298964
5.817999999999581,-154.30822536669194
5.819999999999581,-154.5983130394157
5.821999999999581,-154.88909201497512
5.823999999999581,-155.18214577395463
5.82599999999958,-155.47735182590668
5.82799999999958,-155.77418695799406
5.82999999999958,-156.0721726222909
5.83199999999958,-156.37097427178304
5.8339999999995795,-156.67038536409217
5.835999999999579,-156.9702859357937
5.837999999999579,-157.27061208418115
5.839999999999579,-157.57133038190148
5.841999999999579,-157.9392889873784
5.843999999999578,-158.30524298677813
5.845999999999578,-158.70518568651704
5.847999999999578,-159.33642089855346
5.849999999999578,-160.1913959969762
5.8519999999995775,-160.94519437517317
5.853999999999577,-161.5436108484609
5.855999999999577,-162.0156880930254
5.857999999999577,-162.40313853111354
5.859999999999577,-162.73943873809782
5.861999999999576,-163.04690458241208
5.863999999999576,-163.3390082141301
5.865999999999576,-163.6233594331577
5.867999999999576,-163.9040432947167
5.869999999999576,-164.1831611934042
5.871999999999575,-164.46175077434106
5.873999999999575,-164.74030416741095
5.875999999999575,-165.01904224502823
5.877999999999575,-165.29805932770074
5.8799999999995745,-165.57739591246388
5.881999999999574,-165.8570656105819
5.883999999999574,-166.13707433430682
5.885999999999574,-166.4174199331161
5.887999999999574,-166.69810426595774
5.889999999999573,-166.9791304001513
5.891999999999573,-167.26232299075622
5.893999999999573,-167.5477364758322
5.895999999999573,-168.0247331604732
5.8979999999995725,-168.4661333743985
5.899999999999572,-169.7071315384086
5.901999999999572,-171.30750833502321
5.903999999999572,-172.63371208586216
5.905999999999572,-173.5997635803726
5.907999999999571,-174.28138375087502
5.909999999999571,-174.77421530589902
5.911999999999571,-175.15310204163245
5.913999999999571,-175.4675230303464
5.9159999999995705,-175.7472863183948
5.91799999999957,-176.00925113040694
5.91999999999957,-176.2625015611781
5.92199999999957,-176.51168116302892
5.92399999999957,-176.75901170125059
5.925999999999569,-177.0056219344982
5.927999999999569,-177.25205622288962
5.929999999999569,-177.49857920744853
5.931999999999569,-177.74530147253694
5.9339999999995685,-177.99227124047167
5.935999999999568,-178.239511972743
5.937999999999568,-178.4870260556571
5.939999999999568,-178.73481949151045
5.941999999999568,-178.9828887281878
5.943999999999567,-179.23123813986928
5.945999999999567,-179.4798677097465
5.947999999999567,-179.72877703249878
5.949999999999567,-179.9779662986985
5.9519999999995665,-180.22743595313727
5.953999999999566,-180.47718671901998
5.955999999999566,-180.72721929319613
5.957999999999566,-180.97753441804406
5.959999999999566,-181.22813300677933
5.961999999999565,-181.47901980643792
5.963999999999565,-181.73019026517386
5.965999999999565,-181.9816492206361
5.967999999999565,-182.2350683943833
5.9699999999995645,-182.49057430431782
5.971999999999564,-182.74771693409616
5.973999999999564,-183.0060165212758
5.975999999999564,-184.56082444729066
5.977999999999564,-186.0928380923542
5.979999999999563,-187.27112201784303
5.981999999999563,-188.10657800214682
5.983999999999563,-188.69335933284248
5.985999999999563,-189.12157406129592
5.987999999999563,-189.45630577903478
5.989999999999562,-189.73898226471857
5.991999999999562,-189.9940063690832
5.993999999999562,-190.23498148830282
5.995999999999562,-190.54360438553283
5.9979999999995615,-190.8480195494659
5.999999999999561,-191.13094238831775
