time,value
0.0,2029.555595717121
0.002,2013.7417838580561
0.004,2006.245618688125
0.006,2157.414613262442
0.008,2198.237944480093
0.01,2211.224340238097
0.012,2214.8196987228475
0.014,2215.171635758992
0.016,2214.5679128219786
0.018000000000000002,2213.8204667822615
0.020000000000000004,2213.1551621412623
0.022000000000000006,2212.596962076381
0.024000000000000007,2212.1184845723387
0.02600000000000001,2211.6894856112613
0.02800000000000001,2211.287354879901
0.030000000000000013,2210.8993070095903
0.032000000000000015,2210.5200754064695
0.034000000000000016,2210.1469887255466
0.03600000000000002,2209.778447713617
0.03800000000000002,2209.414121854067
0.04000000000000002,2209.0541365320014
0.04200000000000002,2208.699262354366
0.044000000000000025,2208.3491676490567
0.04600000000000003,2208.00407221996
0.04800000000000003,2207.6638260077975
0.05000000000000003,2207.328648448233
0.05200000000000003,2206.999225250872
0.054000000000000034,2206.6750341050956
0.056000000000000036,2206.356108486207
0.05800000000000004,2206.0430429762555
0.06000000000000004,2205.7354976125066
0.06200000000000004,2205.4338808495686
0.06400000000000004,2205.1376618095087
0.06600000000000004,2204.847248026576
0.06800000000000005,2204.5633319136123
0.07000000000000005,2204.285096257383
0.07200000000000005,2204.0133282421903
0.07400000000000005,2203.7478700817533
0.07600000000000005,2203.488372122406
0.07800000000000006,2203.234006229903
0.08000000000000006,2202.9850822273133
0.08200000000000006,2202.742006340912
0.08400000000000006,2202.5051859499204
0.08600000000000006,2202.2744558951413
0.08800000000000006,2202.049170312455
0.09000000000000007,2201.829351172064
0.09200000000000007,2201.6147315203357
0.09400000000000007,2201.405619557773
0.09600000000000007,2201.201650257913
0.09800000000000007,2201.002841998568
0.10000000000000007,2200.8096948546654
0.10200000000000008,2200.622710242421
0.10400000000000008,2200.4416175793513
0.10600000000000008,2200.266725359706
0.10800000000000008,2200.0975675453806
0.11000000000000008,2199.9343545838647
0.11200000000000009,2199.7769478686073
0.11400000000000009,2199.6252848634654
0.11600000000000009,2199.478933103365
0.11800000000000009,2199.33761417395
0.12000000000000009,2199.201145535975
0.1220000000000001,2199.069440890534
0.1240000000000001,2198.9424134036094
0.12600000000000008,2198.8198780578446
0.12800000000000009,2198.701453652143
0.1300000000000001,2198.5869531637213
0.1320000000000001,2198.4761888410835
0.1340000000000001,2198.3685811358787
0.1360000000000001,2198.2640380959306
0.1380000000000001,2198.162369524114
0.1400000000000001,2198.0634824484746
0.1420000000000001,2197.96728355187
0.1440000000000001,2197.8735811098118
0.1460000000000001,2197.782281105212
0.1480000000000001,2197.6929945987313
0.1500000000000001,2197.6057249449495
0.1520000000000001,2197.520278623537
0.1540000000000001,2197.4376408575795
0.1560000000000001,2197.357815127843
0.1580000000000001,2197.2804114858964
0.16000000000000011,2197.2054331037984
0.16200000000000012,2197.1327845543506
0.16400000000000012,2197.062271621124
0.16600000000000012,2196.9946849495022
0.16800000000000012,2196.930618600855
0.17000000000000012,2196.8697799803494
0.17200000000000013,2196.8122708052197
0.17400000000000013,2196.7578968322296
0.17600000000000013,2196.706364892381
0.17800000000000013,2196.657480244821
0.18000000000000013,2196.610850285606
0.18200000000000013,2196.5661808278282
0.18400000000000014,2196.523177332406
0.18600000000000014,2196.4817425446367
0.18800000000000014,2196.4414823744364
0.19000000000000014,2196.4023979776034
0.19200000000000014,2196.3639960644136
0.19400000000000014,2196.3261784926567
0.19600000000000015,2196.2890447222585
0.19800000000000015,2196.2522984886723
0.20000000000000015,2196.2157423946455
0.20200000000000015,2196.1792778394015
0.20400000000000015,2196.142608066815
0.20600000000000016,2196.1057333530803
0.20800000000000016,2196.0682576150875
0.21000000000000016,2196.030081766779
0.21200000000000016,2195.9919977291333
0.21400000000000016,2195.955094800021
0.21600000000000016,2195.9189766549357
0.21800000000000017,2195.883544478467
0.22000000000000017,2195.848897731176
0.22200000000000017,2195.8152352309503
0.22400000000000017,2195.7822598072385
0.22600000000000017,2195.749971920099
0.22800000000000017,2195.7182727670665
0.23000000000000018,2195.687262064386
0.23200000000000018,2195.6566423691174
0.23400000000000018,2195.626513340015
0.23600000000000018,2195.5967760035637
0.23800000000000018,2195.567331326943
0.24000000000000019,2195.5380802096647
0.2420000000000002,2195.5090228702434
0.2440000000000002,2195.4800601203633
0.2460000000000002,2195.4509935116357
0.2480000000000002,2195.421624428333
0.25000000000000017,2195.3922510488937
0.25200000000000017,2195.3626744621242
0.25400000000000017,2195.332894605778
0.25600000000000017,2195.303010935413
0.2580000000000002,2195.2728244555688
0.2600000000000002,2195.2425340592154
0.2620000000000002,2195.211940644095
0.2640000000000002,2195.182138185803
0.2660000000000002,2195.153225868018
0.2680000000000002,2195.1251044211117
0.2700000000000002,2195.097575115455
0.2720000000000002,2195.0704391508443
0.2740000000000002,2195.0437964763346
0.2760000000000002,2195.017448125076
0.2780000000000002,2194.991493979685
0.2800000000000002,2194.965735085338
0.2820000000000002,2194.939872798155
0.2840000000000002,2194.9141064837527
0.2860000000000002,2194.8886354720785
0.2880000000000002,2194.8635592617175
0.2900000000000002,2194.8390773304204
0.2920000000000002,2194.8149903080835
0.2940000000000002,2194.791398109255
0.2960000000000002,2194.7682012055393
0.2980000000000002,2194.7453998037686
0.3000000000000002,2194.7228942988068
0.3020000000000002,2194.7006849719123
0.3040000000000002,2194.6784726515134
0.3060000000000002,2194.6563573904295
0.3080000000000002,2194.6341396931234
0.3100000000000002,2194.6117198197235
0.3120000000000002,2194.5891977225738
0.3140000000000002,2194.5672717713414
0.3160000000000002,2194.546241062147
0.3180000000000002,2194.5259060180056
0.32000000000000023,2194.5057676912743
0.32200000000000023,2194.4858265194307
0.32400000000000023,2194.466082627247
0.32600000000000023,2194.446536075921
0.32800000000000024,2194.4272868904955
0.33000000000000024,2194.40823521302
0.33200000000000024,2194.389281223069
0.33400000000000024,2194.3704250786127
0.33600000000000024,2194.3516668525904
0.33800000000000024,2194.3331064724157
0.34000000000000025,2194.314744020184
0.34200000000000025,2194.2963795847527
0.34400000000000025,2194.2780132753496
0.34600000000000025,2194.259745096357
0.34800000000000025,2194.241675075326
0.35000000000000026,2194.2235031909286
0.35200000000000026,2194.205229574869
0.35400000000000026,2194.1868543261726
0.35600000000000026,2194.168277413822
0.35800000000000026,2194.1494988678774
0.36000000000000026,2194.130518689297
0.36200000000000027,2194.11123675124
0.36400000000000027,2194.092953427105
0.36600000000000027,2194.0750681199274
0.36800000000000027,2194.057080540923
0.3700000000000003,2194.039291299192
0.3720000000000003,2194.0216003000123
0.3740000000000003,2194.0040075907727
0.3760000000000003,2193.986513214248
0.3780000000000003,2193.969117273296
0.3800000000000003,2193.951619462829
0.3820000000000003,2193.9342202172293
0.3840000000000003,2193.9169195549257
0.3860000000000003,2193.8995170354997
0.3880000000000003,2193.8822131509055
0.3900000000000003,2193.8648074352313
0.3920000000000003,2193.8475004307375
0.3940000000000003,2193.830191772084
0.3960000000000003,2193.8128814971483
0.3980000000000003,2193.795569682146
0.4000000000000003,2193.7782563989654
0.4020000000000003,2193.760741089664
0.4040000000000003,2193.7431240751775
0.4060000000000003,2193.725405364094
0.4080000000000003,2193.7075849649245
0.4100000000000003,2193.6895625356938
0.4120000000000003,2193.671438289627
0.4140000000000003,2193.6542148462936
0.4160000000000003,2193.6373904578577
0.4180000000000003,2193.620664312898
0.4200000000000003,2193.6038362861195
0.4220000000000003,2193.5869064277704
0.4240000000000003,2193.57007537056
0.4260000000000003,2193.5533431544586
0.4280000000000003,2193.536508995256
0.4300000000000003,2193.5197737512417
0.43200000000000033,2193.5031374395935
0.43400000000000033,2193.4863991754673
0.43600000000000033,2193.46975988607
0.43800000000000033,2193.453119081119
0.44000000000000034,2193.4365771783846
0.44200000000000034,2193.42033500426
0.44400000000000034,2193.4040911634006
0.44600000000000034,2193.387946245079
0.44800000000000034,2193.3719003270153
0.45000000000000034,2193.3558529624015
0.45200000000000035,2193.3399047275
0.45400000000000035,2193.3238546014045
0.45600000000000035,2193.3078031566893
0.45800000000000035,2193.2916498740074
0.46000000000000035,2193.275495336183
0.46200000000000035,2193.259339575663
0.46400000000000036,2193.2438857372695
0.46600000000000036,2193.2288321309074
0.46800000000000036,2193.2139778565693
0.47000000000000036,2193.199323167501
0.47200000000000036,2193.1847676444654
0.47400000000000037,2193.1702107889423
0.47600000000000037,2193.1556527484463
0.47800000000000037,2193.1409930861532
0.48000000000000037,2193.1259301496398
0.4820000000000004,2193.110866392655
0.4840000000000004,2193.095700994245
0.4860000000000004,2193.080534498486
0.4880000000000004,2193.065467488074
0.4900000000000004,2193.0504998451856
0.4920000000000004,2193.0355309112474
0.4940000000000004,2193.020661457182
0.4960000000000004,2193.005690132117
0.4980000000000004,2192.990717690011
0.5000000000000003,2192.975744158862
0.5020000000000003,2192.9606688314507
0.5040000000000003,2192.945491709743
0.5060000000000003,2192.9303135469318
0.5080000000000003,2192.915134259209
0.5100000000000003,2192.8998530512617
0.5120000000000003,2192.8846715059044
0.5140000000000003,2192.8697906544826
0.5160000000000003,2192.8553111466535
0.5180000000000003,2192.8411323635178
0.5200000000000004,2192.8269521463117
0.5220000000000004,2192.8127706748846
0.5240000000000004,2192.798688872914
0.5260000000000004,2192.784605995327
0.5280000000000004,2192.770320514268
0.5300000000000004,2192.756134942494
0.5320000000000004,2192.741746724879
0.5340000000000004,2192.7274583815447
0.5360000000000004,2192.7130681542467
0.5380000000000004,2192.698878524769
0.5400000000000004,2192.6845869121153
0.5420000000000004,2192.670395136301
0.5440000000000004,2192.656000688293
0.5460000000000004,2192.6412021386955
0.5480000000000004,2192.6261002735355
0.5500000000000004,2192.610997632122
0.5520000000000004,2192.5957931573407
0.5540000000000004,2192.5804867616416
0.5560000000000004,2192.5651793293755
0.5580000000000004,2192.5497698995746
0.5600000000000004,2192.534359410462
0.5620000000000004,2192.5188469037817
0.5640000000000004,2192.50323232912
0.5660000000000004,2192.4880199968147
0.5680000000000004,2192.4731089741526
0.5700000000000004,2192.4581964763224
0.5720000000000004,2192.443383653449
0.5740000000000004,2192.4285696060338
0.5760000000000004,2192.413653374795
0.5780000000000004,2192.3987360510237
0.5800000000000004,2192.3838177160346
0.5820000000000004,2192.3686963068935
0.5840000000000004,2192.35357386016
0.5860000000000004,2192.338551247526
0.5880000000000004,2192.3235274121184
0.5900000000000004,2192.3086034684848
0.5920000000000004,2192.2935773052523
0.5940000000000004,2192.278448939561
0.5960000000000004,2192.2634205742697
0.5980000000000004,2192.248289993118
0.6000000000000004,2192.2331582811807
0.6020000000000004,2192.218025421617
0.6040000000000004,2192.202891409647
0.6060000000000004,2192.1877562476575
0.6080000000000004,2192.1725188022406
0.6100000000000004,2192.1573813564305
0.6120000000000004,2192.14224263997
0.6140000000000004,2192.127203860643
0.6160000000000004,2192.111860649445
0.6180000000000004,2192.096516353
0.6200000000000004,2192.0812720488857
0.6220000000000004,2192.066026501501
0.6240000000000004,2192.05088091533
0.6260000000000004,2192.035632869683
0.6280000000000004,2192.020484815436
0.6300000000000004,2192.0053355406076
0.6320000000000005,2191.990185057236
0.6340000000000005,2191.9751346023068
0.6360000000000005,2191.95998166814
0.6380000000000005,2191.944928790182
0.6400000000000005,2191.9298747312278
0.6420000000000005,2191.9148195155653
0.6440000000000005,2191.8996618616643
0.6460000000000005,2191.884604368496
0.6480000000000005,2191.8694444431653
0.6500000000000005,2191.854283394036
0.6520000000000005,2191.8391212260835
0.6540000000000005,2191.8238566131145
0.6560000000000005,2191.808692226615
0.6580000000000005,2191.7933240444117
0.6600000000000005,2191.778056105967
0.6620000000000005,2191.762685706682
0.6640000000000005,2191.7472128322593
0.6660000000000005,2191.7317388551805
0.6680000000000005,2191.7162637731435
0.6700000000000005,2191.7006860775828
0.6720000000000005,2191.68541122187
0.6740000000000005,2191.670033613576
0.6760000000000005,2191.6547561443967
0.6780000000000005,2191.6394774472346
0.6800000000000005,2191.6240961106555
0.6820000000000005,2191.6088149467455
0.6840000000000005,2191.593633920194
0.6860000000000005,2191.5785530965345
0.6880000000000005,2191.563268244137
0.6900000000000005,2191.547880860203
0.6920000000000005,2191.53249239731
0.6940000000000005,2191.5169000074825
0.6960000000000005,2191.5010024931757
0.6980000000000005,2191.4847997011607
0.7000000000000005,2191.46859594766
0.7020000000000005,2191.452289558406
0.7040000000000005,2191.435880465868
0.7060000000000005,2191.4194701705114
0.7080000000000005,2191.4030586328695
0.7100000000000005,2191.3865442701176
0.7120000000000005,2191.3700286158305
0.7140000000000005,2191.3534100871343
0.7160000000000005,2191.3368917267467
0.7180000000000005,2191.320473508209
0.7200000000000005,2191.303952284379
0.7220000000000005,2191.2874297066746
0.7240000000000005,2191.270905765153
0.7260000000000005,2191.2544820221183
0.7280000000000005,2191.237955231432
0.7300000000000005,2191.2215286937544
0.7320000000000005,2191.2051006414363
0.7340000000000005,2191.1888744227717
0.7360000000000005,2191.1725451129805
0.7380000000000005,2191.156214435365
0.7400000000000005,2191.139780727546
0.7420000000000005,2191.1233457829235
0.7440000000000005,2191.106807914591
0.7460000000000006,2191.090268792615
0.7480000000000006,2191.0736266598956
0.7500000000000006,2191.0569832111305
0.7520000000000006,2191.0403384313177
0.7540000000000006,2191.0236923130055
0.7560000000000006,2191.0069430816025
0.7580000000000006,2190.9901924715587
0.7600000000000006,2190.9735422474046
0.7620000000000006,2190.9567888536058
0.7640000000000006,2190.940034071126
0.7660000000000006,2190.923176099127
0.7680000000000006,2190.9064185457446
0.7700000000000006,2190.8895577903772
0.7720000000000006,2190.8726956516243
0.7740000000000006,2190.8558321295623
0.7760000000000006,2190.8387637273554
0.7780000000000006,2190.8212870649286
0.7800000000000006,2190.8037074893555
0.7820000000000006,2190.7861265460842
0.7840000000000006,2190.7685440902696
0.7860000000000006,2190.7509600683875
0.7880000000000006,2190.7334763729264
0.7900000000000006,2190.7159911117274
0.7920000000000006,2190.6984023713558
0.7940000000000006,2190.6809139999696
0.7960000000000006,2190.663322228083
0.7980000000000006,2190.645627066584
0.8000000000000006,2190.6279304254085
0.8020000000000006,2190.6102322687716
0.8040000000000006,2190.592430599745
0.8060000000000006,2190.574729359497
0.8080000000000006,2190.5569245703587
0.8100000000000006,2190.5392202235016
0.8120000000000006,2190.5214123092032
0.8140000000000006,2190.503602837922
0.8160000000000006,2190.4857918097364
0.8180000000000006,2190.467877185588
0.8200000000000006,2190.450062954374
0.8220000000000006,2190.432349069038
0.8240000000000006,2190.4146335650585
0.8260000000000006,2190.3968144437035
0.8280000000000006,2190.3788917054317
0.8300000000000006,2190.3610694500376
0.8320000000000006,2190.343347614776
0.8340000000000006,2190.3256241397617
0.8360000000000006,2190.307694963424
0.8380000000000006,2190.2897643615606
0.8400000000000006,2190.2717301488365
0.8420000000000006,2190.253592255676
0.8440000000000006,2190.2355549540325
0.8460000000000006,2190.21741389346
0.8480000000000006,2190.199373412252
0.8500000000000006,2190.181127029575
0.8520000000000006,2190.1628791453004
0.8540000000000006,2190.14452750996
0.8560000000000006,2190.126174289208
0.8580000000000007,2190.107717224633
0.8600000000000007,2190.08936075589
0.8620000000000007,2190.0709003981
0.8640000000000007,2190.0519276102723
0.8660000000000007,2190.0328513629115
0.8680000000000007,2190.0135691571086
0.8700000000000007,2189.9942853489674
0.8720000000000007,2189.974999823453
0.8740000000000007,2189.9557125099855
0.8760000000000007,2189.936321060431
0.8780000000000007,2189.9170301033414
0.8800000000000007,2189.8976349058125
0.8820000000000007,2189.878442401961
0.8840000000000007,2189.859247940379
0.8860000000000007,2189.840051584153
0.8880000000000007,2189.820853375263
0.8900000000000007,2189.8015509530533
0.8920000000000007,2189.78224672931
0.8940000000000007,2189.762736122353
0.8960000000000007,2189.743121473277
0.8980000000000007,2189.7235050976205
0.9000000000000007,2189.7037844729075
0.9020000000000007,2189.6840619823383
0.9040000000000007,2189.6642352310637
0.9060000000000007,2189.6444066705644
0.9080000000000007,2189.6244737606744
0.9100000000000007,2189.604538928145
0.9120000000000007,2189.584704638695
0.9140000000000007,2189.564765875705
0.9160000000000007,2189.5448251315324
0.9180000000000007,2189.5248824061514
0.9200000000000007,2189.5049376994434
0.9220000000000007,2189.485093523353
0.9240000000000007,2189.465247207492
0.9260000000000007,2189.4455013561496
0.9280000000000007,2189.4258560533835
0.9300000000000007,2189.4061061513908
0.9320000000000007,2189.386456740255
0.9340000000000007,2189.3669078717417
0.9360000000000007,2189.34735701128
0.9380000000000007,2189.3277016400843
0.9400000000000007,2189.3080444281254
0.9420000000000007,2189.288282704829
0.9440000000000007,2189.268519101622
0.9460000000000007,2189.2487536023864
0.9480000000000007,2189.228986196289
0.9500000000000007,2189.20921688346
0.9520000000000007,2189.1888300849514
0.9540000000000007,2189.167928601016
0.9560000000000007,2189.1469229646236
0.9580000000000007,2189.1257102160653
0.9600000000000007,2189.1043928241515
0.9620000000000007,2189.08317612201
0.9640000000000007,2189.0618544735944
0.9660000000000007,2189.0406333830315
0.9680000000000007,2189.0193072535835
0.9700000000000008,2188.998081668697
0.9720000000000008,2188.976751014456
0.9740000000000008,2188.955520929405
0.9760000000000008,2188.93418578258
0.9780000000000008,2188.912848409634
0.9800000000000008,2188.891508797002
0.9820000000000008,2188.8702696749633
0.9840000000000008,2188.849131048952
0.9860000000000008,2188.8279900930293
0.9880000000000008,2188.8067439508527
0.9900000000000008,2188.7855984789526
0.9920000000000008,2188.764450780349
0.9940000000000008,2188.7431979331313
0.9960000000000008,2188.7219428698554
0.9980000000000008,2188.7007885535204
1.0000000000000007,2188.6795290607865
1.0020000000000007,2188.6581643721843
1.0040000000000007,2188.636900455181
1.0060000000000007,2188.6156343219222
1.0080000000000007,2188.5942629594556
1.0100000000000007,2188.572889454931
1.0120000000000007,2188.550999092534
1.0140000000000007,2188.5289008436907
1.0160000000000007,2188.506800572526
1.0180000000000007,2188.4845950303843
1.0200000000000007,2188.462387175956
1.0220000000000007,2188.4401769374945
1.0240000000000007,2188.418170327366
1.0260000000000007,2188.3961611516447
1.0280000000000007,2188.3741494708847
1.0300000000000007,2188.3521353457895
1.0320000000000007,2188.330118740061
1.0340000000000007,2188.30830590692
1.0360000000000007,2188.286387403992
1.0380000000000007,2188.2645696486247
1.0400000000000007,2188.2427495069755
1.0420000000000007,2188.2208237970526
1.0440000000000007,2188.1986895396303
1.0460000000000007,2188.176140630379
1.0480000000000007,2188.153383358298
1.0500000000000007,2188.1306239516744
1.0520000000000007,2188.1077589359484
1.0540000000000007,2188.084891438596
1.0560000000000007,2188.0620213868365
1.0580000000000007,2188.0391487469956
1.0600000000000007,2188.0163768235407
1.0620000000000007,2187.993498982459
1.0640000000000007,2187.970515336884
1.0660000000000007,2187.9475292055463
1.0680000000000007,2187.924540540771
1.0700000000000007,2187.901549305929
1.0720000000000007,2187.878348988396
1.0740000000000007,2187.854836311519
1.0760000000000007,2187.8312178943984
1.0780000000000007,2187.8074935428517
1.0800000000000007,2187.7838699830413
1.0820000000000007,2187.760140264017
1.0840000000000007,2187.736614570405
1.0860000000000007,2187.7130859665817
1.0880000000000007,2187.6896579939435
1.0900000000000007,2187.666227225223
1.0920000000000007,2187.642793705465
1.0940000000000007,2187.6193574514677
1.0960000000000008,2187.595918482955
1.0980000000000008,2187.5723732480624
1.1000000000000008,2187.548928852112
1.1020000000000008,2187.525481744064
1.1040000000000008,2187.5019283411734
1.1060000000000008,2187.4784758133687
1.1080000000000008,2187.455020578666
1.1100000000000008,2187.4314590179315
1.1120000000000008,2187.407894782911
1.1140000000000008,2187.384327867853
1.1160000000000008,2187.360654714404
1.1180000000000008,2187.3368753088976
1.1200000000000008,2187.3130932605814
1.1220000000000008,2187.289412029746
1.1240000000000008,2187.2658316039565
1.1260000000000008,2187.242248333962
1.1280000000000008,2187.2186622769323
1.1300000000000008,2187.1950734671227
1.1320000000000008,2187.17137817368
1.1340000000000008,2187.1474729309875
1.1360000000000008,2187.123461547914
1.1380000000000008,2187.0988254017393
1.1400000000000008,2187.0739795106833
1.1420000000000008,2187.048923524533
1.1440000000000008,2187.0239686167347
1.1460000000000008,2186.9989069523554
1.1480000000000008,2186.973946132136
1.1500000000000008,2186.94877459683
1.1520000000000008,2186.923703937614
1.1540000000000008,2186.898630243341
1.1560000000000008,2186.873449574002
1.1580000000000008,2186.848369729447
1.1600000000000008,2186.8231828514686
1.1620000000000008,2186.798096806412
1.1640000000000008,2186.7730076381163
1.1660000000000008,2186.7479153492404
1.1680000000000008,2186.722716061722
1.1700000000000008,2186.697409792001
1.1720000000000008,2186.672204504632
1.1740000000000008,2186.6468921330165
1.1760000000000008,2186.6215766554774
1.1780000000000008,2186.5962580572345
1.1800000000000008,2186.5709363234696
1.1820000000000008,2186.5456114540298
1.1840000000000008,2186.520283442802
1.1860000000000008,2186.495056363796
1.1880000000000008,2186.469825983181
1.1900000000000008,2186.444696459523
1.1920000000000008,2186.419667878293
1.1940000000000008,2186.3945319964673
1.1960000000000008,2186.3693929934766
1.1980000000000008,2186.3438347424863
1.2000000000000008,2186.3180655414217
1.2020000000000008,2186.2920851162626
1.2040000000000008,2186.2662058930828
1.2060000000000008,2186.2402192760082
1.2080000000000009,2186.214333671708
1.2100000000000009,2186.1883405398244
1.2120000000000009,2186.162448390867
1.2140000000000009,2186.1365528094148
1.2160000000000009,2186.110862351494
1.2180000000000009,2186.08516848633
1.2200000000000009,2186.059367078436
1.2220000000000009,2186.033562513145
1.2240000000000009,2186.007650423268
1.2260000000000009,2185.9818394879776
1.2280000000000009,2185.9559209414965
1.2300000000000009,2185.9299991419093
1.2320000000000009,2185.9041785097506
1.2340000000000009,2185.8777287589273
1.2360000000000009,2185.8510674018557
1.2380000000000009,2185.82429854631
1.2400000000000009,2185.7977352032426
1.2420000000000009,2185.771168401144
1.2440000000000009,2185.744598130711
1.2460000000000009,2185.7180243945913
1.2480000000000009,2185.6914471925766
1.2500000000000009,2185.664866635852
1.252000000000001,2185.638178169412
1.254000000000001,2185.611486293533
1.256000000000001,2185.5847909778886
1.258000000000001,2185.5580921980495
1.260000000000001,2185.531389944797
1.262000000000001,2185.504370842764
1.264000000000001,2185.4770349614605
1.266000000000001,2185.4495913160413
1.268000000000001,2185.422039664741
1.270000000000001,2185.3944845032674
1.272000000000001,2185.3668211885597
1.274000000000001,2185.339154323449
1.276000000000001,2185.311483837985
1.278000000000001,2185.2838096742285
1.280000000000001,2185.256027061712
1.282000000000001,2185.228345471612
1.284000000000001,2185.200660150671
1.286000000000001,2185.1729710985796
1.288000000000001,2185.1452783150585
1.290000000000001,2185.117581805916
1.292000000000001,2185.089986221545
1.294000000000001,2185.062491603863
1.296000000000001,2185.034993184031
1.298000000000001,2185.007491019828
1.300000000000001,2184.979985147685
1.302000000000001,2184.9524755887105
1.304000000000001,2184.924962358076
1.306000000000001,2184.897445458503
1.308000000000001,2184.870029840605
1.310000000000001,2184.8426103995007
1.312000000000001,2184.815292073391
1.314000000000001,2184.7879699631867
1.316000000000001,2184.7607491434164
1.318000000000001,2184.7335246808975
1.320000000000001,2184.706191580353
1.322000000000001,2184.678854950812
1.324000000000001,2184.651409812588
1.326000000000001,2184.6239611730207
1.328000000000001,2184.595984219366
1.330000000000001,2184.567164129044
1.332000000000001,2184.5381310594757
1.334000000000001,2184.5088844536003
1.336000000000001,2184.4796341462343
1.338000000000001,2184.45037989172
1.340000000000001,2184.421226744072
1.342000000000001,2184.3919642856854
1.344000000000001,2184.362907944231
1.346000000000001,2184.333847386483
1.348000000000001,2184.304782690106
1.350000000000001,2184.275713876523
1.352000000000001,2184.2466409578315
1.354000000000001,2184.2176692138632
1.356000000000001,2184.1885880830646
1.358000000000001,2184.1596081591733
1.360000000000001,2184.1305188240012
1.362000000000001,2184.1015307248044
1.364000000000001,2184.072538541604
1.366000000000001,2184.0435422898777
1.368000000000001,2184.0144366318223
1.370000000000001,2183.985432327924
1.372000000000001,2183.956318584201
1.374000000000001,2183.9270954978897
1.376000000000001,2183.8978684590224
1.378000000000001,2183.8686374010927
1.380000000000001,2183.8394022764946
1.382000000000001,2183.8100575699705
1.384000000000001,2183.780814235866
1.386000000000001,2183.751566777065
1.388000000000001,2183.7223151963653
1.390000000000001,2183.6930594902074
1.392000000000001,2183.663799661471
1.394000000000001,2183.634324888043
1.396000000000001,2183.6044242370313
1.398000000000001,2183.574414165849
1.400000000000001,2183.5445056701715
1.402000000000001,2183.514487360352
1.404000000000001,2183.4846759170014
1.406000000000001,2183.454965640958
1.408000000000001,2183.4252509380713
1.410000000000001,2183.3955318749054
1.412000000000001,2183.3659142260612
1.414000000000001,2183.3361865968973
1.416000000000001,2183.306560466147
1.418000000000001,2183.2768243527503
1.420000000000001,2183.247084001899
1.422000000000001,2183.2174452101326
1.424000000000001,2183.1875907088975
1.426000000000001,2183.157732119438
1.428000000000001,2183.127340917986
1.430000000000001,2183.0966285482173
1.432000000000001,2183.065806350864
1.434000000000001,2183.0350857917106
1.436000000000001,2183.0042549376103
1.438000000000001,2182.973525497479
1.440000000000001,2182.9426857175736
1.442000000000001,2182.911735534087
1.444000000000001,2182.880886795853
1.446000000000001,2182.850033512896
1.448000000000001,2182.819175665303
1.450000000000001,2182.7884190870222
1.452000000000001,2182.7577637984336
1.454000000000001,2182.7272098881226
1.456000000000001,2182.6965453268904
1.458000000000001,2182.6659822815222
1.460000000000001,2182.6354147163634
1.462000000000001,2182.604524645021
1.464000000000001,2182.573312432746
1.466000000000001,2182.541883958927
1.468000000000001,2182.5103450513234
1.470000000000001,2182.47880163066
1.472000000000001,2182.4473597473398
1.474000000000001,2182.4158070934764
1.476000000000001,2182.3841436369726
1.478000000000001,2182.3524755165304
1.480000000000001,2182.320802679244
1.482000000000001,2182.289125075376
1.484000000000001,2182.257442691281
1.486000000000001,2182.2257555100364
1.488000000000001,2182.1940635575497
1.490000000000001,2182.162366859889
1.492000000000001,2182.130665413334
1.494000000000001,2182.098959194338
1.496000000000001,2182.067354442543
1.498000000000001,2182.0358510664046
1.500000000000001,2182.0044491529943
1.5020000000000011,2181.9730423519873
1.5040000000000011,2181.9418434696267
1.5060000000000011,2181.910639718511
1.5080000000000011,2181.87943118422
1.5100000000000011,2181.848217939272
1.5120000000000011,2181.817106533649
1.5140000000000011,2181.7858839682685
1.5160000000000011,2181.7547633130753
1.5180000000000011,2181.7235314853715
1.5200000000000011,2181.6922950311987
1.5220000000000011,2181.6611605404037
1.5240000000000011,2181.629808335567
1.5260000000000011,2181.598025789423
1.5280000000000011,2181.5659194782133
1.5300000000000011,2181.53348906461
1.5320000000000011,2181.500628195509
1.5340000000000011,2181.467336567487
1.5360000000000011,2181.43393374448
1.5380000000000011,2181.400526046393
1.5400000000000011,2181.367219988225
1.5420000000000011,2181.333801961126
1.5440000000000011,2181.3004854253236
1.5460000000000012,2181.267163595985
1.5480000000000012,2181.233836465716
1.5500000000000012,2181.20050403727
1.5520000000000012,2181.1672731558638
1.5540000000000012,2181.13393014616
1.5560000000000012,2181.1007955078903
1.5580000000000012,2181.0676554397764
1.5600000000000012,2181.03461688831
1.5620000000000012,2181.001573030518
1.5640000000000012,2180.968523923278
1.5660000000000012,2180.9354695931293
1.5680000000000012,2180.902517044288
1.5700000000000012,2180.869452327523
1.5720000000000012,2180.8364894415336
1.5740000000000012,2180.8034145132247
1.5760000000000012,2180.7702275428896
1.5780000000000012,2180.737035500682
1.5800000000000012,2180.7037312491375
1.5820000000000012,2180.6705288946396
1.5840000000000012,2180.637321330131
1.5860000000000012,2180.6042156814297
1.5880000000000012,2180.571211696484
1.5900000000000012,2180.5383094383183
1.5920000000000012,2180.5054018584624
1.5940000000000012,2180.4725962422003
1.5960000000000012,2180.4396782564827
1.5980000000000012,2180.406862359338
1.6000000000000012,2180.373934106147
1.6020000000000012,2180.340786775397
1.6040000000000012,2180.3070987097267
1.6060000000000012,2180.2732987260256
1.6080000000000012,2180.2393865385725
1.6100000000000012,2180.205576398696
1.6120000000000012,2180.171868167236
1.6140000000000012,2180.1382618637854
1.6160000000000012,2180.1045427737517
1.6180000000000012,2180.0708183262286
1.6200000000000012,2180.0370886456535
1.6220000000000012,2180.003246288819
1.6240000000000012,2179.9692913497506
1.6260000000000012,2179.9347946560306
1.6280000000000012,2179.8999708777696
1.6300000000000012,2179.865034552587
1.6320000000000012,2179.83009284857
1.6340000000000012,2179.7951455703283
1.6360000000000012,2179.7601925987187
1.6380000000000012,2179.72534146528
1.6400000000000012,2179.6904845818394
1.6420000000000012,2179.65562195467
1.6440000000000012,2179.620753579451
1.6460000000000012,2179.585879459027
1.6480000000000012,2179.551107265825
1.6500000000000012,2179.5162216668705
1.6520000000000012,2179.4814380396956
1.6540000000000012,2179.4466486997376
1.6560000000000012,2179.4118536568512
1.6580000000000013,2179.3770529103153
1.6600000000000013,2179.3423542388878
1.6620000000000013,2179.3075421005765
1.6640000000000013,2179.272939709511
1.6660000000000013,2179.238331473773
1.6680000000000013,2179.20382529871
1.6700000000000013,2179.1693134251527
1.6720000000000013,2179.1347959796685
1.6740000000000013,2179.099626495084
1.6760000000000013,2179.0640205852446
1.6780000000000013,2179.02862509117
1.6800000000000013,2178.993115933821
1.6820000000000013,2178.957816863242
1.6840000000000013,2178.9224039470796
1.6860000000000013,2178.887093156254
1.6880000000000013,2178.8516684859355
1.6900000000000013,2178.8163459861103
1.6920000000000013,2178.781017634333
1.6940000000000013,2178.745683440533
1.6960000000000013,2178.7103434075875
1.6980000000000013,2178.6749975383377
1.7000000000000013,2178.639645832125
1.7020000000000013,2178.6042882881925
1.7040000000000013,2178.569033074908
1.7060000000000013,2178.533555813439
1.7080000000000013,2178.498072830727
1.7100000000000013,2178.46258407241
1.7120000000000013,2178.4270894949514
1.7140000000000013,2178.391589058096
1.7160000000000013,2178.3561910276844
1.7180000000000013,2178.3207869743464
1.7200000000000013,2178.285485174111
1.7220000000000013,2178.2501775794753
1.7240000000000013,2178.2146476397434
1.7260000000000013,2178.178679209181
1.7280000000000013,2178.14238058576
1.7300000000000013,2178.1059681531096
1.7320000000000013,2178.06944154514
1.7340000000000013,2178.0330173752423
1.7360000000000013,2177.996587100987
1.7380000000000013,2177.9601506564086
1.7400000000000013,2177.923816508386
1.7420000000000013,2177.8873676629614
1.7440000000000013,2177.8510211457055
1.7460000000000013,2177.8143433121886
1.7480000000000013,2177.777225817499
1.7500000000000013,2177.739994061206
1.7520000000000013,2177.702647706474
1.7540000000000013,2177.6652951200595
1.7560000000000013,2177.6280448023736
1.7580000000000013,2177.5907880670175
1.7600000000000013,2177.5534162029358
1.7620000000000013,2177.516255252132
1.7640000000000013,2177.4789791380294
1.7660000000000013,2177.441913791949
1.7680000000000013,2177.4049504846253
1.7700000000000014,2177.367980627982
1.7720000000000014,2177.3311131320374
1.7740000000000014,2177.2942392174186
1.7760000000000014,2177.2573589198623
1.7780000000000014,2177.2204722641395
1.7800000000000014,2177.183579271423
1.7820000000000014,2177.146788842727
1.7840000000000014,2177.1098832179177
1.7860000000000014,2177.073080214924
1.7880000000000014,2177.036161984171
1.7900000000000014,2176.999346503372
1.7920000000000014,2176.9623069308923
1.7940000000000014,2176.925370151635
1.7960000000000014,2176.888318066644
1.7980000000000014,2176.851477692078
1.8000000000000014,2176.8145219321723
1.8020000000000014,2176.7775598374033
1.8040000000000014,2176.7407005072323
1.8060000000000014,2176.7037257626184
1.8080000000000014,2176.6668538331405
1.8100000000000014,2176.629975610209
1.8120000000000014,2176.5930910966936
1.8140000000000014,2176.5562003028945
1.8160000000000014,2176.519303228055
1.8180000000000014,2176.4823998675583
1.8200000000000014,2176.4449448945807
1.8220000000000014,2176.40693829142
1.8240000000000014,2176.3689259373327
1.8260000000000014,2176.3307981770963
1.8280000000000014,2176.292118093793
1.8300000000000014,2176.253322614822
1.8320000000000014,2176.2145207146536
1.8340000000000014,2176.175712156698
1.8360000000000014,2176.136896831491
1.8380000000000014,2176.0979652337346
1.8400000000000014,2176.059136134095
1.8420000000000014,2176.0204095416425
1.8440000000000014,2175.9815665299093
1.8460000000000014,2175.942826055009
1.8480000000000014,2175.9039691233106
1.8500000000000014,2175.8652147656408
1.8520000000000014,2175.826453469146
1.8540000000000014,2175.7877948154805
1.8560000000000014,2175.749019661648
1.8580000000000014,2175.7102375848613
1.8600000000000014,2175.6717771820377
1.8620000000000014,2175.6334192672957
1.8640000000000014,2175.595054327132
1.8660000000000014,2175.556682466526
1.8680000000000014,2175.518303870554
1.8700000000000014,2175.479808948456
1.8720000000000014,2175.441307414367
1.8740000000000014,2175.4025798083053
1.8760000000000014,2175.3638455493015
1.8780000000000014,2175.3252143541713
1.8800000000000014,2175.286576280511
1.8820000000000014,2175.248041014582
1.8840000000000015,2175.2094987499227
1.8860000000000015,2175.171059440905
1.8880000000000015,2175.132723179096
1.8900000000000015,2175.09427019716
1.8920000000000015,2175.0558104268507
1.8940000000000015,2175.0171242913216
1.8960000000000015,2174.9779922999746
1.8980000000000015,2174.938744136993
1.9000000000000015,2174.899269431056
1.9020000000000015,2174.8598979716216
1.9040000000000015,2174.8204095052565
1.9060000000000015,2174.781024077491
1.9080000000000015,2174.741631574056
1.9100000000000015,2174.702342105938
1.9120000000000015,2174.662935433196
1.9140000000000015,2174.6235216701275
1.9160000000000015,2174.584100862113
1.9180000000000015,2174.544673190177
1.9200000000000015,2174.50501818043
1.9220000000000015,2174.4654664068876
1.9240000000000015,2174.425797317224
1.9260000000000015,2174.3862313896243
1.9280000000000015,2174.3465481390617
1.9300000000000015,2174.3062108946647
1.9320000000000015,2174.2657427651125
1.9340000000000015,2174.2251574265338
1.9360000000000015,2174.184675119078
1.9380000000000015,2174.144295708287
1.9400000000000015,2174.1040192033606
1.9420000000000015,2174.063735218548
1.9440000000000015,2174.023443776029
1.9460000000000015,2173.9831449566336
1.9480000000000015,2173.9430594589717
1.9500000000000015,2173.903076833186
1.9520000000000015,2173.8631972202083
1.9540000000000015,2173.8231997139856
1.9560000000000015,2173.783195016169
1.9580000000000015,2173.743072522651
1.9600000000000015,2173.703053406949
1.9620000000000015,2173.662916382534
1.9640000000000015,2173.622882731068
1.9660000000000015,2173.582731325109
1.9680000000000015,2173.5424620954373
1.9700000000000015,2173.5018539526395
1.9720000000000015,2173.4609070991314
1.9740000000000015,2173.419731923004
1.9760000000000015,2173.378438798909
1.9780000000000015,2173.3372490547554
1.9800000000000015,2173.2960517417487
1.9820000000000015,2173.254846779853
1.9840000000000015,2173.213634128322
1.9860000000000015,2173.17252467286
1.9880000000000015,2173.1312966235864
1.9900000000000015,2173.090282555169
1.9920000000000015,2173.049371585568
1.9940000000000015,2173.0084528492052
1.9960000000000016,2172.967526428077
1.9980000000000016,2172.9265923605435
2.0000000000000013,2172.885761728403
2.002000000000001,2172.844812460549
2.004000000000001,2172.8039666947598
2.0060000000000007,2172.763002273582
2.0080000000000005,2172.722141397285
2.0100000000000002,2172.6812729682542
2.012,2172.6403969933776
2.014,2172.5994025040372
2.0159999999999996,2172.558289465617
2.0179999999999993,2172.5171689840986
2.019999999999999,2172.476040982513
2.021999999999999,2172.4349054037352
2.0239999999999987,2172.3937622265894
2.0259999999999985,2172.352722737534
2.0279999999999982,2172.3115643206897
2.029999999999998,2172.2703982779253
2.031999999999998,2172.2288911906676
2.0339999999999976,2172.1869317458627
2.0359999999999974,2172.1449649894334
2.037999999999997,2172.102990598704
2.039999999999997,2172.061119845833
2.0419999999999967,2172.0191297370307
2.0439999999999965,2171.9773545278563
2.0459999999999963,2171.935571392744
2.047999999999996,2171.8933349523595
2.049999999999996,2171.850868108721
2.0519999999999956,2171.8082820967875
2.0539999999999954,2171.765688272516
2.055999999999995,2171.7230864933135
2.057999999999995,2171.6804766526216
2.0599999999999947,2171.6378586843684
2.0619999999999945,2171.595121089476
2.0639999999999943,2171.5523755211166
2.065999999999994,2171.509621905144
2.067999999999994,2171.466748409663
2.0699999999999936,2171.4239784861784
2.0719999999999934,2171.3812003526455
2.073999999999993,2171.3385258133194
2.075999999999993,2171.2957312402336
2.0779999999999927,2171.253040305692
2.0799999999999925,2171.2102292875857
2.0819999999999923,2171.1675219563695
2.083999999999992,2171.124806425262
2.085999999999992,2171.0820827051643
2.0879999999999916,2171.0394627629526
2.0899999999999914,2170.996722669858
2.091999999999991,2170.9539743959785
2.093999999999991,2170.911329972556
2.0959999999999908,2170.8686773879617
2.0979999999999905,2170.8260166161353
2.0999999999999903,2170.7834595713693
2.10199999999999,2170.7410063119696
2.10399999999999,2170.698656970196
2.1059999999999897,2170.656187344435
2.1079999999999894,2170.6137096132343
2.109999999999989,2170.5712240272405
2.111999999999989,2170.5285062305716
2.1139999999999888,2170.4856684271545
2.1159999999999886,2170.4428227288577
2.1179999999999883,2170.399969006518
2.119999999999988,2170.357219396136
2.121999999999988,2170.3145736083134
2.1239999999999877,2170.2718074082236
2.1259999999999875,2170.2286966392858
2.1279999999999872,2170.1852410982156
2.129999999999987,2170.141890078801
2.131999999999987,2170.098418522679
2.1339999999999866,2170.054938705705
2.1359999999999864,2170.011001478858
2.137999999999986,2169.966606686107
2.139999999999986,2169.9222039038095
2.1419999999999857,2169.87779278559
2.1439999999999855,2169.8333731052667
2.1459999999999853,2169.7889447238385
2.147999999999985,2169.744507573036
2.149999999999985,2169.700174258877
2.1519999999999846,2169.6558321582293
2.1539999999999844,2169.61159378738
2.155999999999984,2169.567459152298
2.157999999999984,2169.5232031557716
2.1599999999999837,2169.4788258556523
2.1619999999999835,2169.4345527577884
2.1639999999999833,2169.3901582547933
2.165999999999983,2169.3457550721037
2.167999999999983,2169.301343157805
2.1699999999999826,2169.257035357051
2.1719999999999824,2169.2127188240547
2.173999999999982,2169.168280649427
2.175999999999982,2169.123946637763
2.1779999999999817,2169.0797168373933
2.1799999999999815,2169.035365351527
2.1819999999999813,2168.9911181393913
2.183999999999981,2168.9467492026383
2.185999999999981,2168.9024845809113
2.1879999999999806,2168.858211258968
2.1899999999999804,2168.8138163148233
2.19199999999998,2168.769412843556
2.19399999999998,2168.7248876500603
2.1959999999999797,2168.6804669289095
2.1979999999999795,2168.6360375069808
2.1999999999999793,2168.5914861558485
2.201999999999979,2168.547039437517
2.203999999999979,2168.5019054859918
2.2059999999999786,2168.4565369839256
2.2079999999999784,2168.4112730614024
2.209999999999978,2168.366113363366
2.211999999999978,2168.3210578494227
2.2139999999999778,2168.2761065896725
2.2159999999999775,2168.231146306203
2.2179999999999773,2168.1861770442765
2.219999999999977,2168.1411988235914
2.221999999999977,2168.0962116638593
2.2239999999999767,2168.0512155720344
2.2259999999999764,2168.006210550768
2.227999999999976,2167.9611965984914
2.229999999999976,2167.916287253625
2.231999999999976,2167.8712554484537
2.2339999999999756,2167.8263283011634
2.2359999999999753,2167.781392257186
2.237999999999975,2167.7364473150155
2.239999999999975,2167.6910395419577
2.2419999999999747,2167.6451690996664
2.2439999999999745,2167.5991766070943
2.2459999999999742,2167.553175372098
2.247999999999974,2167.5071651177936
2.249999999999974,2167.461145678936
2.2519999999999736,2167.4151170237983
2.2539999999999734,2167.368965513877
2.255999999999973,2167.322691039604
2.257999999999973,2167.2765211691776
2.2599999999999727,2167.2303419959035
2.2619999999999725,2167.184153474748
2.2639999999999723,2167.138069273889
2.265999999999972,2167.0919757416136
2.267999999999972,2167.0457589782623
2.2699999999999716,2166.9996469114067
2.2719999999999714,2166.953411524833
2.273999999999971,2166.907280816841
2.275999999999971,2166.861140755963
2.2779999999999707,2166.814991340415
2.2799999999999705,2166.7689466744814
2.2819999999999703,2166.7224366460437
2.28399999999997,2166.6756896730494
2.28599999999997,2166.628819642671
2.2879999999999696,2166.5818262349408
2.2899999999999694,2166.534823413616
2.291999999999969,2166.4879252841743
2.293999999999969,2166.441131679061
2.2959999999999687,2166.394442478227
2.2979999999999685,2166.347857780074
2.2999999999999683,2166.301149186661
2.301999999999968,2166.254316858507
2.303999999999968,2166.2074751241007
2.3059999999999676,2166.1606239248204
2.3079999999999674,2166.1138776404146
2.309999999999967,2166.0670073717492
2.311999999999967,2166.020127523267
2.3139999999999668,2165.9733526018317
2.3159999999999665,2165.92645357647
2.3179999999999663,2165.8797739358743
2.319999999999966,2165.833084523795
2.321999999999966,2165.786499997565
2.3239999999999656,2165.740020491185
2.3259999999999654,2165.6934167616973
2.327999999999965,2165.647032766534
2.329999999999965,2165.60052455742
2.3319999999999648,2165.554121579276
2.3339999999999645,2165.5077091714174
2.3359999999999643,2165.4611725937066
2.337999999999964,2165.414741381978
2.339999999999964,2165.3683009125534
2.3419999999999637,2165.32162159882
2.3439999999999634,2165.2749330022666
2.3459999999999632,2165.227661748901
2.347999999999963,2165.1798076534315
2.349999999999963,2165.131829814005
2.3519999999999626,2165.083727717946
2.3539999999999623,2165.0357309138262
2.355999999999962,2164.987724247723
2.357999999999962,2164.9398226276962
2.3599999999999617,2164.89179596186
2.3619999999999615,2164.8435297007327
2.3639999999999612,2164.7947938506063
2.365999999999961,2164.7459333528363
2.367999999999961,2164.697063039023
2.3699999999999606,2164.6481826797135
2.3719999999999604,2164.599292040513
2.37399999999996,2164.5506213048325
2.37599999999996,2164.50194007318
2.3779999999999597,2164.453363670481
2.3799999999999595,2164.4047769144136
2.3819999999999593,2164.3561798611036
2.383999999999959,2164.307572526372
2.385999999999959,2164.2589549305517
2.3879999999999586,2164.210557672346
2.3899999999999584,2164.1622652098777
2.391999999999958,2164.114077680287
2.393999999999958,2164.0659953154404
2.3959999999999577,2164.017672076819
2.3979999999999575,2163.969338938913
2.3999999999999573,2163.920995845843
2.401999999999957,2163.872527177836
2.403999999999957,2163.824164000287
2.4059999999999566,2163.7757907218624
2.4079999999999564,2163.7274073360004
2.409999999999956,2163.6791294921795
2.411999999999956,2163.6307258778666
2.4139999999999557,2163.582312349587
2.4159999999999555,2163.5336574620196
2.4179999999999553,2163.4851082947903
2.419999999999955,2163.4365490419027
2.421999999999955,2163.3879796605206
2.4239999999999546,2163.339515942546
2.4259999999999544,2163.290926231542
2.427999999999954,2163.242557865746
2.429999999999954,2163.1941791412264
2.4319999999999538,2163.145906064465
2.4339999999999535,2163.097622813712
2.4359999999999533,2163.049329459738
2.437999999999953,2163.0011420179976
2.439999999999953,2162.9528285347683
2.4419999999999527,2162.904273372287
2.4439999999999524,2162.855128995137
2.445999999999952,2162.8056271328887
2.447999999999952,2162.7561155527555
2.4499999999999518,2162.7065938966794
2.4519999999999516,2162.656249912522
2.4539999999999513,2162.605663979087
2.455999999999951,2162.5550679440585
2.457999999999951,2162.5043451552788
2.4599999999999507,2162.4537278281005
2.4619999999999505,2162.403099573076
2.4639999999999502,2162.3525766422517
2.46599999999995,2162.3019263706756
2.46799999999995,2162.2513814553354
2.4699999999999496,2162.200825593675
2.4719999999999493,2162.1502587419004
2.473999999999949,2162.0999133630676
2.475999999999949,2162.049789577311
2.4779999999999487,2161.9996546575258
2.4799999999999485,2161.9496252592753
2.4819999999999482,2161.8995848546137
2.483999999999948,2161.849766543318
2.485999999999948,2161.799820919563
2.4879999999999476,2161.749748063559
2.4899999999999474,2161.6995482084894
2.491999999999947,2161.6492212683042
2.493999999999947,2161.598883749567
2.4959999999999467,2161.548535534451
2.4979999999999465,2161.498293282526
2.4999999999999463,2161.447923470553
2.501999999999946,2161.3976596025145
2.503999999999946,2161.347384912237
2.5059999999999456,2161.297099397424
2.5079999999999454,2161.2468030511004
2.509999999999945,2161.196612780637
2.511999999999945,2161.1462947939503
2.5139999999999447,2161.096082942674
2.5159999999999445,2161.045860305382
2.5179999999999443,2160.9956268843985
2.519999999999944,2160.945382682086
2.521999999999944,2160.8951277007836
2.5239999999999436,2160.8445114392766
2.5259999999999434,2160.793416838605
2.527999999999943,2160.7423119186255
2.529999999999943,2160.6910792118592
2.5319999999999427,2160.6399527857393
2.5339999999999425,2160.5886981431936
2.5359999999999423,2160.537549612525
2.537999999999942,2160.486390017862
2.539999999999942,2160.435219333388
2.5419999999999416,2160.3839202413474
2.5439999999999414,2160.332727316454
2.545999999999941,2160.2815232524117
2.547999999999941,2160.2303080420193
2.5499999999999408,2160.179081687625
2.5519999999999405,2160.12796161118
2.5539999999999403,2160.0767129634532
2.55599999999994,2160.0254532021236
2.55799999999994,2159.9739477802573
2.5599999999999397,2159.9219619362066
2.5619999999999394,2159.869847918351
2.563999999999939,2159.817722909988
2.565999999999939,2159.765586649402
2.5679999999999388,2159.7134390208994
2.5699999999999386,2159.6612799370027
2.5719999999999383,2159.609109338429
2.573999999999938,2159.557044903418
2.575999999999938,2159.504968934313
2.5779999999999377,2159.4528814283967
2.5799999999999375,2159.4007823831294
2.5819999999999372,2159.3486718005634
2.583999999999937,2159.2964321240115
2.585999999999937,2159.244181185913
2.5879999999999366,2159.191800988172
2.5899999999999364,2159.139527156654
2.591999999999936,2159.0873594908912
2.593999999999936,2159.0352980469906
2.5959999999999357,2158.9832249427004
2.5979999999999355,2158.931258277572
2.5999999999999353,2158.879162046414
2.601999999999935,2158.8271723867797
2.603999999999935,2158.775171265124
2.6059999999999346,2158.7225689366574
2.6079999999999344,2158.6697196055056
2.609999999999934,2158.616741027445
2.611999999999934,2158.5637510392016
2.6139999999999337,2158.5107494280314
2.6159999999999335,2158.4578543244806
2.6179999999999333,2158.4049474399203
2.619999999999933,2158.3520287428923
2.621999999999933,2158.2990982307224
2.6239999999999326,2158.246155891085
2.6259999999999324,2158.19320175008
2.627999999999932,2158.140117615141
2.629999999999932,2158.086903572719
2.6319999999999317,2158.0334411539625
2.6339999999999315,2157.979967101718
2.6359999999999313,2157.926481245318
2.637999999999931,2157.8731020301802
2.639999999999931,2157.819710678447
2.6419999999999306,2157.766662675239
2.6439999999999304,2157.713602311909
2.64599999999993,2157.6608855062673
2.64799999999993,2157.6081565400555
2.6499999999999297,2157.555534310559
2.6519999999999295,2157.5027815278527
2.6539999999999293,2157.4501357508475
2.655999999999929,2157.3974782840296
2.657999999999929,2157.3446903315476
2.6599999999999286,2157.2920095377754
2.6619999999999284,2157.2393170800137
2.663999999999928,2157.186612979794
2.665999999999928,2157.1331848052814
2.6679999999999278,2157.079389182212
2.6699999999999275,2157.0254634718003
2.6719999999999273,2156.9714071692374
2.673999999999927,2156.917457970521
2.675999999999927,2156.86349671198
2.6779999999999267,2156.809404515956
2.6799999999999264,2156.7551812554284
2.681999999999926,2156.700945892565
2.683999999999926,2156.6468174780007
2.685999999999926,2156.5925576176414
2.6879999999999256,2156.537809505699
2.6899999999999253,2156.4828113366048
2.691999999999925,2156.4276819305533
2.693999999999925,2156.372540226678
2.6959999999999247,2156.3173861394507
2.6979999999999245,2156.26221961732
2.6999999999999242,2156.2070403493985
2.701999999999924,2156.1519676613702
2.703999999999924,2156.096882178213
2.7059999999999236,2156.0419033979238
2.7079999999999234,2155.98691190535
2.709999999999923,2155.931907736532
2.711999999999923,2155.8768908982206
2.7139999999999227,2155.8218613971485
2.7159999999999225,2155.766938780088
2.7179999999999223,2155.7121230080875
2.719999999999922,2155.6572944963423
2.721999999999922,2155.602453315358
2.7239999999999216,2155.5474800587604
2.7259999999999214,2155.4924943971764
2.727999999999921,2155.437615795348
2.729999999999921,2155.3828442581453
2.7319999999999207,2155.328060066297
2.7339999999999205,2155.2732632707553
2.7359999999999203,2155.218573795157
2.73799999999992,2155.1637519090455
2.73999999999992,2155.1090374406826
2.7419999999999196,2155.05431049
2.7439999999999194,2154.9994510822844
2.745999999999919,2154.9446991750924
2.747999999999919,2154.8900548324286
2.7499999999999187,2154.835277981546
2.7519999999999185,2154.7806086545525
2.7539999999999183,2154.7260467464844
2.755999999999918,2154.6714722154215
2.757999999999918,2154.617005329484
2.7599999999999176,2154.5625260371735
2.7619999999999174,2154.508034434804
2.763999999999917,2154.453410389938
2.765999999999917,2154.398653997163
2.7679999999999167,2154.3437651123413
2.7699999999999165,2154.2883834792306
2.7719999999999163,2154.2326292882008
2.773999999999916,2154.176141794819
2.775999999999916,2154.1190408922153
2.7779999999999156,2154.0619278793997
2.7799999999999154,2154.004681663825
2.781999999999915,2153.9475427851694
2.783999999999915,2153.8903905269576
2.7859999999999148,2153.8332247660474
2.7879999999999145,2153.7761660554283
2.7899999999999143,2153.7190938022554
2.791999999999914,2153.662128671211
2.793999999999914,2153.6050293658996
2.7959999999999137,2153.5480372476504
2.7979999999999134,2153.4910316398045
2.7999999999999132,2153.434012553898
2.801999999999913,2153.3769799915353
2.803999999999913,2153.320054772929
2.8059999999999126,2153.2631159520497
2.8079999999999123,2153.2064052056803
2.809999999999912,2153.14968089255
2.811999999999912,2153.0930640563984
2.8139999999999117,2153.036312888528
2.8159999999999115,2152.9795484700057
2.8179999999999112,2152.922650042711
2.819999999999911,2152.8657385637334
2.821999999999911,2152.808692845703
2.8239999999999106,2152.7517547319558
2.8259999999999104,2152.695166181172
2.82799999999991,2152.638685091472
2.82999999999991,2152.582311689727
2.8319999999999097,2152.5256827765816
2.8339999999999095,2152.4689195940773
2.8359999999999093,2152.4122645865723
2.837999999999909,2152.355475145851
2.839999999999909,2152.298793819051
2.8419999999999086,2152.2420992709517
2.8439999999999084,2152.1853914932058
2.845999999999908,2152.128670472284
2.847999999999908,2152.071936199779
2.8499999999999077,2152.0153101515043
2.8519999999999075,2151.9580642617047
2.8539999999999073,2151.900441365882
2.855999999999907,2151.8428056403036
2.857999999999907,2151.7851567014327
2.8599999999999066,2151.7276157318884
2.8619999999999064,2151.67018269725
2.863999999999906,2151.612492975825
2.865999999999906,2151.554789870569
2.8679999999999057,2151.4970733070263
2.8699999999999055,2151.4393432004513
2.8719999999999053,2151.381599491398
2.873999999999905,2151.3238421407736
2.875999999999905,2151.266071124635
2.8779999999999046,2151.208286439462
2.8799999999999044,2151.150609976782
2.881999999999904,2151.0925545634273
2.883999999999904,2151.0337549452775
2.8859999999999038,2150.97469847797
2.8879999999999035,2150.9156286030566
2.8899999999999033,2150.8565449188172
2.891999999999903,2150.7975692473715
2.893999999999903,2150.7384572882834
2.8959999999999027,2150.6794531887645
2.8979999999999024,2150.620312883958
2.899999999999902,2150.5611585322563
2.901999999999902,2150.501867814367
2.9039999999999018,2150.4426850928958
2.9059999999999016,2150.3834880468576
2.9079999999999013,2150.324643063757
2.909999999999901,2150.2657836470926
2.911999999999901,2150.2069097566637
2.9139999999999007,2150.148227697415
2.9159999999999004,2150.089447469118
2.9179999999999002,2150.0308979205515
2.9199999999999,2149.972211760719
2.9219999999999,2149.9135114868864
2.9239999999998996,2149.8549196722934
2.9259999999998993,2149.796191224522
2.927999999999899,2149.7375713075935
2.929999999999899,2149.6789373355987
2.9319999999998987,2149.6204119987437
2.9339999999998985,2149.5611374130717
2.9359999999998982,2149.5017268052648
2.937999999999898,2149.4420570321113
2.939999999999898,2149.382496008865
2.9419999999998976,2149.3229207668223
2.9439999999998974,2149.263454034571
2.945999999999897,2149.203850109561
2.947999999999897,2149.144231799195
2.9499999999998967,2149.0847220039236
2.9519999999998965,2149.0250748374856
2.9539999999998963,2148.965536217085
2.955999999999896,2148.9057374452777
2.957999999999896,2148.8458014771227
2.9599999999998956,2148.7858512103808
2.9619999999998954,2148.7258866102843
2.963999999999895,2148.665907600355
2.965999999999895,2148.6059140312723
2.9679999999998947,2148.5459058366214
2.9699999999998945,2148.4860062411776
2.9719999999998943,2148.4259687717336
2.973999999999894,2148.3660399689666
2.975999999999894,2148.3060965632462
2.9779999999998936,2148.2461385722427
2.9799999999998934,2148.186289375061
2.981999999999893,2148.126302220245
2.983999999999893,2148.066423926718
2.9859999999998927,2148.006407613058
2.9879999999998925,2147.9465002177953
2.9899999999998923,2147.8869483171356
2.991999999999892,2147.826888141231
2.993999999999892,2147.7664435948914
2.9959999999998916,2147.7057379172425
2.9979999999998914,2147.6450179320436
2.999999999999891,2147.58428334778
3.001999999999891,2147.523410567161
3.0039999999998908,2147.462399474531
3.0059999999998905,2147.4014973937956
3.0079999999998903,2147.340456633659
3.00999999999989,2147.279524707456
3.01199999999989,2147.2185777626014
3.0139999999998897,2147.1574921714255
3.0159999999998894,2147.096020373032
3.017999999999889,2147.034533925486
3.019999999999889,2146.97290861029
3.0219999999998888,2146.9112681878196
3.0239999999998886,2146.849736593696
3.0259999999998883,2146.7881897928723
3.027999999999888,2146.726503906469
3.029999999999888,2146.6646788171497
3.0319999999998877,2146.602838512216
3.0339999999998875,2146.540982929521
3.0359999999998872,2146.479112012058
3.037999999999887,2146.4173499794742
3.039999999999887,2146.3554482574714
3.0419999999998866,2146.293655431127
3.0439999999998864,2146.231847198278
3.045999999999886,2146.1701479387134
3.047999999999886,2146.1080604190092
3.0499999999998857,2146.045957784946
3.0519999999998855,2145.98383991083
3.0539999999998853,2145.921582157182
3.055999999999885,2145.859433462755
3.057999999999885,2145.7973938262608
3.0599999999998846,2145.7352140913504
3.0619999999998844,2145.673143451625
3.063999999999884,2145.610932626683
3.065999999999884,2145.5489555116046
3.0679999999998837,2145.487087365836
3.0699999999998835,2145.4254528844067
3.0719999999998833,2145.3640519174432
3.073999999999883,2145.3027599382376
3.075999999999883,2145.2415772729573
3.0779999999998826,2145.180379300654
3.0799999999998824,2145.1191661551447
3.081999999999882,2145.0579379120045
3.083999999999882,2144.996819579433
3.0859999999998817,2144.935561227933
3.0879999999998815,2144.8744128769604
3.0899999999998813,2144.8129995731706
3.091999999999881,2144.7515715054888
3.093999999999881,2144.6896286792594
3.0959999999998806,2144.627171440973
3.0979999999998804,2144.564324369783
3.09999999999988,2144.501462420636
3.10199999999988,2144.4378347869265
3.1039999999998797,2144.3738168868226
3.1059999999998795,2144.3095332399507
3.1079999999998793,2144.2453591827216
3.109999999999879,2144.1811690018126
3.111999999999879,2144.1169624462664
3.1139999999998786,2144.0528648561735
3.1159999999998784,2143.98887609224
3.117999999999878,2143.9251215894074
3.119999999999878,2143.8613505134826
3.1219999999998778,2143.7976885514827
3.1239999999998775,2143.7340102363214
3.1259999999998773,2143.6703156274666
3.127999999999877,2143.6066047415957
3.129999999999877,2143.543003285917
3.1319999999998767,2143.479385424254
3.1339999999998764,2143.4160026382506
3.135999999999876,2143.352603541588
3.137999999999876,2143.289188328464
3.139999999999876,2143.225631484279
3.1419999999998756,2143.1619329255273
3.1439999999998753,2143.098218411154
3.145999999999875,2143.0346137788315
3.147999999999875,2142.970867058687
3.1499999999998747,2142.9072301777346
3.1519999999998745,2142.8435772892262
3.1539999999998742,2142.779656385136
3.155999999999874,2142.7158455973345
3.157999999999874,2142.6518925780074
3.1599999999998736,2142.5880495134543
3.1619999999998734,2142.524190208543
3.163999999999873,2142.46044066283
3.165999999999873,2142.397179290968
3.1679999999998727,2142.3340275399246
3.1699999999998725,2142.2709857101354
3.1719999999998723,2142.2079278799697
3.173999999999872,2142.1442230135794
3.175999999999872,2142.0803764890934
3.1779999999998716,2142.016387946677
3.1799999999998714,2141.9523835058435
3.181999999999871,2141.888489494955
3.183999999999871,2141.824326384392
3.1859999999998707,2141.76014734118
3.1879999999998705,2141.6959522359107
3.1899999999998703,2141.6318674597105
3.19199999999987,2141.5678928537814
3.19399999999987,2141.5040284764245
3.1959999999998696,2141.440147676855
3.1979999999998694,2141.3762505044447
3.199999999999869,2141.3125906357
3.201999999999869,2141.248787718147
3.2039999999998687,2141.185095476554
3.2059999999998685,2141.121387035366
3.2079999999998683,2141.057662384217
3.209999999999868,2140.9941754528445
3.211999999999868,2140.9300381887324
3.2139999999998676,2140.865377817715
3.2159999999998674,2140.8005748976884
3.217999999999867,2140.7358830180765
3.219999999999867,2140.671301807148
3.2219999999998667,2140.606831061858
3.2239999999998665,2140.5424706988606
3.2259999999998663,2140.4783479499392
3.227999999999866,2140.4144629366165
3.229999999999866,2140.3504342596484
3.2319999999998656,2140.2863892021605
3.2339999999998654,2140.2225823342587
3.235999999999865,2140.1590136341983
3.237999999999865,2140.0956831012436
3.2399999999998648,2140.032590750224
3.2419999999998645,2139.9698640829765
3.2439999999998643,2139.9076306431402
3.245999999999864,2139.8451263703664
3.247999999999864,2139.7829886396958
3.2499999999998637,2139.721727005087
3.2519999999998634,2139.6626160801056
3.2539999999998632,2018.1107472365356
3.255999999999863,1926.1279388939665
3.257999999999863,1871.3259398345704
3.2599999999998626,1844.7624560596473
3.2619999999998623,1834.1709208804043
3.263999999999862,1830.9572009349743
3.265999999999862,1830.5711710702994
3.2679999999998617,1830.9593313591554
3.2699999999998615,1831.3293880492795
3.2719999999998612,1831.4453636280502
3.273999999999861,1831.2939259853724
3.275999999999861,1830.9299984397685
3.2779999999998606,1830.4155885378811
3.2799999999998604,1829.8019733143335
3.28199999999986,1829.1262968350234
3.28399999999986,1828.412823017126
3.2859999999998597,1827.6773383319528
3.2879999999998595,1826.9286928444778
3.2899999999998593,1826.1716294530447
3.291999999999859,1825.4099611138165
3.293999999999859,1824.6462410925508
3.2959999999998586,1823.8823965329793
3.2979999999998584,1823.117784256992
3.299999999999858,1822.352403681078
3.301999999999858,1821.585929974544
3.3039999999998577,1820.8177110433758
3.3059999999998575,1820.0483918501754
3.3079999999998573,1819.2782960884458
3.309999999999857,1818.5074231956994
3.311999999999857,1817.7360999062698
3.3139999999998566,1816.963999615043
3.3159999999998564,1816.1914503002852
3.317999999999856,1815.4184532847135
3.319999999999856,1814.6446801974341
3.3219999999998557,1813.8704608962526
3.3239999999998555,1813.0957967629088
3.3259999999998553,1812.3203576516016
3.327999999999855,1811.544143146388
3.329999999999855,1810.7664872867442
3.3319999999998546,1809.9870525843678
3.3339999999998544,1809.2065011205987
3.335999999999854,1808.4254999358654
3.337999999999854,1807.6447210641768
3.3399999999998538,1806.8641697866458
3.3419999999998535,1806.083514915234
3.3439999999998533,1805.301748551101
3.345999999999853,1804.518530825748
3.347999999999853,1803.7338577610046
3.3499999999998527,1802.948742386459
3.3519999999998524,1802.1625071550784
3.353999999999852,1801.3758305408637
3.355999999999852,1800.58838029366
3.3579999999998518,1799.7998010665729
3.3599999999998515,1799.0094134124517
3.3619999999998513,1798.219611116446
3.363999999999851,1797.4297149619374
3.365999999999851,1796.6393847389613
3.3679999999998507,1795.8482777313836
3.3699999999998504,1795.056739365636
3.3719999999998502,1794.2644257176903
3.37399999999985,1793.4699504991536
3.37599999999985,1792.674000708865
3.3779999999998496,1791.877268520521
3.3799999999998493,1791.0797542328903
3.381999999999849,1790.2814581886312
3.383999999999849,1789.4834302789402
3.3859999999998487,1788.6860272766432
3.3879999999998485,1787.887150700805
3.3899999999998482,1787.0871489296321
3.391999999999848,1786.2863730026886
3.393999999999848,1785.4844705206394
3.3959999999998476,1784.6821476379646
3.3979999999998474,1783.8790527326562
3.399999999999847,1783.0755416349102
3.401999999999847,1782.270194536097
3.4039999999998467,1781.4630064492621
3.4059999999998465,1780.654686415632
3.4079999999998463,1779.8466641160794
3.409999999999846,1779.0393049986442
3.411999999999846,1778.2315414628943
3.4139999999998456,1777.4233768022305
3.4159999999998454,1776.6148143742346
3.417999999999845,1775.8040531236616
3.419999999999845,1774.9918097867178
3.4219999999998447,1774.1784443148542
3.4239999999998445,1773.364319404051
3.4259999999998443,1772.5494369931355
3.427999999999844,1771.7341632735036
3.429999999999844,1770.9181375549897
3.4319999999998436,1770.10136208992
3.4339999999998434,1769.284205405323
3.435999999999843,1768.4666719780485
3.437999999999843,1767.6483989625265
3.4399999999998427,1766.829757197843
3.4419999999998425,1766.010382798882
3.4439999999998423,1765.1902788041948
3.445999999999842,1764.3694484008706
3.447999999999842,1763.5464118397135
3.4499999999998416,1762.7219074066898
3.4519999999998414,1761.896678929129
3.453999999999841,1761.070357681065
3.455999999999841,1760.2436925490947
3.4579999999998408,1759.4185599880286
3.4599999999998405,1758.5931032006802
3.4619999999998403,1757.767328654416
3.46399999999984,1756.9393632495617
3.46599999999984,1756.110333838558
3.4679999999998397,1755.2806210314764
3.4699999999998394,1754.4498526142656
3.471999999999839,1753.6184111512082
3.473999999999839,1752.7866816164249
3.4759999999998388,1751.9539130530343
3.4779999999998386,1751.1201100094677
3.4799999999998383,1750.284134194664
3.481999999999838,1749.4486572477801
3.483999999999838,1748.6136928683861
3.4859999999998377,1747.7784889675188
3.4879999999998375,1746.9430556874875
3.4899999999998372,1746.1070193415053
3.491999999999837,1745.2707736399966
3.493999999999837,1744.432788015737
3.4959999999998366,1743.5930663838908
3.4979999999998364,1742.7520000633447
3.499999999999836,1741.910370612639
3.501999999999836,1741.068189422117
3.5039999999998357,1740.225856684163
3.5059999999998355,1739.382608611693
3.5079999999998353,1738.5411836518144
3.509999999999835,1737.6988747449705
3.511999999999835,1736.8556934361497
3.5139999999998346,1736.0116521925706
3.5159999999998344,1735.1671560596876
3.517999999999834,1734.3218284016818
3.519999999999834,1733.4764696162017
3.5219999999998337,1732.6305454049832
3.5239999999998335,1731.7840036413122
3.5259999999998333,1730.9366961134126
3.527999999999833,1730.0874552371997
3.529999999999833,1729.2374811955153
3.5319999999998326,1728.3867937792245
3.5339999999998324,1727.5377932240895
3.535999999999832,1726.6901133286951
3.537999999999832,1725.8421941929619
3.5399999999998317,1724.9944578269942
3.5419999999998315,1724.1457358288599
3.5439999999998313,1723.2951890502475
3.545999999999831,1722.4441673768013
3.547999999999831,1721.593032584664
3.5499999999998306,1720.7414154076112
3.5519999999998304,1719.8897465185262
3.55399999999983,1719.038058941456
3.55599999999983,1718.1863869909537
3.5579999999998297,1717.334364834939
3.5599999999998295,1716.4828315647146
3.5619999999998293,1715.6318271347059
3.563999999999829,1714.7809906174348
3.565999999999829,1713.9307657253837
3.5679999999998286,1713.0803916044936
3.5699999999998284,1712.230717463793
3.571999999999828,1711.381387875582
3.573999999999828,1710.5324508475808
3.5759999999998278,1709.6823437414387
3.5779999999998275,1708.831519461518
3.5799999999998273,1707.9808382636086
3.581999999999827,1707.1303575475713
3.583999999999827,1706.280540208321
3.5859999999998267,1705.4326586910631
3.5879999999998264,1704.5867793798568
3.589999999999826,1703.7430261429045
3.591999999999826,1702.8993378189962
3.593999999999826,1702.0554360278345
3.5959999999998256,1701.2121995955904
3.5979999999998253,1700.3697056124618
3.599999999999825,1699.528034376774
3.601999999999825,1698.687670818034
3.6039999999998247,1697.8487005358586
3.6059999999998245,1697.011211931015
3.6079999999998242,1696.1752964683785
3.609999999999824,1695.3390467147804
3.611999999999824,1694.503764110572
3.6139999999998236,1693.6711506586087
3.6159999999998234,1692.8417088788601
3.617999999999823,1692.015144803197
3.619999999999823,1691.1907722332342
3.6219999999998227,1690.3687043884888
3.6239999999998225,1689.5490579826194
3.6259999999998223,1688.73155833039
3.627999999999822,1687.9147601369646
3.629999999999822,1687.1003679273044
3.6319999999998216,1686.2881293170221
3.6339999999998214,1685.4789654631168
3.635999999999821,1684.6726297090306
3.637999999999821,1683.8696552424467
3.6399999999998207,1683.0701888872886
3.6419999999998205,1682.275149999283
3.6439999999998203,1681.4846819710383
3.64599999999982,1680.6974081568699
3.64799999999982,1679.913493680542
3.6499999999998196,1679.133859468138
3.6519999999998194,1678.3587055123949
3.653999999999819,1677.5877504903804
3.655999999999819,1676.8215719270672
3.6579999999998187,1676.0599702469476
3.6599999999998185,1675.3034850102415
3.6619999999998183,1674.5508301109637
3.663999999999818,1673.8025595239278
3.665999999999818,1673.0592233420482
3.6679999999998176,1672.3213637359518
3.6699999999998174,1671.5895138173128
3.671999999999817,1670.8655956441535
3.673999999999817,1670.1486977085535
3.6759999999998167,1669.4382770917687
3.6779999999998165,1668.7348270790546
3.6799999999998163,1668.0364628382158
3.681999999999816,1667.3440374329482
3.683999999999816,1666.6580510338765
3.6859999999998156,1665.9789868757196
3.6879999999998154,1665.3069860156513
3.689999999999815,1664.6424997173867
3.691999999999815,1663.9853261320384
3.6939999999998148,1663.3355786975335
3.6959999999998145,1662.693667153835
3.6979999999998143,1662.0584474502523
3.699999999999814,1661.4309319842328
3.701999999999814,1660.8120823691227
3.7039999999998137,1660.2013427580719
3.7059999999998134,1659.5990247999064
3.7079999999998132,1659.0048435074805
3.709999999999813,1658.4185144247238
3.711999999999813,1657.8400271821265
3.7139999999998126,1657.2696287874876
3.7159999999998123,1656.7065688151702
3.717999999999812,1656.15004675757
3.719999999999812,1655.600924374518
3.7219999999998117,1655.0593817045644
3.7239999999998115,1654.5253148547845
3.7259999999998112,1653.998603293015
3.727999999999811,1653.4793549958986
3.729999999999811,1652.9676544387462
3.7319999999998106,1652.4638065718736
3.7339999999998104,1651.9673522925705
3.73599999999981,1651.4764239261017
3.73799999999981,1650.991758633771
3.7399999999998097,1650.5129098512061
3.7419999999998095,1650.0398817050145
3.7439999999998093,1649.5724373412202
3.745999999999809,1649.110550981529
3.747999999999809,1648.6539647505783
3.7499999999998086,1648.20220378836
3.7519999999998084,1647.7552191566685
3.753999999999808,1647.311681037971
3.755999999999808,1646.871548907553
3.7579999999998077,1646.4353969215913
3.7599999999998075,1646.002556880302
3.7619999999998073,1645.573804354863
3.763999999999807,1645.149083363093
3.765999999999807,1644.727530830022
3.7679999999998066,1644.30869524529
3.7699999999998064,1643.892531219554
3.771999999999806,1643.4780098875663
3.773999999999806,1643.0648968338776
3.7759999999998057,1642.6529817568116
3.7779999999998055,1642.2424577737263
3.7799999999998053,1641.8331382764325
3.781999999999805,1641.425038728107
3.783999999999805,1641.017798262492
3.7859999999998046,1640.6116436220993
3.7879999999998044,1640.2060415315807
3.789999999999804,1639.8010454040814
3.791999999999804,1647.9004609706374
3.7939999999998038,1647.8347121411005
3.7959999999998035,1647.7581071668567
3.7979999999998033,1647.6760150091964
3.799999999999803,1647.5913185019829
3.801999999999803,1647.5055859163876
3.8039999999998027,1647.4196659311028
3.8059999999998024,1647.333971166374
3.807999999999802,1647.2487547192768
3.809999999999802,1647.1640685738198
3.8119999999998018,1647.0798581194113
3.8139999999998015,1646.9961787493605
3.8159999999998013,1646.9130942245174
3.817999999999801,1646.8306274420083
3.819999999999801,1646.7487915366987
3.8219999999998007,1646.667593471669
3.8239999999998004,1646.587036194753
3.8259999999998002,1646.5071197081816
3.8279999999998,1646.427898690513
3.8299999999998,1646.3494453214316
3.8319999999997996,1646.2715566757854
3.8339999999997993,1646.1942684408218
3.835999999999799,1646.1176000720807
3.837999999999799,1646.041501563762
3.8399999999997987,1645.9660418850438
3.8419999999997985,1645.891172794617
3.8439999999997982,1645.8169147475685
3.845999999999798,1645.74326541121
3.847999999999798,1645.6702216840615
3.8499999999997976,1645.5977804571783
3.8519999999997974,1645.5258261782965
3.853999999999797,1645.4543521027272
3.855999999999797,1645.383424843089
3.8579999999997967,1645.3130485054492
3.8599999999997965,1645.2432475304622
3.8619999999997963,1645.174022913328
3.863999999999796,1645.105503968486
3.865999999999796,1645.0376515777648
3.8679999999997956,1644.9704179935964
3.8699999999997954,1644.9037722422456
3.871999999999795,1644.837627896646
3.873999999999795,1644.7719656516406
3.8759999999997947,1644.7068014817132
3.8779999999997945,1644.6421553860462
3.8799999999997943,1644.578029992224
3.881999999999794,1644.5144608016706
3.883999999999794,1644.4514129940796
3.8859999999997936,1644.3889027680495
3.8879999999997934,1644.3269276511487
3.889999999999793,1644.2654843777761
3.891999999999793,1644.2045286660282
3.8939999999997927,1644.1439893375318
3.8959999999997925,1644.083926271486
3.8979999999997923,1644.0243529627735
3.899999999999792,1643.9654023247642
3.901999999999792,1643.9070025724534
3.9039999999997916,1643.8491465777377
3.9059999999997914,1643.7918098610205
3.907999999999791,1643.7349843762024
3.909999999999791,1643.67867481131
3.9119999999997908,1643.622848930445
3.9139999999997905,1643.5674227576
3.9159999999997903,1643.512423628594
3.91799999999979,1643.457854126336
3.91999999999979,1643.403730872683
3.9219999999997897,1643.3500695678508
3.9239999999997894,1643.2968604114849
3.925999999999789,1643.2441270469208
3.927999999999789,1643.1918447833514
3.9299999999997888,1643.140023117926
3.9319999999997886,1643.0886596838561
3.9339999999997883,1643.0377380702234
3.935999999999788,1642.987281365877
3.937999999999788,1642.937275477679
3.9399999999997877,1642.887717274709
3.9419999999997875,1642.8385917193286
3.9439999999997872,1642.7899147118044
3.945999999999787,1642.7416624692733
3.947999999999787,1642.6938496027547
3.9499999999997866,1642.6464540702864
3.9519999999997864,1642.5994817529647
3.953999999999786,1642.552919805031
3.955999999999786,1642.5067526220441
3.9579999999997857,1642.4609236281335
3.9599999999997855,1642.415454717629
3.9619999999997852,1642.3703584584957
3.963999999999785,1642.3256404517117
3.965999999999785,1642.2813110512725
3.9679999999997846,1642.2373648568732
3.9699999999997844,1642.1938148988727
3.971999999999784,1642.150684491982
3.973999999999784,1642.1080032088987
3.9759999999997837,1642.0657525318009
3.9779999999997835,1642.0238819458393
3.9799999999997833,1641.982353240755
3.981999999999783,1641.9411575712743
3.983999999999783,1641.9003123880423
3.9859999999997826,1641.8598093490216
3.9879999999997824,1641.819664696662
3.989999999999782,1641.779869485797
3.991999999999782,1641.7404270870215
3.9939999999997817,1641.701336017308
3.9959999999997815,1641.6625899838282
3.9979999999997813,1641.6241901249973
3.999999999999781,1641.5861204444634
4.001999999999781,1641.5483373059435
4.003999999999781,1641.5108456884466
4.005999999999781,1641.4736584130565
4.007999999999781,1641.4367849354394
4.00999999999978,1641.400246465048
4.01199999999978,1641.3640811025236
4.01399999999978,1641.3282755740554
4.01599999999978,1641.2928220705862
4.0179999999997795,1641.2577016234272
4.019999999999779,1641.22290896688
4.021999999999779,1641.1884340696445
4.023999999999779,1641.1542228074031
4.025999999999779,1641.120275927352
4.027999999999778,1641.086599741992
4.029999999999778,1641.0531993148945
4.031999999999778,1641.0200828727366
4.033999999999778,1640.9872492309207
4.0359999999997775,1640.9547008962643
4.037999999999777,1640.9224372160297
4.039999999999777,1640.8904575199672
4.041999999999777,1640.8587599125726
4.043999999999777,1640.8273420732153
4.045999999999776,1640.7961820993662
4.047999999999776,1640.7652590671182
4.049999999999776,1640.7346027553488
4.051999999999776,1640.7042309773606
4.053999999999776,1640.6741431921046
4.055999999999775,1640.6443341212807
4.057999999999775,1640.6147962577388
4.059999999999775,1640.5855249199735
4.061999999999775,1640.5565135620925
4.0639999999997745,1640.5277578122684
4.065999999999774,1640.4992537693693
4.067999999999774,1640.47099960736
4.069999999999774,1640.442965463755
4.071999999999774,1640.4151402229888
4.073999999999773,1640.3875261735682
4.075999999999773,1640.360126452772
4.077999999999773,1640.3329495038133
4.079999999999773,1640.3059987398728
4.0819999999997725,1640.2792721752528
4.083999999999772,1640.2527736367883
4.085999999999772,1640.2265011439356
4.087999999999772,1640.2004551925454
4.089999999999772,1640.1746453206172
4.091999999999771,1640.1490904142636
4.093999999999771,1640.1237615509854
4.095999999999771,1640.0986412163725
4.097999999999771,1640.07372689063
4.0999999999997705,1640.0490122295741
4.10199999999977,1640.0245023673365
4.10399999999977,1640.0001935274943
4.10599999999977,1639.9760858563566
4.10799999999977,1639.95218211064
4.109999999999769,1639.9284768589976
4.111999999999769,1639.9049689225071
4.113999999999769,1639.8816600407836
4.115999999999769,1639.8585401195546
4.1179999999997685,1639.8356029997487
4.119999999999768,1639.81282697465
4.121999999999768,1639.7902089014085
4.123999999999768,1639.7677582418262
4.125999999999768,1639.745481221348
4.127999999999767,1639.723377691138
4.129999999999767,1639.7014489562112
4.131999999999767,1639.6797085598703
4.133999999999767,1639.6581785666688
4.1359999999997665,1639.6368490802786
4.137999999999766,1639.6157178584872
4.139999999999766,1639.5947731880221
4.141999999999766,1639.5739985161492
4.143999999999766,1639.5533759950474
4.145999999999765,1639.5328959613305
4.147999999999765,1639.5125606318086
4.149999999999765,1639.4923755561294
4.151999999999765,1639.4723392650076
4.1539999999997645,1639.4524609348136
4.155999999999764,1639.432728904642
4.157999999999764,1639.4131617105886
4.159999999999764,1639.393739776216
4.161999999999764,1639.374474700202
4.1639999999997634,1639.3553584572312
4.165999999999763,1639.336388898078
4.167999999999763,1639.317563172701
4.169999999999763,1639.298854073953
4.171999999999763,1639.2802639827053
4.173999999999762,1639.261806452443
4.175999999999762,1639.2434941188967
4.177999999999762,1639.2253393826318
4.179999999999762,1639.2073480619274
4.1819999999997615,1639.1895017674801
4.183999999999761,1639.171807792595
4.185999999999761,1639.1542521441238
4.187999999999761,1639.136837995063
4.189999999999761,1639.1195545896592
4.19199999999976,1639.1023997113148
4.19399999999976,1639.0853572145086
4.19599999999976,1639.06841612957
4.19799999999976,1639.051586029211
4.1999999999997595,1639.0348596811598
4.201999999999759,1639.0182424518696
4.203999999999759,1639.001745871819
4.205999999999759,1638.9853716824803
4.207999999999759,1638.969111984389
4.209999999999758,1638.9529659283342
4.211999999999758,1638.9369336564023
4.213999999999758,1638.921023134288
4.215999999999758,1638.9052283936774
4.2179999999997575,1638.8895527984591
4.219999999999757,1638.8739909779906
4.221999999999757,1638.8585260743096
4.223999999999757,1638.843155803601
4.225999999999757,1638.8279058404728
4.227999999999756,1638.812764885258
4.229999999999756,1638.797729791634
4.231999999999756,1638.7828068368876
4.233999999999756,1638.7679855527615
4.2359999999997555,1638.7532628181657
4.237999999999755,1638.738638472424
4.239999999999755,1638.7241277063972
4.241999999999755,1638.7097031092214
4.243999999999755,1638.6953834109815
4.245999999999754,1638.681156874199
4.247999999999754,1638.6669920794527
4.249999999999754,1638.652899868956
4.251999999999754,1638.6388896445096
4.2539999999997535,1638.6249663916997
4.255999999999753,1638.6111173408442
4.257999999999753,1638.597365146583
4.259999999999753,1638.5837081772543
4.261999999999753,1638.5701505490595
4.263999999999752,1638.5566960735143
4.265999999999752,1638.5433203404243
4.267999999999752,1638.5300384497361
4.269999999999752,1638.5168406758737
4.2719999999997516,1638.5037319635694
4.273999999999751,1638.4907007424702
4.275999999999751,1638.477739754027
4.277999999999751,1638.4648541464082
4.279999999999751,1638.452036979017
4.2819999999997505,1638.4392999739434
4.28399999999975,1638.4266336394921
4.28599999999975,1638.4140488120972
4.28799999999975,1638.40152415471
4.28999999999975,1638.3890906351062
4.291999999999749,1638.3767268941906
4.293999999999749,1638.3644315649722
4.295999999999749,1638.352203791331
4.297999999999749,1638.3400718701228
4.2999999999997485,1638.327985129154
4.301999999999748,1638.3159513508656
4.303999999999748,1638.3039777409865
4.305999999999748,1638.2920669996245
4.307999999999748,1638.2802198279237
4.309999999999747,1638.2684461348379
4.311999999999747,1638.2567339872971
4.313999999999747,1638.2450933813873
4.315999999999747,1638.2335123255164
4.3179999999997465,1638.222001406958
4.319999999999746,1638.210538718097
4.321999999999746,1638.1991486320246
4.323999999999746,1638.1878276180412
4.325999999999746,1638.1765936752022
4.327999999999745,1638.1654084676884
4.329999999999745,1638.154269073818
4.331999999999745,1638.143172977222
4.333999999999745,1638.132116545774
4.3359999999997445,1638.121115281774
4.337999999999744,1638.1101604453495
4.339999999999744,1638.099265087572
4.341999999999744,1638.0884178844724
4.343999999999744,1638.0776217276973
4.345999999999743,1638.0668763555784
4.347999999999743,1638.056193324908
4.349999999999743,1638.0455647855342
4.351999999999743,1638.035011889435
4.3539999999997425,1638.0245207503274
4.355999999999742,1638.0140775795437
4.357999999999742,1638.0036563267795
4.359999999999742,1637.9932676659855
4.361999999999742,1637.9829192237057
4.363999999999741,1637.9726045462685
4.365999999999741,1637.96233816491
4.367999999999741,1637.9521105235797
4.369999999999741,1637.941935717116
4.3719999999997405,1637.9317908967814
4.37399999999974,1637.92169810991
4.37599999999974,1637.9116622450786
4.37799999999974,1637.901677085854
4.37999999999974,1637.8917358896942
4.381999999999739,1637.8818636500005
4.383999999999739,1637.87205853946
4.385999999999739,1637.8621714029007
4.387999999999739,1637.8523835478866
4.3899999999997386,1637.84261296099
4.391999999999738,1637.832860231859
4.393999999999738,1637.8231511200804
4.395999999999738,1637.8134835158633
4.397999999999738,1637.8038625583329
4.3999999999997375,1637.794294496398
4.401999999999737,1637.7847627683134
4.403999999999737,1637.7752647906548
4.405999999999737,1637.7658094569751
4.407999999999737,1637.7563837853259
4.409999999999736,1637.747008779392
4.411999999999736,1637.7376711329348
4.413999999999736,1637.7283621078277
4.415999999999736,1637.7190450011185
4.4179999999997355,1637.7097549674102
4.419999999999735,1637.7004916672795
4.421999999999735,1637.691221206292
4.423999999999735,1637.6819920252988
4.425999999999735,1637.6727977097432
4.427999999999734,1637.6636372644903
4.429999999999734,1637.654502877203
4.431999999999734,1637.6454265145255
4.433999999999734,1637.636365894368
4.4359999999997335,1637.6273429173416
4.437999999999733,1637.6183550842095
4.439999999999733,1637.6093963700057
4.441999999999733,1637.6004723498927
4.443999999999733,1637.5915499944779
4.445999999999732,1637.5826587288252
4.447999999999732,1637.5737777550794
4.449999999999732,1637.5649221329786
4.451999999999732,1637.556081762876
4.4539999999997315,1637.5472691065768
4.455999999999731,1637.5384724690539
4.457999999999731,1637.529703815993
4.459999999999731,1637.5209509095023
4.461999999999731,1637.5122252145707
4.46399999999973,1637.5035263591878
4.46599999999973,1637.4948415524134
4.46799999999973,1637.4861833590694
4.46999999999973,1637.4775457917337
4.4719999999997295,1637.468944257719
4.473999999999729,1637.460331793892
4.475999999999729,1637.4517337481495
4.477999999999729,1637.4431245678213
4.479999999999729,1637.434522782816
4.481999999999728,1637.4259235093964
4.483999999999728,1637.417363317468
4.485999999999728,1637.4088245736089
4.487999999999728,1637.4003021197466
4.4899999999997275,1637.3917934621957
4.491999999999727,1637.3833010028668
4.493999999999727,1637.3748244013884
4.495999999999727,1637.366379298885
4.497999999999727,1637.357956812845
4.499999999999726,1637.3495632745107
4.501999999999726,1637.3412091136659
4.503999999999726,1637.332860290474
4.505999999999726,1637.3244900074192
4.507999999999726,1637.3161233290027
4.509999999999725,1637.307757531985
4.511999999999725,1637.2993992514698
4.513999999999725,1637.291039328541
4.515999999999725,1637.2826932330731
4.5179999999997245,1637.2743485860606
4.519999999999724,1637.2660192613216
4.521999999999724,1637.2576918029115
4.523999999999724,1637.2493910757971
4.525999999999724,1637.2410800504292
4.527999999999723,1637.232782519145
4.529999999999723,1637.224498706955
4.531999999999723,1637.216231162074
4.533999999999723,1637.2079729667412
4.5359999999997225,1637.199708807797
4.537999999999722,1637.191430840065
4.539999999999722,1637.183136966992
4.541999999999722,1637.1748269769273
4.543999999999722,1637.1665447148064
4.545999999999721,1637.1582573794537
4.547999999999721,1637.1499965730507
4.549999999999721,1637.141764315264
4.551999999999721,1637.1335285935763
4.5539999999997205,1637.1253083544514
4.55599999999972,1637.1171005867043
4.55799999999972,1637.1088907630644
4.55999999999972,1637.1006895604514
4.56199999999972,1637.0924961403286
4.563999999999719,1637.0843036541307
4.565999999999719,1637.0761261080474
4.567999999999719,1637.0679389870966
4.569999999999719,1637.0597314799713
4.5719999999997185,1637.0514911906841
4.573999999999718,1637.043253907039
4.575999999999718,1637.0350127536537
4.577999999999718,1637.0267592394687
4.579999999999718,1637.0184947242549
4.581999999999717,1637.0102462470877
4.583999999999717,1637.0019878393882
4.585999999999717,1636.9937197752517
4.587999999999717,1636.9854548789863
4.5899999999997165,1636.9771928644989
4.591999999999716,1636.968920360449
4.593999999999716,1636.9606496287456
4.595999999999716,1636.9523735360112
4.597999999999716,1636.9441062461885
4.599999999999715,1636.9358262945316
4.601999999999715,1636.9275464739721
4.603999999999715,1636.9192551140106
4.605999999999715,1636.910958135141
4.6079999999997145,1636.902665142774
4.609999999999714,1636.8943598153692
4.611999999999714,1636.886053258224
4.613999999999714,1636.8777451955414
4.615999999999714,1636.8694223510645
4.6179999999997134,1636.8610980234785
4.619999999999713,1636.852757846594
4.621999999999713,1636.8444151042015
4.623999999999713,1636.8360689692358
4.625999999999713,1636.8277067706563
4.627999999999712,1636.8193406571522
4.629999999999712,1636.8109698022602
4.631999999999712,1636.802612998199
4.633999999999712,1636.794218585059
4.6359999999997115,1636.785801183946
4.637999999999711,1636.777351335908
4.639999999999711,1636.7688664480895
4.641999999999711,1636.760378138487
4.643999999999711,1636.7518665148248
4.64599999999971,1636.7433452984026
4.64799999999971,1636.734803058447
4.64999999999971,1636.7262523807688
4.65199999999971,1636.7176941141786
4.6539999999997095,1636.7091151945483
4.655999999999709,1636.7005212340528
4.657999999999709,1636.691906939401
4.659999999999709,1636.6833116278967
4.661999999999709,1636.6747194819748
4.663999999999708,1636.6661279410212
4.665999999999708,1636.6575495564389
4.667999999999708,1636.6489592712344
4.669999999999708,1636.640329208281
4.6719999999997075,1636.6316609682192
4.673999999999707,1636.6229649512893
4.675999999999707,1636.6142470706018
4.677999999999707,1636.605512124846
4.679999999999707,1636.5967494979516
4.681999999999706,1636.5879732548626
4.683999999999706,1636.5791825681586
4.685999999999706,1636.5703668829437
4.687999999999706,1636.5615368313302
4.6899999999997055,1636.552692718894
4.691999999999705,1636.5438342864481
4.693999999999705,1636.534949358251
4.695999999999705,1636.5260371642107
4.697999999999705,1636.5171218288683
4.699999999999704,1636.508191061602
4.701999999999704,1636.4992317900255
4.703999999999704,1636.4902395568254
4.705999999999704,1636.4812055835287
4.7079999999997035,1636.4721319256848
4.709999999999703,1636.46301562789
4.711999999999703,1636.4538856431711
4.713999999999703,1636.444722182695
4.715999999999703,1636.4355390204244
4.717999999999702,1636.4263146059782
4.719999999999702,1636.417087046854
4.721999999999702,1636.407863158802
4.723999999999702,1636.398639082445
4.7259999999997016,1636.3894009641651
4.727999999999701,1636.3801533532958
4.729999999999701,1636.370890866864
4.731999999999701,1636.3615988785264
4.733999999999701,1636.352286993092
4.7359999999997004,1636.342968775073
4.7379999999997,1636.333614973215
4.7399999999997,1636.3242107020133
4.7419999999997,1636.314749318244
4.7439999999997,1636.3052545250173
4.745999999999699,1636.2957249461654
4.747999999999699,1636.2861530028076
4.749999999999699,1636.2765544088763
4.751999999999699,1636.2669306317384
4.7539999999996985,1636.2572814152327
4.755999999999698,1636.2475958535424
4.757999999999698,1636.2378855470986
4.759999999999698,1636.2281502430628
4.761999999999698,1636.2183785427508
4.763999999999697,1636.2085808168868
4.765999999999697,1636.1987573907795
4.767999999999697,1636.1889080132921
4.769999999999697,1636.179020241221
4.7719999999996965,1636.1691130455586
4.773999999999696,1636.1591714574276
4.775999999999696,1636.149178586306
4.777999999999696,1636.1391178665008
4.779999999999696,1636.129016225159
4.781999999999695,1636.1188605746215
4.783999999999695,1636.1086964328606
4.785999999999695,1636.0985207679823
4.787999999999695,1636.088341174568
4.7899999999996945,1636.0781362409505
4.791999999999694,1636.0678988567138
4.793999999999694,1636.0576467487094
4.795999999999694,1636.0473553773834
4.797999999999694,1636.0370240111633
4.799999999999693,1636.0266725061176
4.801999999999693,1636.0162799989198
4.803999999999693,1636.0058551130392
4.805999999999693,1635.995398769778
4.8079999999996925,1635.984899102603
4.809999999999692,1635.974374777295
4.811999999999692,1635.9638074312531
4.813999999999692,1635.9531647399897
4.815999999999692,1635.942472973097
4.817999999999691,1635.9317148106477
4.819999999999691,1635.9209205290765
4.821999999999691,1635.9100740106442
4.823999999999691,1635.8991887965524
4.8259999999996905,1635.8882669768172
4.82799999999969,1635.8773082991017
4.82999999999969,1635.8663036128987
4.83199999999969,1635.8552628134687
4.83399999999969,1635.8441850639863
4.835999999999689,1635.833060740026
4.837999999999689,1635.8219095552276
4.839999999999689,1635.8107107850944
4.841999999999689,1635.7994648825852
4.8439999999996886,1635.788190749436
4.845999999999688,1635.7768675442442
4.847999999999688,1635.7655099988856
4.849999999999688,1635.7541323222385
4.851999999999688,1635.742715523351
4.8539999999996875,1635.7312586346764
4.855999999999687,1635.7197450748893
4.857999999999687,1635.7081866106716
4.859999999999687,1635.6965865389845
4.861999999999687,1635.6849247160753
4.863999999999686,1635.6732296247596
4.865999999999686,1635.661502827253
4.867999999999686,1635.6497252871713
4.869999999999686,1635.637906178413
4.8719999999996855,1635.6260360071471
4.873999999999685,1635.6141324815026
4.875999999999685,1635.6021774927017
4.877999999999685,1635.5901794563554
4.879999999999685,1635.5781381305135
4.881999999999684,1635.5660448307233
4.883999999999684,1635.5539162447433
4.885999999999684,1635.541734695081
4.887999999999684,1635.5295034830424
4.8899999999996835,1635.5171990628078
4.891999999999683,1635.5048172328466
4.893999999999683,1635.4923653306
4.895999999999683,1635.4798479217516
4.897999999999683,1635.4672730868226
4.899999999999682,1635.4546373042583
4.901999999999682,1635.441951432855
4.903999999999682,1635.4292255524904
4.905999999999682,1635.4164343961993
4.9079999999996815,1635.4036039298478
4.909999999999681,1635.3907247689508
4.911999999999681,1635.377788916623
4.913999999999681,1635.364804570866
4.915999999999681,1635.3517769937757
4.91799999999968,1635.3387189287207
4.91999999999968,1635.3256592768619
4.92199999999968,1635.312570109857
4.92399999999968,1635.2994451781105
4.9259999999996795,1635.2862914247485
4.927999999999679,1635.2730744958922
4.929999999999679,1635.2597848026442
4.931999999999679,1635.2464091304512
4.933999999999679,1635.2329559157433
4.935999999999678,1635.2194302150185
4.937999999999678,1635.205840796813
4.939999999999678,1635.1921928293636
4.941999999999678,1635.1784884753977
4.9439999999996775,1635.1647223600085
4.945999999999677,1635.1509099819123
4.947999999999677,1635.1370360684452
4.949999999999677,1635.1231079214206
4.951999999999677,1635.109118576894
4.953999999999676,1635.0950825065124
4.955999999999676,1635.0809848697197
4.957999999999676,1635.0668387107798
4.959999999999676,1635.0526306176776
4.961999999999676,1635.0383599127842
4.963999999999675,1635.0240411281222
4.965999999999675,1635.009665704665
4.967999999999675,1634.9952240915984
4.969999999999675,1634.9807127207628
4.9719999999996745,1634.9660935124864
4.973999999999674,1634.9513840186305
4.975999999999674,1634.9365933415563
4.977999999999674,1634.92172120682
4.979999999999674,1634.9067872905662
4.981999999999673,1634.8917830705598
4.983999999999673,1634.8767167191218
4.985999999999673,1634.8615957188638
4.987999999999673,1634.846441122657
4.9899999999996725,1634.8312490226024
4.991999999999672,1634.8160289297296
4.993999999999672,1634.8007818607907
4.995999999999672,1634.7854877146738
4.997999999999672,1634.7701482674177
4.999999999999671,1634.7547571970908
5.001999999999671,1634.7393087825737
5.003999999999671,1634.7237963750572
5.005999999999671,1634.7082232376158
5.0079999999996705,1634.6925948300932
5.00999999999967,1634.6768988752988
5.01199999999967,1634.6611123693144
5.01399999999967,1634.645218569378
5.01599999999967,1634.6292226919625
5.017999999999669,1634.6131304933826
5.019999999999669,1634.5969611152507
5.021999999999669,1634.5807116104288
5.023999999999669,1634.5643965681911
5.0259999999996685,1634.5480084097921
5.027999999999668,1634.5315533622352
5.029999999999668,1634.515031803004
5.031999999999668,1634.4984441109495
5.033999999999668,1634.4817845984683
5.035999999999667,1634.4650640030775
5.037999999999667,1634.4482712522783
5.039999999999667,1634.4314109488341
5.041999999999667,1634.4144880395988
5.0439999999996665,1634.3974885997334
5.045999999999666,1634.3804254714244
5.047999999999666,1634.3632938577293
5.049999999999666,1634.3460892403778
5.051999999999666,1634.3288200289235
5.053999999999665,1634.3114692675927
5.055999999999665,1634.2940083038397
5.057999999999665,1634.276436060583
5.059999999999665,1634.258785227425
5.0619999999996645,1634.2410738478961
5.063999999999664,1634.2233006838671
5.065999999999664,1634.2054651081828
5.067999999999664,1634.1875601607865
5.069999999999664,1634.1695862990807
5.0719999999996634,1634.1515484964598
5.073999999999663,1634.1334563854164
5.075999999999663,1634.115310449561
5.077999999999663,1634.0971032546386
5.079999999999663,1634.0788324132764
5.081999999999662,1634.0604933574418
5.083999999999662,1634.042081583245
5.085999999999662,1634.023600537815
5.087999999999662,1634.0050439941695
5.0899999999996615,1633.9864141487396
5.091999999999661,1633.9677095333818
5.093999999999661,1633.9489311727618
5.095999999999661,1633.930078222384
5.097999999999661,1633.9111504612758
5.09999999999966,1633.8920997652212
5.10199999999966,1633.872913479693
5.10399999999966,1633.8536039327932
5.10599999999966,1633.834186297752
5.1079999999996595,1633.8146696167648
5.109999999999659,1633.7950666785557
5.111999999999659,1633.775379438366
5.113999999999659,1633.755610789102
5.115999999999659,1633.7357606012292
5.117999999999658,1633.715832276479
5.119999999999658,1633.6958221172686
5.121999999999658,1633.67573292402
5.123999999999658,1633.6555632146678
5.1259999999996575,1633.6353133886976
5.127999999999657,1633.6149838470267
5.129999999999657,1633.5945731073698
5.131999999999657,1633.5740798377187
5.133999999999657,1633.5535275676486
5.135999999999656,1633.5329399044012
5.137999999999656,1633.512311860409
5.139999999999656,1633.4916300689467
5.141999999999656,1633.4708845784664
5.1439999999996555,1633.4500664149782
5.145999999999655,1633.4291097141197
5.147999999999655,1633.4080060605165
5.149999999999655,1633.3867720370604
5.151999999999655,1633.3654237424332
5.153999999999654,1633.3439725583967
5.155999999999654,1633.3224274073514
5.157999999999654,1633.3008070366702
5.159999999999654,1633.2791211055028
5.1619999999996535,1633.2573684827018
5.163999999999653,1633.2355426168442
5.165999999999653,1633.2136388755523
5.167999999999653,1633.1916537371555
5.169999999999653,1633.1695854225584
5.171999999999652,1633.1474318194016
5.173999999999652,1633.1251927138976
5.175999999999652,1633.1028666249506
5.177999999999652,1633.0804546066765
5.1799999999996515,1633.0579551779842
5.181999999999651,1633.0353687603547
5.183999999999651,1633.0126945069267
5.185999999999651,1632.9899335295215
5.187999999999651,1632.9670830637206
5.1899999999996504,1632.9441462779207
5.19199999999965,1632.9210865824864
5.19399999999965,1632.8978576140805
5.19599999999965,1632.8744695013922
5.19799999999965,1632.850943983634
5.199999999999649,1632.8273001262683
5.201999999999649,1632.8035491443752
5.203999999999649,1632.7796978097265
5.205999999999649,1632.7557503550697
5.2079999999996485,1632.731707831411
5.209999999999648,1632.707571292248
5.211999999999648,1632.6833411552832
5.213999999999648,1632.659051491187
5.215999999999648,1632.6347348222878
5.217999999999647,1632.6103725848911
5.219999999999647,1632.5859495831767
5.221999999999647,1632.5614550773237
5.223999999999647,1632.5368770215355
5.2259999999996465,1632.5122113826599
5.227999999999646,1632.487454762592
5.229999999999646,1632.462605680353
5.231999999999646,1632.4376626537037
5.233999999999646,1632.412626121736
5.235999999999645,1632.387494601743
5.237999999999645,1632.3622678924494
5.239999999999645,1632.3369393771459
5.241999999999645,1632.3114095370822
5.2439999999996445,1632.2857025954386
5.245999999999644,1632.2598453028118
5.247999999999644,1632.2338756000079
5.249999999999644,1632.2078204232216
5.251999999999644,1632.1816759808062
5.253999999999643,1632.1554443026423
5.255999999999643,1632.129113123937
5.257999999999643,1632.1026906663988
5.259999999999643,1632.076176414274
5.2619999999996425,1632.0495580838826
5.263999999999642,1632.0228404919424
5.265999999999642,1631.9960227913302
5.267999999999642,1631.9691054243665
5.269999999999642,1631.942093232452
5.271999999999641,1631.914974751622
5.273999999999641,1631.8877553565983
5.275999999999641,1631.8604408745093
5.277999999999641,1631.8330185197312
5.2799999999996405,1631.805500908064
5.28199999999964,1631.777875445452
5.28399999999964,1631.750153914132
5.28599999999964,1631.72232326169
5.28799999999964,1631.694397025492
5.289999999999639,1631.6663526296395
5.291999999999639,1631.6380754589509
5.293999999999639,1631.6096016415456
5.295999999999639,1631.5809584044296
5.2979999999996386,1631.5521775407
5.299999999999638,1631.5232656484627
5.301999999999638,1631.4942437258876
5.303999999999638,1631.4651024183154
5.305999999999638,1631.435858680198
5.3079999999996375,1631.4064981412116
5.309999999999637,1631.3770369477463
5.311999999999637,1631.3474589472523
5.313999999999637,1631.3177807771506
5.315999999999637,1631.2879851463533
5.317999999999636,1631.2580891861103
5.319999999999636,1631.2280844150055
5.321999999999636,1631.1979693305386
5.323999999999636,1631.167736132421
5.3259999999996355,1631.1374016475866
5.327999999999635,1631.1069575521853
5.329999999999635,1631.076402344763
5.331999999999635,1631.0457364790477
5.333999999999635,1631.0149597581085
5.335999999999634,1630.9840719857393
5.337999999999634,1630.9530729663904
5.339999999999634,1630.9219618523514
5.341999999999634,1630.8906928799067
5.3439999999996335,1630.8591723446496
5.345999999999633,1630.8274793509984
5.347999999999633,1630.7956433087786
5.349999999999633,1630.76367641283
5.351999999999633,1630.7315742817495
5.353999999999632,1630.699351724414
5.355999999999632,1630.6670247525776
5.357999999999632,1630.6345121194686
5.359999999999632,1630.6018921293364
5.3619999999996315,1630.569143820228
5.363999999999631,1630.536290344147
5.365999999999631,1630.5033195633944
5.367999999999631,1630.470219455171
5.369999999999631,1630.4370139866603
5.37199999999963,1630.403690616432
5.37399999999963,1630.3702498040543
5.37599999999963,1630.3366783245058
5.37799999999963,1630.3030012446056
5.3799999999996295,1630.269204820646
5.381999999999629,1630.235290173487
5.383999999999629,1630.2012557940536
5.385999999999629,1630.1671021473712
5.387999999999629,1630.1328297001207
5.389999999999628,1630.0984362856373
5.391999999999628,1630.0639236893023
5.393999999999628,1630.0292904040066
5.395999999999628,1629.9943962185391
5.3979999999996275,1629.9592324351931
5.399999999999627,1629.9238438774833
5.401999999999627,1629.8882907522648
5.403999999999627,1629.8525743040516
5.405999999999627,1629.8167202585769
5.407999999999626,1629.780733024489
5.409999999999626,1629.744617017267
5.411999999999626,1629.7083726926435
5.413999999999626,1629.6720011693324
5.415999999999626,1629.6355029070903
5.417999999999625,1629.598877043912
5.419999999999625,1629.5621247055415
5.421999999999625,1629.525260062615
5.423999999999625,1629.4882523385577
5.4259999999996245,1629.451116882702
5.427999999999624,1629.4138534990104
5.429999999999624,1629.3764776337466
5.431999999999624,1629.3389572995145
5.433999999999624,1629.3013250656657
5.435999999999623,1629.2635463445552
5.437999999999623,1629.225655647835
5.439999999999623,1629.1876184366677
5.441999999999623,1629.1494691798537
5.4439999999996225,1629.111172055391
5.445999999999622,1629.0727621557432
5.447999999999622,1629.034225388609
5.449999999999622,1628.9955377293604
5.451999999999622,1628.9565465712174
5.453999999999621,1628.91730665502
5.455999999999621,1628.877853262526
5.457999999999621,1628.8382375013173
5.459999999999621,1628.7984524770447
5.4619999999996205,1628.7585424639162
5.46399999999962,1628.7184737740029
5.46599999999962,1628.6782853474235
5.46799999999962,1628.6379408535995
5.46999999999962,1628.5974792245963
5.471999999999619,1628.5568614781876
5.473999999999619,1628.5161265391935
5.475999999999619,1628.475254072488
5.477999999999619,1628.4342250844907
5.4799999999996185,1628.3930781607628
5.481999999999618,1628.3517944767873
5.483999999999618,1628.3103725087778
5.485999999999618,1628.2688120698604
5.487999999999618,1628.2270926648332
5.489999999999617,1628.1852558960966
5.491999999999617,1628.143280101705
5.493999999999617,1628.101165098629
5.495999999999617,1628.0589113745343
5.4979999999996165,1628.0165180790566
5.499999999999616,1627.9739850321198
5.501999999999616,1627.9313113843975
5.503999999999616,1627.8884982982297
5.505999999999616,1627.8455449264923
5.507999999999615,1627.8021984082177
5.509999999999615,1627.7585377252867
5.511999999999615,1627.7146016714494
5.513999999999615,1627.6704809169075
5.5159999999996145,1627.6261672725805
5.517999999999614,1627.581693651602
5.519999999999614,1627.537066568396
5.521999999999614,1627.4922885126514
5.523999999999614,1627.4473613058126
5.525999999999613,1627.4022861000558
5.527999999999613,1627.3570627044044
5.529999999999613,1627.3116902558825
5.531999999999613,1627.2661705848009
5.533999999999613,1627.2205014841406
5.535999999999612,1627.174683440176
5.537999999999612,1627.1287169410268
5.539999999999612,1627.0855683013974
5.541999999999612,1627.0748865102912
5.5439999999996115,1627.085287073741
5.545999999999611,1627.1072042704168
5.547999999999611,1627.1356503244829
5.549999999999611,1627.1674309054126
5.551999999999611,1627.2007686418035
5.55399999999961,1627.2342929048843
5.55599999999961,1627.2679341638514
5.55799999999961,1627.3015894785929
5.55999999999961,1627.3351672592323
5.5619999999996095,1627.3446108359542
5.563999999999609,1627.3391533150655
5.565999999999609,1627.3991432411533
5.567999999999609,1627.4258991000315
5.569999999999609,1627.4794262712498
5.571999999999608,1627.5011342628052
5.573999999999608,1627.5666929564918
5.575999999999608,1627.6263449013493
5.577999999999608,1627.6509783581
5.5799999999996075,1627.6537557619333
5.581999999999607,1627.7385064804137
5.583999999999607,1627.812208288499
5.585999999999607,1627.8452134364104
5.587999999999607,1627.8526048790939
5.589999999999606,1627.8450069790292
5.591999999999606,1627.951673083678
5.593999999999606,1628.0073650765255
5.595999999999606,1628.0891992372058
5.5979999999996055,1628.1272863993813
5.599999999999605,1628.1955375771236
5.601999999999605,1628.2256242031237
5.603999999999605,1628.2590452819131
5.605999999999605,1628.3795469407228
5.607999999999604,1628.4428709355643
5.609999999999604,1628.4679835954535
5.611999999999604,1628.4697665877763
5.613999999999604,1628.6537106203423
5.6159999999996035,1628.7761490755747
5.617999999999603,1628.8369203214831
5.619999999999603,1629.1090017935226
5.621999999999603,1629.2653287222217
5.623999999999603,1629.3438804025998
5.625999999999602,1629.3741086728292
5.627999999999602,1629.3762889797365
5.629999999999602,1629.36299944765
5.631999999999602,1629.3415473777213
5.6339999999996015,1629.3159341367582
5.635999999999601,1629.2882395992858
5.637999999999601,1629.2594980345957
5.639999999999601,1629.2302370829227
5.641999999999601,1629.2006646055297
5.6439999999996004,1629.1706254892476
5.6459999999996,1629.1402702156743
5.6479999999996,1629.109643364271
5.6499999999996,1629.0788079264632
5.6519999999996,1629.0478016488196
5.653999999999599,1629.0166363997555
5.655999999999599,1628.9853479251044
5.657999999999599,1628.9539205084432
5.659999999999599,1628.9223688742898
5.6619999999995985,1628.8906521219596
5.663999999999598,1628.85878483296
5.665999999999598,1628.8267662360051
5.667999999999598,1628.7945935571393
5.669999999999598,1628.668488363881
5.671999999999597,1628.4389626165434
5.673999999999597,1628.2820608465797
5.675999999999597,1628.1783085799573
5.677999999999597,1628.1076909538754
5.6799999999995965,1628.0560585045725
5.681999999999596,1628.0146187604862
5.683999999999596,1627.9783511146245
5.685999999999596,1627.9445725640094
5.687999999999596,1627.9128751751257
5.689999999999595,1627.8812258874243
5.691999999999595,1627.8494387183596
5.693999999999595,1627.8174170527616
5.695999999999595,1627.7852032364492
5.6979999999995945,1627.7527863865132
5.699999999999594,1627.7202116840115
5.701999999999594,1627.6874824380825
5.703999999999594,1627.654352639505
5.705999999999594,1627.6208389064957
5.707999999999593,1627.5870287835783
5.709999999999593,1627.5529917978338
5.711999999999593,1627.5187462376912
5.713999999999593,1627.4843036764737
5.7159999999995925,1627.4497185112416
5.717999999999592,1627.4149459335208
5.719999999999592,1627.3800118100191
5.721999999999592,1627.3449160259242
5.723999999999592,1627.3096337975674
5.725999999999591,1627.2742135176616
5.727999999999591,1627.2386055855968
5.729999999999591,1627.2028582838466
5.731999999999591,1627.1669214299825
5.7339999999995905,1627.1307924284645
5.73599999999959,1627.094522434721
5.73799999999959,1627.0580840378889
5.73999999999959,1627.0214519337674
5.74199999999959,1626.9846501472678
5.743999999999589,1626.9476771664463
5.745999999999589,1626.9105328241342
5.747999999999589,1626.8731898520412
5.749999999999589,1626.8356728453327
5.7519999999995886,1626.7979816220466
5.753999999999588,1626.7601146453371
5.755999999999588,1626.7220710488905
5.757999999999588,1626.6838234544236
5.759999999999588,1626.6454245232428
5.7619999999995875,1626.6068188533031
5.763999999999587,1626.5677837469439
5.765999999999587,1626.5282730265697
5.767999999999587,1626.4884111522017
5.769999999999587,1626.4482214058412
5.771999999999586,1626.407808563374
5.773999999999586,1626.367158089345
5.775999999999586,1626.326345399284
5.777999999999586,1626.285346658488
5.7799999999995855,1626.244187819772
5.781999999999585,1626.2028095061912
5.783999999999585,1626.1612374923207
5.785999999999585,1626.1194687628067
5.787999999999585,1626.0775030076923
5.789999999999584,1626.0353074152379
5.791999999999584,1625.9929111092392
5.793999999999584,1625.9503124043545
5.795999999999584,1625.907510966808
5.7979999999995835,1625.8644746332209
5.799999999999583,1625.8212325017548
5.801999999999583,1625.7777527277296
5.803999999999583,1625.734095727241
5.805999999999583,1625.6901979753618
5.807999999999582,1625.646058575328
5.809999999999582,1625.6017389735005
5.811999999999582,1625.5571745708887
5.813999999999582,1625.5123637640957
5.8159999999995815,1625.4673697243843
5.817999999999581,1625.4221267631224
5.819999999999581,1625.376633249492
5.821999999999581,1625.3308691576176
5.823999999999581,1625.2843802862049
5.82599999999958,1625.237365409624
5.82799999999958,1625.1899825311375
5.82999999999958,1625.1422892196879
5.83199999999958,1625.0943027764613
5.8339999999995795,1625.0460330083388
5.835999999999579,1624.9975188727535
5.837999999999579,1624.9487291295206
5.839999999999579,1624.899696973642
5.841999999999579,1624.8323665521439
5.843999999999578,1624.772386470073
5.845999999999578,1624.702571814258
5.847999999999578,1624.5720102281582
5.849999999999578,1624.4026839963678
5.8519999999995775,1624.285474404749
5.853999999999577,1624.2001800086484
5.855999999999577,1624.1329726200133
5.857999999999577,1624.0753817605796
5.859999999999577,1624.0226439979647
5.861999999999576,1623.9721592287237
5.863999999999576,1623.9226020149856
5.865999999999576,1623.873353458316
5.867999999999576,1623.8241035871072
5.869999999999576,1623.7746946684597
5.871999999999575,1623.725064673711
5.873999999999575,1623.675185139027
5.875999999999575,1623.6250806531596
5.877999999999575,1623.5747445734626
5.8799999999995745,1623.5241339236848
5.881999999999574,1623.4732868926474
5.883999999999574,1623.422160084126
5.885999999999574,1623.3708344931686
5.887999999999574,1623.3192270336194
5.889999999999573,1623.2673358967331
5.891999999999573,1623.2146442598057
5.893999999999573,1623.1613485092596
5.895999999999573,1623.047240761332
5.8979999999995725,1622.968957125463
5.899999999999572,1622.6235151976007
5.901999999999572,1622.258928073682
5.903999999999572,1622.0328331090936
5.905999999999572,1621.8896567442582
5.907999999999571,1621.7924370099802
5.909999999999571,1621.7193636976965
5.911999999999571,1621.6583677860704
5.913999999999571,1621.6031033815007
5.9159999999995705,1621.550372643913
5.91799999999957,1621.4986478116048
5.91999999999957,1621.4471698003886
5.92199999999957,1621.395719347195
5.92399999999957,1621.3441211148406
5.925999999999569,1621.2923083607652
5.927999999999569,1621.2403456863397
5.929999999999569,1621.1880706336037
5.931999999999569,1621.135621353686
5.9339999999995685,1621.082946667889
5.935999999999568,1621.0299938751846
5.937999999999568,1620.9768600651084
5.939999999999568,1620.9234455511194
5.941999999999568,1620.8698482418658
5.943999999999567,1620.8159676058265
5.945999999999567,1620.7618510969285
5.947999999999567,1620.7074989858907
5.949999999999567,1620.6529101491008
5.9519999999995665,1620.5980820672164
5.953999999999566,1620.5430149945007
5.955999999999566,1620.4877070946334
5.957999999999566,1620.4321565249497
5.959999999999566,1620.376363522868
5.961999999999565,1620.3202739260882
5.963999999999565,1620.2639902703322
5.965999999999565,1620.2074072428338
5.967999999999565,1620.1499488153465
5.9699999999995645,1620.0917603234466
5.971999999999564,1620.0330744794367
5.973999999999564,1619.9740774518757
5.975999999999564,1619.3793898563754
5.977999999999564,1619.017332362223
5.979999999999563,1618.798142285221
5.981999999999563,1618.659170282307
5.983999999999563,1618.5625986787845
5.985999999999563,1618.4874048078084
5.987999999999563,1618.4225325744492
5.989999999999562,1618.362289940887
5.991999999999562,1618.3040246866979
5.993999999999562,1618.2464102138315
5.995999999999562,1618.1551499015932
5.9979999999995615,1618.0790850267158
5.999999999999561,1618.0116484552616
