time,value
0.0,0.02227041234424532
0.05,0.022137409589682085
