time,value
0.0,0.012669591368940697
0.05,0.012524266540398146
