time,value
0.0,1.0044488789309247
0.005,0.8846619891558307
0.01,0.8643147402482703
0.015,1.291986634713091
