time,value
0.0,0.19092679388943914
0.005,0.17918087141482117
0.01,0.17710830243923886
0.015,0.2165369279678609
