time,value
0.0,0.40544994395150846
0.005,0.40493850740788095
0.01,0.40443795449563463
0.015,0.6059115832201506
