time,value
0.0,0.12130301151426127
0.005,0.1212264812665398
0.01,0.12115153281046162
0.015,0.14828853959467292
