time,value
0.0,204.47557836273592
0.005,365.2372512390983
0.01,410.47305192013687
0.015,882.110878071191
