time,value
0.0,1548.3724207884713
0.005,1814.6784561083628
0.01,1842.5108802028108
0.015,2786.8134429074744
