Time (s),P_cc (Pa)
0,4.82633e6
0.5,4.13685e6
1,3.67491e6
1.5,3.27501e6
2,3.03369e6
4.5,1.37895e6