Time (s),P_cc (Pa)
0,5.17107e6
0.1,5.10212e6
0.225,3.99896e6
0.25,3.93001e6
1.1,4.13685e6
3.25,2.82685e6
4,1.37895e6
4.8,0
