Time (s),P_cc (Pa)
0,0
0.2,2.58553e6
1.75,2.41317e6
2.5,2.06843e6
3.75,1.37895e6
4.8,0