time,value
0.0,0.9768197526323878
0.003,0.8525792883014479
0.006,0.7489367061161566
0.009000000000000001,1.038427810809634
0.012,0.9389516878838028
