time,value
0.0,0.3992407774984478
0.003,0.35508067194933224
0.006,0.3206024509353623
0.009000000000000001,0.29460591937569297
0.012,0.24548402599864813
