time,value
0.0,1.3760605301308355
0.003,1.2076599602507803
0.006,1.069539157051519
0.009000000000000001,1.333033730185327
0.012,1.1844357138824508
