time,value
0.0,416.144368957044
0.003,784.09804989468
0.006,1035.4728340002182
0.009000000000000001,1481.228535583914
0.012,1786.0135223510968
